[    1782ms] [ERROR] Unexpected hydration error Minified React error #418; visit https://react.dev/errors/418?args[]=HTML&args[]= for the full message or use the non-minified dev environment for full errors and additional helpful warnings. 
    at Suspense (<anonymous>)
    at _ (https://s.pinimg.com/webapp/37814.ko_KR-8b8e1d3e1e24c9a4.mjs:40:53522)
    at oX (https://s.pinimg.com/webapp/www/_client.ko_KR-71dde8a8e6355817.mjs:236:11398)
    at rw (https://s.pinimg.com/webapp/www/_client.ko_KR-71dde8a8e6355817.mjs:236:17812)
    at rC (https://s.pinimg.com/webapp/www/_client.ko_KR-71dde8a8e6355817.mjs:236:21319)
    at uw (https://s.pinimg.com/webapp/www/_client.ko_KR-71dde8a8e6355817.mjs:397:90834)
    at reduxProvider (https://s.pinimg.com/webapp/www/_client.ko_KR-71dde8a8e6355817.mjs:401:163111)
    at https://s.pinimg.com/webapp/www/_client.ko_KR-71dde8a8e6355817.mjs:401:146204
    at fA (https://s.pinimg.com/webapp/www/_client.ko_KR-71dde8a8e6355817.mjs:401:115065)
    at fS (https://s.pinimg.com/webapp/www/_client.ko_KR-71dde8a8e6355817.mjs:401:115143)
    at fc (https://s.pinimg.com/webapp/www/_client.ko_KR-71dde8a8e6355817.mjs:401:111837)
    at v (https://s.pinimg.com/webapp/63151.ko_KR-3af159aa2b11f79c.mjs:1:13898)
    at a (https://s.pinimg.com/webapp/37814.ko_KR-8b8e1d3e1e24c9a4.mjs:40:24119)
    at e.exports (https://s.pinimg.com/webapp/vendor-react-c7a0a1d6d76cab14.mjs:9:69109)
    at s (https://s.pinimg.com/webapp/28280.ko_KR-8e34845283cd2abb.mjs:1:94339)
    at f (https://s.pinimg.com/webapp/37814.ko_KR-8b8e1d3e1e24c9a4.mjs:40:18559)
    at fl (https://s.pinimg.com/webapp/www/_client.ko_KR-71dde8a8e6355817.mjs:401:112444)
    at tF (https://s.pinimg.com/webapp/vendor-react-c7a0a1d6d76cab14.mjs:14:6486)
    at tN (https://s.pinimg.com/webapp/vendor-react-c7a0a1d6d76cab14.mjs:14:4430)
    at https://s.pinimg.com/webapp/vendor-react-c7a0a1d6d76cab14.mjs:14:12631
    at t5 (https://s.pinimg.com/webapp/vendor-react-c7a0a1d6d76cab14.mjs:14:13641)
    at tJ (https://s.pinimg.com/webapp/vendor-react-c7a0a1d6d76cab14.mjs:14:9012)
    at Suspense (<anonymous>) @ https://s.pinimg.com/webapp/www/_client.ko_KR-71dde8a8e6355817.mjs:400
[    2018ms] [WARNING] [GSI_LOGGER]: Your client application uses one of the Google One Tap prompt UI status methods that may stop functioning when FedCM becomes mandatory. Refer to the migration guide to update your code accordingly and opt-in to FedCM to test your changes. Learn more: https://developers.google.com/identity/gsi/web/guides/fedcm-migration?s=dc#display_moment and https://developers.google.com/identity/gsi/web/guides/fedcm-migration?s=dc#skipped_moment @ https://accounts.google.com/gsi/client?hl=ko:86
[    2058ms] [ERROR] Not signed in with the identity provider. @ https://kr.pinterest.com/search/pins/?q=minimalist%20s%20curve%20wave%20spine%20logo%20symbol%20flat%20vector%20black%20white:0
[    2739ms] [ERROR] Failed to load resource: the server responded with a status of 404 () @ https://kr.pinterest.com/secure/unauth_user_data/:0
[    2899ms] [ERROR] [GSI_LOGGER]: FedCM get() rejects with NetworkError: Error retrieving a token. @ https://accounts.google.com/gsi/client?hl=ko:87
[    4546ms] [WARNING] The resource https://i.pinimg.com/236x/6f/42/b1/6f42b1c35942b13f94fedead35c2a51b.jpg was preloaded using link preload but not used within a few seconds from the window's load event. Please make sure it has an appropriate `as` value and it is preloaded intentionally. @ https://kr.pinterest.com/search/pins/?q=minimalist%20s%20curve%20wave%20spine%20logo%20symbol%20flat%20vector%20black%20white:0
[    4546ms] [WARNING] The resource https://i.pinimg.com/236x/95/3c/5c/953c5c19dacd3a08a541a2266b73a28f.jpg was preloaded using link preload but not used within a few seconds from the window's load event. Please make sure it has an appropriate `as` value and it is preloaded intentionally. @ https://kr.pinterest.com/search/pins/?q=minimalist%20s%20curve%20wave%20spine%20logo%20symbol%20flat%20vector%20black%20white:0
[    4546ms] [WARNING] The resource https://i.pinimg.com/236x/21/20/67/212067b3cf324adf5613b2b11938e9a2.jpg was preloaded using link preload but not used within a few seconds from the window's load event. Please make sure it has an appropriate `as` value and it is preloaded intentionally. @ https://kr.pinterest.com/search/pins/?q=minimalist%20s%20curve%20wave%20spine%20logo%20symbol%20flat%20vector%20black%20white:0
[    4546ms] [WARNING] The resource https://i.pinimg.com/236x/e2/29/71/e22971bdedd001638e6ef5e4aac4a376.jpg was preloaded using link preload but not used within a few seconds from the window's load event. Please make sure it has an appropriate `as` value and it is preloaded intentionally. @ https://kr.pinterest.com/search/pins/?q=minimalist%20s%20curve%20wave%20spine%20logo%20symbol%20flat%20vector%20black%20white:0
[    4546ms] [WARNING] The resource https://i.pinimg.com/236x/83/7b/93/837b933d8b1726d80f9d13e38f293410.jpg was preloaded using link preload but not used within a few seconds from the window's load event. Please make sure it has an appropriate `as` value and it is preloaded intentionally. @ https://kr.pinterest.com/search/pins/?q=minimalist%20s%20curve%20wave%20spine%20logo%20symbol%20flat%20vector%20black%20white:0
[    4546ms] [WARNING] The resource https://i.pinimg.com/236x/63/75/52/637552f88789452c55d995bab4382a4e.jpg was preloaded using link preload but not used within a few seconds from the window's load event. Please make sure it has an appropriate `as` value and it is preloaded intentionally. @ https://kr.pinterest.com/search/pins/?q=minimalist%20s%20curve%20wave%20spine%20logo%20symbol%20flat%20vector%20black%20white:0
[    4546ms] [WARNING] The resource https://i.pinimg.com/236x/f3/10/14/f31014a87fae63bfe56989585241fa55.jpg was preloaded using link preload but not used within a few seconds from the window's load event. Please make sure it has an appropriate `as` value and it is preloaded intentionally. @ https://kr.pinterest.com/search/pins/?q=minimalist%20s%20curve%20wave%20spine%20logo%20symbol%20flat%20vector%20black%20white:0
[    4546ms] [WARNING] The resource https://i.pinimg.com/236x/b1/70/71/b17071da4f06380ccbf2f82dcd289ed8.jpg was preloaded using link preload but not used within a few seconds from the window's load event. Please make sure it has an appropriate `as` value and it is preloaded intentionally. @ https://kr.pinterest.com/search/pins/?q=minimalist%20s%20curve%20wave%20spine%20logo%20symbol%20flat%20vector%20black%20white:0
[   10502ms] [WARNING] The resource https://i.pinimg.com/236x/6f/42/b1/6f42b1c35942b13f94fedead35c2a51b.jpg was preloaded using link preload but not used within a few seconds from the window's load event. Please make sure it has an appropriate `as` value and it is preloaded intentionally. @ https://kr.pinterest.com/search/pins/?q=minimalist%20s%20curve%20wave%20spine%20logo%20symbol%20flat%20vector%20black%20white:0
[   10502ms] [WARNING] The resource https://i.pinimg.com/236x/95/3c/5c/953c5c19dacd3a08a541a2266b73a28f.jpg was preloaded using link preload but not used within a few seconds from the window's load event. Please make sure it has an appropriate `as` value and it is preloaded intentionally. @ https://kr.pinterest.com/search/pins/?q=minimalist%20s%20curve%20wave%20spine%20logo%20symbol%20flat%20vector%20black%20white:0
[   10502ms] [WARNING] The resource https://i.pinimg.com/236x/21/20/67/212067b3cf324adf5613b2b11938e9a2.jpg was preloaded using link preload but not used within a few seconds from the window's load event. Please make sure it has an appropriate `as` value and it is preloaded intentionally. @ https://kr.pinterest.com/search/pins/?q=minimalist%20s%20curve%20wave%20spine%20logo%20symbol%20flat%20vector%20black%20white:0
[   10502ms] [WARNING] The resource https://i.pinimg.com/236x/e2/29/71/e22971bdedd001638e6ef5e4aac4a376.jpg was preloaded using link preload but not used within a few seconds from the window's load event. Please make sure it has an appropriate `as` value and it is preloaded intentionally. @ https://kr.pinterest.com/search/pins/?q=minimalist%20s%20curve%20wave%20spine%20logo%20symbol%20flat%20vector%20black%20white:0
[   10502ms] [WARNING] The resource https://i.pinimg.com/236x/83/7b/93/837b933d8b1726d80f9d13e38f293410.jpg was preloaded using link preload but not used within a few seconds from the window's load event. Please make sure it has an appropriate `as` value and it is preloaded intentionally. @ https://kr.pinterest.com/search/pins/?q=minimalist%20s%20curve%20wave%20spine%20logo%20symbol%20flat%20vector%20black%20white:0
[   10502ms] [WARNING] The resource https://i.pinimg.com/236x/63/75/52/637552f88789452c55d995bab4382a4e.jpg was preloaded using link preload but not used within a few seconds from the window's load event. Please make sure it has an appropriate `as` value and it is preloaded intentionally. @ https://kr.pinterest.com/search/pins/?q=minimalist%20s%20curve%20wave%20spine%20logo%20symbol%20flat%20vector%20black%20white:0
[   10502ms] [WARNING] The resource https://i.pinimg.com/236x/f3/10/14/f31014a87fae63bfe56989585241fa55.jpg was preloaded using link preload but not used within a few seconds from the window's load event. Please make sure it has an appropriate `as` value and it is preloaded intentionally. @ https://kr.pinterest.com/search/pins/?q=minimalist%20s%20curve%20wave%20spine%20logo%20symbol%20flat%20vector%20black%20white:0
[   10502ms] [WARNING] The resource https://i.pinimg.com/236x/b1/70/71/b17071da4f06380ccbf2f82dcd289ed8.jpg was preloaded using link preload but not used within a few seconds from the window's load event. Please make sure it has an appropriate `as` value and it is preloaded intentionally. @ https://kr.pinterest.com/search/pins/?q=minimalist%20s%20curve%20wave%20spine%20logo%20symbol%20flat%20vector%20black%20white:0
[   16451ms] [WARNING] The resource https://i.pinimg.com/236x/6f/42/b1/6f42b1c35942b13f94fedead35c2a51b.jpg was preloaded using link preload but not used within a few seconds from the window's load event. Please make sure it has an appropriate `as` value and it is preloaded intentionally. @ https://kr.pinterest.com/search/pins/?q=minimalist%20s%20curve%20wave%20spine%20logo%20symbol%20flat%20vector%20black%20white:0
[   16451ms] [WARNING] The resource https://i.pinimg.com/236x/95/3c/5c/953c5c19dacd3a08a541a2266b73a28f.jpg was preloaded using link preload but not used within a few seconds from the window's load event. Please make sure it has an appropriate `as` value and it is preloaded intentionally. @ https://kr.pinterest.com/search/pins/?q=minimalist%20s%20curve%20wave%20spine%20logo%20symbol%20flat%20vector%20black%20white:0
[   16451ms] [WARNING] The resource https://i.pinimg.com/236x/21/20/67/212067b3cf324adf5613b2b11938e9a2.jpg was preloaded using link preload but not used within a few seconds from the window's load event. Please make sure it has an appropriate `as` value and it is preloaded intentionally. @ https://kr.pinterest.com/search/pins/?q=minimalist%20s%20curve%20wave%20spine%20logo%20symbol%20flat%20vector%20black%20white:0
[   16451ms] [WARNING] The resource https://i.pinimg.com/236x/e2/29/71/e22971bdedd001638e6ef5e4aac4a376.jpg was preloaded using link preload but not used within a few seconds from the window's load event. Please make sure it has an appropriate `as` value and it is preloaded intentionally. @ https://kr.pinterest.com/search/pins/?q=minimalist%20s%20curve%20wave%20spine%20logo%20symbol%20flat%20vector%20black%20white:0
[   16451ms] [WARNING] The resource https://i.pinimg.com/236x/83/7b/93/837b933d8b1726d80f9d13e38f293410.jpg was preloaded using link preload but not used within a few seconds from the window's load event. Please make sure it has an appropriate `as` value and it is preloaded intentionally. @ https://kr.pinterest.com/search/pins/?q=minimalist%20s%20curve%20wave%20spine%20logo%20symbol%20flat%20vector%20black%20white:0
[   16451ms] [WARNING] The resource https://i.pinimg.com/236x/63/75/52/637552f88789452c55d995bab4382a4e.jpg was preloaded using link preload but not used within a few seconds from the window's load event. Please make sure it has an appropriate `as` value and it is preloaded intentionally. @ https://kr.pinterest.com/search/pins/?q=minimalist%20s%20curve%20wave%20spine%20logo%20symbol%20flat%20vector%20black%20white:0
[   16451ms] [WARNING] The resource https://i.pinimg.com/236x/f3/10/14/f31014a87fae63bfe56989585241fa55.jpg was preloaded using link preload but not used within a few seconds from the window's load event. Please make sure it has an appropriate `as` value and it is preloaded intentionally. @ https://kr.pinterest.com/search/pins/?q=minimalist%20s%20curve%20wave%20spine%20logo%20symbol%20flat%20vector%20black%20white:0
[   16451ms] [WARNING] The resource https://i.pinimg.com/236x/b1/70/71/b17071da4f06380ccbf2f82dcd289ed8.jpg was preloaded using link preload but not used within a few seconds from the window's load event. Please make sure it has an appropriate `as` value and it is preloaded intentionally. @ https://kr.pinterest.com/search/pins/?q=minimalist%20s%20curve%20wave%20spine%20logo%20symbol%20flat%20vector%20black%20white:0
[   37452ms] Error: Unable to retrieve appVersion because #__PWS_DATA__ was not found in the DOM.
    at i (https://s.pinimg.com/webapp/77291-f2a442fa5a2cc801.mjs:5:49725)
    at c (https://s.pinimg.com/webapp/77291-f2a442fa5a2cc801.mjs:5:47642)
    at https://s.pinimg.com/webapp/77291-f2a442fa5a2cc801.mjs:5:48601
[   37453ms] Error: Unable to retrieve appVersion because #__PWS_DATA__ was not found in the DOM.
    at i (https://s.pinimg.com/webapp/77291-f2a442fa5a2cc801.mjs:5:49725)
    at c (https://s.pinimg.com/webapp/77291-f2a442fa5a2cc801.mjs:5:47642)
    at https://s.pinimg.com/webapp/77291-f2a442fa5a2cc801.mjs:5:48240
[   37453ms] Error: Unable to retrieve appVersion because #__PWS_DATA__ was not found in the DOM.
    at i (https://s.pinimg.com/webapp/77291-f2a442fa5a2cc801.mjs:5:49725)
    at c (https://s.pinimg.com/webapp/77291-f2a442fa5a2cc801.mjs:5:47642)
    at https://s.pinimg.com/webapp/77291-f2a442fa5a2cc801.mjs:5:48601
[   37453ms] Error: Unable to retrieve appVersion because #__PWS_DATA__ was not found in the DOM.
    at i (https://s.pinimg.com/webapp/77291-f2a442fa5a2cc801.mjs:5:49725)
    at c (https://s.pinimg.com/webapp/77291-f2a442fa5a2cc801.mjs:5:47642)
    at https://s.pinimg.com/webapp/77291-f2a442fa5a2cc801.mjs:5:48240
[   37454ms] Error: Unable to retrieve appVersion because #__PWS_DATA__ was not found in the DOM.
    at i (https://s.pinimg.com/webapp/77291-f2a442fa5a2cc801.mjs:5:49725)
    at c (https://s.pinimg.com/webapp/77291-f2a442fa5a2cc801.mjs:5:47642)
    at https://s.pinimg.com/webapp/77291-f2a442fa5a2cc801.mjs:5:48601
[   37454ms] Error: Unable to retrieve appVersion because #__PWS_DATA__ was not found in the DOM.
    at i (https://s.pinimg.com/webapp/77291-f2a442fa5a2cc801.mjs:5:49725)
    at c (https://s.pinimg.com/webapp/77291-f2a442fa5a2cc801.mjs:5:47642)
    at https://s.pinimg.com/webapp/77291-f2a442fa5a2cc801.mjs:5:48240
[   60597ms] [WARNING] The resource https://i.pinimg.com/236x/ee/23/2d/ee232db5d385af190427b563b499d380.jpg was preloaded using link preload but not used within a few seconds from the window's load event. Please make sure it has an appropriate `as` value and it is preloaded intentionally. @ https://kr.pinterest.com/:0
[   60598ms] [WARNING] The resource https://i.pinimg.com/474x/50/a4/08/50a408dd6a66974273728a70f78b5402.jpg was preloaded using link preload but not used within a few seconds from the window's load event. Please make sure it has an appropriate `as` value and it is preloaded intentionally. @ https://kr.pinterest.com/:0
[   60598ms] [WARNING] The resource https://i.pinimg.com/474x/9e/e0/6d/9ee06de8b44e9f7820eeda35de166e43.jpg was preloaded using link preload but not used within a few seconds from the window's load event. Please make sure it has an appropriate `as` value and it is preloaded intentionally. @ https://kr.pinterest.com/:0
[   60598ms] [WARNING] The resource https://i.pinimg.com/236x/2e/da/c6/2edac682cc0711795e91e381ded479f5.jpg was preloaded using link preload but not used within a few seconds from the window's load event. Please make sure it has an appropriate `as` value and it is preloaded intentionally. @ https://kr.pinterest.com/:0
[   60598ms] [WARNING] The resource https://i.pinimg.com/474x/00/b9/80/00b980476ea605ecfb1300a5e1f59e70.jpg was preloaded using link preload but not used within a few seconds from the window's load event. Please make sure it has an appropriate `as` value and it is preloaded intentionally. @ https://kr.pinterest.com/:0
[   60598ms] [WARNING] The resource https://i.pinimg.com/236x/07/94/67/07946780dde0f2e40c986b86ca2cc653.jpg was preloaded using link preload but not used within a few seconds from the window's load event. Please make sure it has an appropriate `as` value and it is preloaded intentionally. @ https://kr.pinterest.com/:0
[   60598ms] [WARNING] The resource https://i.pinimg.com/474x/a7/19/93/a719935209be09c74e38aa6e755515d1.jpg was preloaded using link preload but not used within a few seconds from the window's load event. Please make sure it has an appropriate `as` value and it is preloaded intentionally. @ https://kr.pinterest.com/:0
[   60598ms] [WARNING] The resource https://i.pinimg.com/474x/70/da/a7/70daa7903f383805ce9fd1d810d5231d.jpg was preloaded using link preload but not used within a few seconds from the window's load event. Please make sure it has an appropriate `as` value and it is preloaded intentionally. @ https://kr.pinterest.com/:0
[   60598ms] [WARNING] The resource https://i.pinimg.com/474x/89/b7/db/89b7dbba7bdf2c434cff4e261dd4b39d.jpg was preloaded using link preload but not used within a few seconds from the window's load event. Please make sure it has an appropriate `as` value and it is preloaded intentionally. @ https://kr.pinterest.com/:0
[   60598ms] [WARNING] The resource https://i.pinimg.com/236x/d6/15/eb/d615eb5ecd00f142bea8d700933e602a.jpg was preloaded using link preload but not used within a few seconds from the window's load event. Please make sure it has an appropriate `as` value and it is preloaded intentionally. @ https://kr.pinterest.com/:0
[   60598ms] [WARNING] The resource https://i.pinimg.com/236x/a5/1c/02/a51c02183396a35e73c91a8f51b1a132.jpg was preloaded using link preload but not used within a few seconds from the window's load event. Please make sure it has an appropriate `as` value and it is preloaded intentionally. @ https://kr.pinterest.com/:0
[   60598ms] [WARNING] The resource https://i.pinimg.com/236x/7f/c0/a7/7fc0a74c8f01257729566e5c524494d9.jpg was preloaded using link preload but not used within a few seconds from the window's load event. Please make sure it has an appropriate `as` value and it is preloaded intentionally. @ https://kr.pinterest.com/:0
[   60598ms] [WARNING] The resource https://i.pinimg.com/236x/25/4d/a1/254da18932097a43457d83bee029c2aa.jpg was preloaded using link preload but not used within a few seconds from the window's load event. Please make sure it has an appropriate `as` value and it is preloaded intentionally. @ https://kr.pinterest.com/:0
[   60598ms] [WARNING] The resource https://i.pinimg.com/236x/1b/7b/3b/1b7b3b9367976c2595bbd3d9bb4ee49d.jpg was preloaded using link preload but not used within a few seconds from the window's load event. Please make sure it has an appropriate `as` value and it is preloaded intentionally. @ https://kr.pinterest.com/:0
[   60598ms] [WARNING] The resource https://i.pinimg.com/474x/b6/d8/d8/b6d8d8b6f5148aeaf03da762c5153a8b.jpg was preloaded using link preload but not used within a few seconds from the window's load event. Please make sure it has an appropriate `as` value and it is preloaded intentionally. @ https://kr.pinterest.com/:0
[   60598ms] [WARNING] The resource https://i.pinimg.com/236x/0b/5c/97/0b5c973c59c28160bdb25d92f0544d33.jpg was preloaded using link preload but not used within a few seconds from the window's load event. Please make sure it has an appropriate `as` value and it is preloaded intentionally. @ https://kr.pinterest.com/:0
[   60598ms] [WARNING] The resource https://i.pinimg.com/236x/66/04/78/6604787a6521e8cee548eb6008f7a7ec.jpg was preloaded using link preload but not used within a few seconds from the window's load event. Please make sure it has an appropriate `as` value and it is preloaded intentionally. @ https://kr.pinterest.com/:0
[   60598ms] [WARNING] The resource https://i.pinimg.com/236x/ad/72/bf/ad72bffd03a1ad97775e4f8e8a08878c.jpg was preloaded using link preload but not used within a few seconds from the window's load event. Please make sure it has an appropriate `as` value and it is preloaded intentionally. @ https://kr.pinterest.com/:0
[   60598ms] [WARNING] The resource https://i.pinimg.com/236x/34/86/19/348619194f8731ee85bd70dbbafd0aa0.jpg was preloaded using link preload but not used within a few seconds from the window's load event. Please make sure it has an appropriate `as` value and it is preloaded intentionally. @ https://kr.pinterest.com/:0
[   60598ms] [WARNING] The resource https://i.pinimg.com/236x/96/86/8d/96868d31beb53576ff7df531ebaced18.jpg was preloaded using link preload but not used within a few seconds from the window's load event. Please make sure it has an appropriate `as` value and it is preloaded intentionally. @ https://kr.pinterest.com/:0
[   60598ms] [WARNING] The resource https://i.pinimg.com/474x/c0/b1/d8/c0b1d800bfbb4ae0ffea1e0669f2af14.jpg was preloaded using link preload but not used within a few seconds from the window's load event. Please make sure it has an appropriate `as` value and it is preloaded intentionally. @ https://kr.pinterest.com/:0
[   60598ms] [WARNING] The resource https://i.pinimg.com/236x/e6/c1/28/e6c128b58c4d24dda919fc0696a04e77.jpg was preloaded using link preload but not used within a few seconds from the window's load event. Please make sure it has an appropriate `as` value and it is preloaded intentionally. @ https://kr.pinterest.com/:0
[   60598ms] [WARNING] The resource https://i.pinimg.com/236x/01/86/b2/0186b2a08e4649069418921886abd622.jpg was preloaded using link preload but not used within a few seconds from the window's load event. Please make sure it has an appropriate `as` value and it is preloaded intentionally. @ https://kr.pinterest.com/:0
[   60598ms] [WARNING] The resource https://i.pinimg.com/236x/d4/e6/52/d4e652fa0e444c5585f2f0405d54c792.jpg was preloaded using link preload but not used within a few seconds from the window's load event. Please make sure it has an appropriate `as` value and it is preloaded intentionally. @ https://kr.pinterest.com/:0
[   60598ms] [WARNING] The resource https://i.pinimg.com/236x/3c/08/5f/3c085f5cd62821b6e3c7c34228180734.jpg was preloaded using link preload but not used within a few seconds from the window's load event. Please make sure it has an appropriate `as` value and it is preloaded intentionally. @ https://kr.pinterest.com/:0
[   60598ms] [WARNING] The resource https://i.pinimg.com/474x/85/7f/dd/857fdd2df62b1327ae9ed30a6ef60c49.jpg was preloaded using link preload but not used within a few seconds from the window's load event. Please make sure it has an appropriate `as` value and it is preloaded intentionally. @ https://kr.pinterest.com/:0
[   60598ms] [WARNING] The resource https://i.pinimg.com/474x/1b/7c/80/1b7c805d1bae9e4302742aef6afe4fee.jpg was preloaded using link preload but not used within a few seconds from the window's load event. Please make sure it has an appropriate `as` value and it is preloaded intentionally. @ https://kr.pinterest.com/:0
[   60598ms] [WARNING] The resource https://i.pinimg.com/236x/09/bd/f0/09bdf0d1036da833d4946112413e2d81.jpg was preloaded using link preload but not used within a few seconds from the window's load event. Please make sure it has an appropriate `as` value and it is preloaded intentionally. @ https://kr.pinterest.com/:0
[   60598ms] [WARNING] The resource https://i.pinimg.com/474x/09/81/ea/0981ea7dc74e0daf206ce8f504e661e0.jpg was preloaded using link preload but not used within a few seconds from the window's load event. Please make sure it has an appropriate `as` value and it is preloaded intentionally. @ https://kr.pinterest.com/:0
[   60598ms] [WARNING] The resource https://i.pinimg.com/474x/0f/69/b2/0f69b2aa87f46a1bd4dd9757f586d62b.jpg was preloaded using link preload but not used within a few seconds from the window's load event. Please make sure it has an appropriate `as` value and it is preloaded intentionally. @ https://kr.pinterest.com/:0
[   60598ms] [WARNING] The resource https://i.pinimg.com/474x/25/b0/4d/25b04d11417944c80ea1a9e48d26e0b7.jpg was preloaded using link preload but not used within a few seconds from the window's load event. Please make sure it has an appropriate `as` value and it is preloaded intentionally. @ https://kr.pinterest.com/:0
[   60598ms] [WARNING] The resource https://i.pinimg.com/236x/83/21/de/8321de1cfbb7a481c3c5a9c4081bb93b.jpg was preloaded using link preload but not used within a few seconds from the window's load event. Please make sure it has an appropriate `as` value and it is preloaded intentionally. @ https://kr.pinterest.com/:0
[   60598ms] [WARNING] The resource https://i.pinimg.com/236x/2b/21/12/2b21129bed9ffcf273ac8ce44ae353b5.jpg was preloaded using link preload but not used within a few seconds from the window's load event. Please make sure it has an appropriate `as` value and it is preloaded intentionally. @ https://kr.pinterest.com/:0
[   60598ms] [WARNING] The resource https://i.pinimg.com/236x/27/8d/5a/278d5aa26c03cd1df82cd7309f08a631.jpg was preloaded using link preload but not used within a few seconds from the window's load event. Please make sure it has an appropriate `as` value and it is preloaded intentionally. @ https://kr.pinterest.com/:0
[   60598ms] [WARNING] The resource https://i.pinimg.com/236x/08/f0/5a/08f05af36f156e71e8ae321a11100764.jpg was preloaded using link preload but not used within a few seconds from the window's load event. Please make sure it has an appropriate `as` value and it is preloaded intentionally. @ https://kr.pinterest.com/:0
[   60598ms] [WARNING] The resource https://i.pinimg.com/236x/28/c8/75/28c87527c5bd7236a22e720fb2d44d45.jpg was preloaded using link preload but not used within a few seconds from the window's load event. Please make sure it has an appropriate `as` value and it is preloaded intentionally. @ https://kr.pinterest.com/:0
[   60598ms] [WARNING] The resource https://i.pinimg.com/236x/9e/87/69/9e8769c56f1c6aba3b8c3114c7cbff70.jpg was preloaded using link preload but not used within a few seconds from the window's load event. Please make sure it has an appropriate `as` value and it is preloaded intentionally. @ https://kr.pinterest.com/:0
[   60598ms] [WARNING] The resource https://i.pinimg.com/236x/e7/fa/86/e7fa8622724c4d61c72de955d0b81387.jpg was preloaded using link preload but not used within a few seconds from the window's load event. Please make sure it has an appropriate `as` value and it is preloaded intentionally. @ https://kr.pinterest.com/:0
[   60598ms] [WARNING] The resource https://i.pinimg.com/474x/34/e2/7e/34e27efc47591946303d5600c0a9ec81.jpg was preloaded using link preload but not used within a few seconds from the window's load event. Please make sure it has an appropriate `as` value and it is preloaded intentionally. @ https://kr.pinterest.com/:0
[   60598ms] [WARNING] The resource https://i.pinimg.com/236x/43/1a/95/431a956c16e8d8d00a682d1c6d03a8fb.jpg was preloaded using link preload but not used within a few seconds from the window's load event. Please make sure it has an appropriate `as` value and it is preloaded intentionally. @ https://kr.pinterest.com/:0
[   60598ms] [WARNING] The resource https://i.pinimg.com/236x/1d/a4/2a/1da42afb423ee13fca6bf6c7bd68fd15.jpg was preloaded using link preload but not used within a few seconds from the window's load event. Please make sure it has an appropriate `as` value and it is preloaded intentionally. @ https://kr.pinterest.com/:0
[   60598ms] [WARNING] The resource https://i.pinimg.com/474x/14/50/c2/1450c286972ab72ee8ec801322ed7cbc.jpg was preloaded using link preload but not used within a few seconds from the window's load event. Please make sure it has an appropriate `as` value and it is preloaded intentionally. @ https://kr.pinterest.com/:0
[   60598ms] [WARNING] The resource https://i.pinimg.com/236x/92/ff/47/92ff47314e39dbc44b3dba7ddaae37de.jpg was preloaded using link preload but not used within a few seconds from the window's load event. Please make sure it has an appropriate `as` value and it is preloaded intentionally. @ https://kr.pinterest.com/:0
[   60598ms] [WARNING] The resource https://i.pinimg.com/474x/bb/e2/81/bbe28166deb75208b9193d1d89315eb3.jpg was preloaded using link preload but not used within a few seconds from the window's load event. Please make sure it has an appropriate `as` value and it is preloaded intentionally. @ https://kr.pinterest.com/:0
[   60598ms] [WARNING] The resource https://i.pinimg.com/474x/6a/d8/53/6ad8539c3a739a4b8e2d84bd290d3b79.jpg was preloaded using link preload but not used within a few seconds from the window's load event. Please make sure it has an appropriate `as` value and it is preloaded intentionally. @ https://kr.pinterest.com/:0
[   65607ms] [WARNING] The resource https://i.pinimg.com/236x/ee/23/2d/ee232db5d385af190427b563b499d380.jpg was preloaded using link preload but not used within a few seconds from the window's load event. Please make sure it has an appropriate `as` value and it is preloaded intentionally. @ https://kr.pinterest.com/:0
[   65607ms] [WARNING] The resource https://i.pinimg.com/474x/50/a4/08/50a408dd6a66974273728a70f78b5402.jpg was preloaded using link preload but not used within a few seconds from the window's load event. Please make sure it has an appropriate `as` value and it is preloaded intentionally. @ https://kr.pinterest.com/:0
[   65607ms] [WARNING] The resource https://i.pinimg.com/474x/9e/e0/6d/9ee06de8b44e9f7820eeda35de166e43.jpg was preloaded using link preload but not used within a few seconds from the window's load event. Please make sure it has an appropriate `as` value and it is preloaded intentionally. @ https://kr.pinterest.com/:0
[   65607ms] [WARNING] The resource https://i.pinimg.com/236x/2e/da/c6/2edac682cc0711795e91e381ded479f5.jpg was preloaded using link preload but not used within a few seconds from the window's load event. Please make sure it has an appropriate `as` value and it is preloaded intentionally. @ https://kr.pinterest.com/:0
[   65607ms] [WARNING] The resource https://i.pinimg.com/474x/00/b9/80/00b980476ea605ecfb1300a5e1f59e70.jpg was preloaded using link preload but not used within a few seconds from the window's load event. Please make sure it has an appropriate `as` value and it is preloaded intentionally. @ https://kr.pinterest.com/:0
[   65607ms] [WARNING] The resource https://i.pinimg.com/236x/07/94/67/07946780dde0f2e40c986b86ca2cc653.jpg was preloaded using link preload but not used within a few seconds from the window's load event. Please make sure it has an appropriate `as` value and it is preloaded intentionally. @ https://kr.pinterest.com/:0
[   65607ms] [WARNING] The resource https://i.pinimg.com/474x/a7/19/93/a719935209be09c74e38aa6e755515d1.jpg was preloaded using link preload but not used within a few seconds from the window's load event. Please make sure it has an appropriate `as` value and it is preloaded intentionally. @ https://kr.pinterest.com/:0
[   65607ms] [WARNING] The resource https://i.pinimg.com/474x/70/da/a7/70daa7903f383805ce9fd1d810d5231d.jpg was preloaded using link preload but not used within a few seconds from the window's load event. Please make sure it has an appropriate `as` value and it is preloaded intentionally. @ https://kr.pinterest.com/:0
[   65607ms] [WARNING] The resource https://i.pinimg.com/474x/89/b7/db/89b7dbba7bdf2c434cff4e261dd4b39d.jpg was preloaded using link preload but not used within a few seconds from the window's load event. Please make sure it has an appropriate `as` value and it is preloaded intentionally. @ https://kr.pinterest.com/:0
[   65607ms] [WARNING] The resource https://i.pinimg.com/236x/d6/15/eb/d615eb5ecd00f142bea8d700933e602a.jpg was preloaded using link preload but not used within a few seconds from the window's load event. Please make sure it has an appropriate `as` value and it is preloaded intentionally. @ https://kr.pinterest.com/:0
[   65607ms] [WARNING] The resource https://i.pinimg.com/236x/a5/1c/02/a51c02183396a35e73c91a8f51b1a132.jpg was preloaded using link preload but not used within a few seconds from the window's load event. Please make sure it has an appropriate `as` value and it is preloaded intentionally. @ https://kr.pinterest.com/:0
[   65607ms] [WARNING] The resource https://i.pinimg.com/236x/7f/c0/a7/7fc0a74c8f01257729566e5c524494d9.jpg was preloaded using link preload but not used within a few seconds from the window's load event. Please make sure it has an appropriate `as` value and it is preloaded intentionally. @ https://kr.pinterest.com/:0
[   65607ms] [WARNING] The resource https://i.pinimg.com/236x/25/4d/a1/254da18932097a43457d83bee029c2aa.jpg was preloaded using link preload but not used within a few seconds from the window's load event. Please make sure it has an appropriate `as` value and it is preloaded intentionally. @ https://kr.pinterest.com/:0
[   65607ms] [WARNING] The resource https://i.pinimg.com/236x/1b/7b/3b/1b7b3b9367976c2595bbd3d9bb4ee49d.jpg was preloaded using link preload but not used within a few seconds from the window's load event. Please make sure it has an appropriate `as` value and it is preloaded intentionally. @ https://kr.pinterest.com/:0
[   65607ms] [WARNING] The resource https://i.pinimg.com/474x/b6/d8/d8/b6d8d8b6f5148aeaf03da762c5153a8b.jpg was preloaded using link preload but not used within a few seconds from the window's load event. Please make sure it has an appropriate `as` value and it is preloaded intentionally. @ https://kr.pinterest.com/:0
[   65607ms] [WARNING] The resource https://i.pinimg.com/236x/0b/5c/97/0b5c973c59c28160bdb25d92f0544d33.jpg was preloaded using link preload but not used within a few seconds from the window's load event. Please make sure it has an appropriate `as` value and it is preloaded intentionally. @ https://kr.pinterest.com/:0
[   65607ms] [WARNING] The resource https://i.pinimg.com/236x/66/04/78/6604787a6521e8cee548eb6008f7a7ec.jpg was preloaded using link preload but not used within a few seconds from the window's load event. Please make sure it has an appropriate `as` value and it is preloaded intentionally. @ https://kr.pinterest.com/:0
[   65607ms] [WARNING] The resource https://i.pinimg.com/236x/ad/72/bf/ad72bffd03a1ad97775e4f8e8a08878c.jpg was preloaded using link preload but not used within a few seconds from the window's load event. Please make sure it has an appropriate `as` value and it is preloaded intentionally. @ https://kr.pinterest.com/:0
[   65607ms] [WARNING] The resource https://i.pinimg.com/236x/34/86/19/348619194f8731ee85bd70dbbafd0aa0.jpg was preloaded using link preload but not used within a few seconds from the window's load event. Please make sure it has an appropriate `as` value and it is preloaded intentionally. @ https://kr.pinterest.com/:0
[   65607ms] [WARNING] The resource https://i.pinimg.com/236x/96/86/8d/96868d31beb53576ff7df531ebaced18.jpg was preloaded using link preload but not used within a few seconds from the window's load event. Please make sure it has an appropriate `as` value and it is preloaded intentionally. @ https://kr.pinterest.com/:0
[   65607ms] [WARNING] The resource https://i.pinimg.com/474x/c0/b1/d8/c0b1d800bfbb4ae0ffea1e0669f2af14.jpg was preloaded using link preload but not used within a few seconds from the window's load event. Please make sure it has an appropriate `as` value and it is preloaded intentionally. @ https://kr.pinterest.com/:0
[   65607ms] [WARNING] The resource https://i.pinimg.com/236x/e6/c1/28/e6c128b58c4d24dda919fc0696a04e77.jpg was preloaded using link preload but not used within a few seconds from the window's load event. Please make sure it has an appropriate `as` value and it is preloaded intentionally. @ https://kr.pinterest.com/:0
[   65607ms] [WARNING] The resource https://i.pinimg.com/236x/01/86/b2/0186b2a08e4649069418921886abd622.jpg was preloaded using link preload but not used within a few seconds from the window's load event. Please make sure it has an appropriate `as` value and it is preloaded intentionally. @ https://kr.pinterest.com/:0
[   65607ms] [WARNING] The resource https://i.pinimg.com/236x/d4/e6/52/d4e652fa0e444c5585f2f0405d54c792.jpg was preloaded using link preload but not used within a few seconds from the window's load event. Please make sure it has an appropriate `as` value and it is preloaded intentionally. @ https://kr.pinterest.com/:0
[   65607ms] [WARNING] The resource https://i.pinimg.com/236x/3c/08/5f/3c085f5cd62821b6e3c7c34228180734.jpg was preloaded using link preload but not used within a few seconds from the window's load event. Please make sure it has an appropriate `as` value and it is preloaded intentionally. @ https://kr.pinterest.com/:0
[   65607ms] [WARNING] The resource https://i.pinimg.com/474x/85/7f/dd/857fdd2df62b1327ae9ed30a6ef60c49.jpg was preloaded using link preload but not used within a few seconds from the window's load event. Please make sure it has an appropriate `as` value and it is preloaded intentionally. @ https://kr.pinterest.com/:0
[   65607ms] [WARNING] The resource https://i.pinimg.com/474x/1b/7c/80/1b7c805d1bae9e4302742aef6afe4fee.jpg was preloaded using link preload but not used within a few seconds from the window's load event. Please make sure it has an appropriate `as` value and it is preloaded intentionally. @ https://kr.pinterest.com/:0
[   65607ms] [WARNING] The resource https://i.pinimg.com/236x/09/bd/f0/09bdf0d1036da833d4946112413e2d81.jpg was preloaded using link preload but not used within a few seconds from the window's load event. Please make sure it has an appropriate `as` value and it is preloaded intentionally. @ https://kr.pinterest.com/:0
[   65607ms] [WARNING] The resource https://i.pinimg.com/474x/09/81/ea/0981ea7dc74e0daf206ce8f504e661e0.jpg was preloaded using link preload but not used within a few seconds from the window's load event. Please make sure it has an appropriate `as` value and it is preloaded intentionally. @ https://kr.pinterest.com/:0
[   65607ms] [WARNING] The resource https://i.pinimg.com/474x/0f/69/b2/0f69b2aa87f46a1bd4dd9757f586d62b.jpg was preloaded using link preload but not used within a few seconds from the window's load event. Please make sure it has an appropriate `as` value and it is preloaded intentionally. @ https://kr.pinterest.com/:0
[   65607ms] [WARNING] The resource https://i.pinimg.com/474x/25/b0/4d/25b04d11417944c80ea1a9e48d26e0b7.jpg was preloaded using link preload but not used within a few seconds from the window's load event. Please make sure it has an appropriate `as` value and it is preloaded intentionally. @ https://kr.pinterest.com/:0
[   65607ms] [WARNING] The resource https://i.pinimg.com/236x/83/21/de/8321de1cfbb7a481c3c5a9c4081bb93b.jpg was preloaded using link preload but not used within a few seconds from the window's load event. Please make sure it has an appropriate `as` value and it is preloaded intentionally. @ https://kr.pinterest.com/:0
[   65607ms] [WARNING] The resource https://i.pinimg.com/236x/2b/21/12/2b21129bed9ffcf273ac8ce44ae353b5.jpg was preloaded using link preload but not used within a few seconds from the window's load event. Please make sure it has an appropriate `as` value and it is preloaded intentionally. @ https://kr.pinterest.com/:0
[   65607ms] [WARNING] The resource https://i.pinimg.com/236x/27/8d/5a/278d5aa26c03cd1df82cd7309f08a631.jpg was preloaded using link preload but not used within a few seconds from the window's load event. Please make sure it has an appropriate `as` value and it is preloaded intentionally. @ https://kr.pinterest.com/:0
[   65607ms] [WARNING] The resource https://i.pinimg.com/236x/08/f0/5a/08f05af36f156e71e8ae321a11100764.jpg was preloaded using link preload but not used within a few seconds from the window's load event. Please make sure it has an appropriate `as` value and it is preloaded intentionally. @ https://kr.pinterest.com/:0
[   65607ms] [WARNING] The resource https://i.pinimg.com/236x/28/c8/75/28c87527c5bd7236a22e720fb2d44d45.jpg was preloaded using link preload but not used within a few seconds from the window's load event. Please make sure it has an appropriate `as` value and it is preloaded intentionally. @ https://kr.pinterest.com/:0
[   65607ms] [WARNING] The resource https://i.pinimg.com/236x/9e/87/69/9e8769c56f1c6aba3b8c3114c7cbff70.jpg was preloaded using link preload but not used within a few seconds from the window's load event. Please make sure it has an appropriate `as` value and it is preloaded intentionally. @ https://kr.pinterest.com/:0
[   65607ms] [WARNING] The resource https://i.pinimg.com/236x/e7/fa/86/e7fa8622724c4d61c72de955d0b81387.jpg was preloaded using link preload but not used within a few seconds from the window's load event. Please make sure it has an appropriate `as` value and it is preloaded intentionally. @ https://kr.pinterest.com/:0
[   65607ms] [WARNING] The resource https://i.pinimg.com/474x/34/e2/7e/34e27efc47591946303d5600c0a9ec81.jpg was preloaded using link preload but not used within a few seconds from the window's load event. Please make sure it has an appropriate `as` value and it is preloaded intentionally. @ https://kr.pinterest.com/:0
[   65607ms] [WARNING] The resource https://i.pinimg.com/236x/43/1a/95/431a956c16e8d8d00a682d1c6d03a8fb.jpg was preloaded using link preload but not used within a few seconds from the window's load event. Please make sure it has an appropriate `as` value and it is preloaded intentionally. @ https://kr.pinterest.com/:0
[   65607ms] [WARNING] The resource https://i.pinimg.com/236x/1d/a4/2a/1da42afb423ee13fca6bf6c7bd68fd15.jpg was preloaded using link preload but not used within a few seconds from the window's load event. Please make sure it has an appropriate `as` value and it is preloaded intentionally. @ https://kr.pinterest.com/:0
[   65607ms] [WARNING] The resource https://i.pinimg.com/474x/14/50/c2/1450c286972ab72ee8ec801322ed7cbc.jpg was preloaded using link preload but not used within a few seconds from the window's load event. Please make sure it has an appropriate `as` value and it is preloaded intentionally. @ https://kr.pinterest.com/:0
[   65607ms] [WARNING] The resource https://i.pinimg.com/236x/92/ff/47/92ff47314e39dbc44b3dba7ddaae37de.jpg was preloaded using link preload but not used within a few seconds from the window's load event. Please make sure it has an appropriate `as` value and it is preloaded intentionally. @ https://kr.pinterest.com/:0
[   65607ms] [WARNING] The resource https://i.pinimg.com/474x/bb/e2/81/bbe28166deb75208b9193d1d89315eb3.jpg was preloaded using link preload but not used within a few seconds from the window's load event. Please make sure it has an appropriate `as` value and it is preloaded intentionally. @ https://kr.pinterest.com/:0
[   65607ms] [WARNING] The resource https://i.pinimg.com/474x/6a/d8/53/6ad8539c3a739a4b8e2d84bd290d3b79.jpg was preloaded using link preload but not used within a few seconds from the window's load event. Please make sure it has an appropriate `as` value and it is preloaded intentionally. @ https://kr.pinterest.com/:0
[   78167ms] [WARNING] The resource https://i.pinimg.com/236x/ee/23/2d/ee232db5d385af190427b563b499d380.jpg was preloaded using link preload but not used within a few seconds from the window's load event. Please make sure it has an appropriate `as` value and it is preloaded intentionally. @ https://kr.pinterest.com/:0
[   78167ms] [WARNING] The resource https://i.pinimg.com/474x/50/a4/08/50a408dd6a66974273728a70f78b5402.jpg was preloaded using link preload but not used within a few seconds from the window's load event. Please make sure it has an appropriate `as` value and it is preloaded intentionally. @ https://kr.pinterest.com/:0
[   78167ms] [WARNING] The resource https://i.pinimg.com/474x/9e/e0/6d/9ee06de8b44e9f7820eeda35de166e43.jpg was preloaded using link preload but not used within a few seconds from the window's load event. Please make sure it has an appropriate `as` value and it is preloaded intentionally. @ https://kr.pinterest.com/:0
[   78167ms] [WARNING] The resource https://i.pinimg.com/236x/2e/da/c6/2edac682cc0711795e91e381ded479f5.jpg was preloaded using link preload but not used within a few seconds from the window's load event. Please make sure it has an appropriate `as` value and it is preloaded intentionally. @ https://kr.pinterest.com/:0
[   78167ms] [WARNING] The resource https://i.pinimg.com/474x/00/b9/80/00b980476ea605ecfb1300a5e1f59e70.jpg was preloaded using link preload but not used within a few seconds from the window's load event. Please make sure it has an appropriate `as` value and it is preloaded intentionally. @ https://kr.pinterest.com/:0
[   78167ms] [WARNING] The resource https://i.pinimg.com/236x/07/94/67/07946780dde0f2e40c986b86ca2cc653.jpg was preloaded using link preload but not used within a few seconds from the window's load event. Please make sure it has an appropriate `as` value and it is preloaded intentionally. @ https://kr.pinterest.com/:0
[   78167ms] [WARNING] The resource https://i.pinimg.com/474x/a7/19/93/a719935209be09c74e38aa6e755515d1.jpg was preloaded using link preload but not used within a few seconds from the window's load event. Please make sure it has an appropriate `as` value and it is preloaded intentionally. @ https://kr.pinterest.com/:0
[   78167ms] [WARNING] The resource https://i.pinimg.com/474x/70/da/a7/70daa7903f383805ce9fd1d810d5231d.jpg was preloaded using link preload but not used within a few seconds from the window's load event. Please make sure it has an appropriate `as` value and it is preloaded intentionally. @ https://kr.pinterest.com/:0
[   78167ms] [WARNING] The resource https://i.pinimg.com/474x/89/b7/db/89b7dbba7bdf2c434cff4e261dd4b39d.jpg was preloaded using link preload but not used within a few seconds from the window's load event. Please make sure it has an appropriate `as` value and it is preloaded intentionally. @ https://kr.pinterest.com/:0
[   78167ms] [WARNING] The resource https://i.pinimg.com/236x/d6/15/eb/d615eb5ecd00f142bea8d700933e602a.jpg was preloaded using link preload but not used within a few seconds from the window's load event. Please make sure it has an appropriate `as` value and it is preloaded intentionally. @ https://kr.pinterest.com/:0
[   78167ms] [WARNING] The resource https://i.pinimg.com/236x/a5/1c/02/a51c02183396a35e73c91a8f51b1a132.jpg was preloaded using link preload but not used within a few seconds from the window's load event. Please make sure it has an appropriate `as` value and it is preloaded intentionally. @ https://kr.pinterest.com/:0
[   78167ms] [WARNING] The resource https://i.pinimg.com/236x/7f/c0/a7/7fc0a74c8f01257729566e5c524494d9.jpg was preloaded using link preload but not used within a few seconds from the window's load event. Please make sure it has an appropriate `as` value and it is preloaded intentionally. @ https://kr.pinterest.com/:0
[   78167ms] [WARNING] The resource https://i.pinimg.com/236x/25/4d/a1/254da18932097a43457d83bee029c2aa.jpg was preloaded using link preload but not used within a few seconds from the window's load event. Please make sure it has an appropriate `as` value and it is preloaded intentionally. @ https://kr.pinterest.com/:0
[   78167ms] [WARNING] The resource https://i.pinimg.com/236x/1b/7b/3b/1b7b3b9367976c2595bbd3d9bb4ee49d.jpg was preloaded using link preload but not used within a few seconds from the window's load event. Please make sure it has an appropriate `as` value and it is preloaded intentionally. @ https://kr.pinterest.com/:0
[   78167ms] [WARNING] The resource https://i.pinimg.com/474x/b6/d8/d8/b6d8d8b6f5148aeaf03da762c5153a8b.jpg was preloaded using link preload but not used within a few seconds from the window's load event. Please make sure it has an appropriate `as` value and it is preloaded intentionally. @ https://kr.pinterest.com/:0
[   78167ms] [WARNING] The resource https://i.pinimg.com/236x/0b/5c/97/0b5c973c59c28160bdb25d92f0544d33.jpg was preloaded using link preload but not used within a few seconds from the window's load event. Please make sure it has an appropriate `as` value and it is preloaded intentionally. @ https://kr.pinterest.com/:0
[   78167ms] [WARNING] The resource https://i.pinimg.com/236x/66/04/78/6604787a6521e8cee548eb6008f7a7ec.jpg was preloaded using link preload but not used within a few seconds from the window's load event. Please make sure it has an appropriate `as` value and it is preloaded intentionally. @ https://kr.pinterest.com/:0
[   78167ms] [WARNING] The resource https://i.pinimg.com/236x/ad/72/bf/ad72bffd03a1ad97775e4f8e8a08878c.jpg was preloaded using link preload but not used within a few seconds from the window's load event. Please make sure it has an appropriate `as` value and it is preloaded intentionally. @ https://kr.pinterest.com/:0
[   78167ms] [WARNING] The resource https://i.pinimg.com/236x/34/86/19/348619194f8731ee85bd70dbbafd0aa0.jpg was preloaded using link preload but not used within a few seconds from the window's load event. Please make sure it has an appropriate `as` value and it is preloaded intentionally. @ https://kr.pinterest.com/:0
[   78167ms] [WARNING] The resource https://i.pinimg.com/236x/96/86/8d/96868d31beb53576ff7df531ebaced18.jpg was preloaded using link preload but not used within a few seconds from the window's load event. Please make sure it has an appropriate `as` value and it is preloaded intentionally. @ https://kr.pinterest.com/:0
[   78167ms] [WARNING] The resource https://i.pinimg.com/474x/c0/b1/d8/c0b1d800bfbb4ae0ffea1e0669f2af14.jpg was preloaded using link preload but not used within a few seconds from the window's load event. Please make sure it has an appropriate `as` value and it is preloaded intentionally. @ https://kr.pinterest.com/:0
[   78167ms] [WARNING] The resource https://i.pinimg.com/236x/e6/c1/28/e6c128b58c4d24dda919fc0696a04e77.jpg was preloaded using link preload but not used within a few seconds from the window's load event. Please make sure it has an appropriate `as` value and it is preloaded intentionally. @ https://kr.pinterest.com/:0
[   78167ms] [WARNING] The resource https://i.pinimg.com/236x/01/86/b2/0186b2a08e4649069418921886abd622.jpg was preloaded using link preload but not used within a few seconds from the window's load event. Please make sure it has an appropriate `as` value and it is preloaded intentionally. @ https://kr.pinterest.com/:0
[   78167ms] [WARNING] The resource https://i.pinimg.com/236x/d4/e6/52/d4e652fa0e444c5585f2f0405d54c792.jpg was preloaded using link preload but not used within a few seconds from the window's load event. Please make sure it has an appropriate `as` value and it is preloaded intentionally. @ https://kr.pinterest.com/:0
[   78167ms] [WARNING] The resource https://i.pinimg.com/236x/3c/08/5f/3c085f5cd62821b6e3c7c34228180734.jpg was preloaded using link preload but not used within a few seconds from the window's load event. Please make sure it has an appropriate `as` value and it is preloaded intentionally. @ https://kr.pinterest.com/:0
[   78167ms] [WARNING] The resource https://i.pinimg.com/474x/85/7f/dd/857fdd2df62b1327ae9ed30a6ef60c49.jpg was preloaded using link preload but not used within a few seconds from the window's load event. Please make sure it has an appropriate `as` value and it is preloaded intentionally. @ https://kr.pinterest.com/:0
[   78167ms] [WARNING] The resource https://i.pinimg.com/474x/1b/7c/80/1b7c805d1bae9e4302742aef6afe4fee.jpg was preloaded using link preload but not used within a few seconds from the window's load event. Please make sure it has an appropriate `as` value and it is preloaded intentionally. @ https://kr.pinterest.com/:0
[   78167ms] [WARNING] The resource https://i.pinimg.com/236x/09/bd/f0/09bdf0d1036da833d4946112413e2d81.jpg was preloaded using link preload but not used within a few seconds from the window's load event. Please make sure it has an appropriate `as` value and it is preloaded intentionally. @ https://kr.pinterest.com/:0
[   78167ms] [WARNING] The resource https://i.pinimg.com/474x/09/81/ea/0981ea7dc74e0daf206ce8f504e661e0.jpg was preloaded using link preload but not used within a few seconds from the window's load event. Please make sure it has an appropriate `as` value and it is preloaded intentionally. @ https://kr.pinterest.com/:0
[   78167ms] [WARNING] The resource https://i.pinimg.com/474x/0f/69/b2/0f69b2aa87f46a1bd4dd9757f586d62b.jpg was preloaded using link preload but not used within a few seconds from the window's load event. Please make sure it has an appropriate `as` value and it is preloaded intentionally. @ https://kr.pinterest.com/:0
[   78167ms] [WARNING] The resource https://i.pinimg.com/474x/25/b0/4d/25b04d11417944c80ea1a9e48d26e0b7.jpg was preloaded using link preload but not used within a few seconds from the window's load event. Please make sure it has an appropriate `as` value and it is preloaded intentionally. @ https://kr.pinterest.com/:0
[   78167ms] [WARNING] The resource https://i.pinimg.com/236x/83/21/de/8321de1cfbb7a481c3c5a9c4081bb93b.jpg was preloaded using link preload but not used within a few seconds from the window's load event. Please make sure it has an appropriate `as` value and it is preloaded intentionally. @ https://kr.pinterest.com/:0
[   78167ms] [WARNING] The resource https://i.pinimg.com/236x/2b/21/12/2b21129bed9ffcf273ac8ce44ae353b5.jpg was preloaded using link preload but not used within a few seconds from the window's load event. Please make sure it has an appropriate `as` value and it is preloaded intentionally. @ https://kr.pinterest.com/:0
[   78167ms] [WARNING] The resource https://i.pinimg.com/236x/27/8d/5a/278d5aa26c03cd1df82cd7309f08a631.jpg was preloaded using link preload but not used within a few seconds from the window's load event. Please make sure it has an appropriate `as` value and it is preloaded intentionally. @ https://kr.pinterest.com/:0
[   78167ms] [WARNING] The resource https://i.pinimg.com/236x/08/f0/5a/08f05af36f156e71e8ae321a11100764.jpg was preloaded using link preload but not used within a few seconds from the window's load event. Please make sure it has an appropriate `as` value and it is preloaded intentionally. @ https://kr.pinterest.com/:0
[   78167ms] [WARNING] The resource https://i.pinimg.com/236x/28/c8/75/28c87527c5bd7236a22e720fb2d44d45.jpg was preloaded using link preload but not used within a few seconds from the window's load event. Please make sure it has an appropriate `as` value and it is preloaded intentionally. @ https://kr.pinterest.com/:0
[   78167ms] [WARNING] The resource https://i.pinimg.com/236x/9e/87/69/9e8769c56f1c6aba3b8c3114c7cbff70.jpg was preloaded using link preload but not used within a few seconds from the window's load event. Please make sure it has an appropriate `as` value and it is preloaded intentionally. @ https://kr.pinterest.com/:0
[   78167ms] [WARNING] The resource https://i.pinimg.com/236x/e7/fa/86/e7fa8622724c4d61c72de955d0b81387.jpg was preloaded using link preload but not used within a few seconds from the window's load event. Please make sure it has an appropriate `as` value and it is preloaded intentionally. @ https://kr.pinterest.com/:0
[   78167ms] [WARNING] The resource https://i.pinimg.com/474x/34/e2/7e/34e27efc47591946303d5600c0a9ec81.jpg was preloaded using link preload but not used within a few seconds from the window's load event. Please make sure it has an appropriate `as` value and it is preloaded intentionally. @ https://kr.pinterest.com/:0
[   78167ms] [WARNING] The resource https://i.pinimg.com/236x/43/1a/95/431a956c16e8d8d00a682d1c6d03a8fb.jpg was preloaded using link preload but not used within a few seconds from the window's load event. Please make sure it has an appropriate `as` value and it is preloaded intentionally. @ https://kr.pinterest.com/:0
[   78167ms] [WARNING] The resource https://i.pinimg.com/236x/1d/a4/2a/1da42afb423ee13fca6bf6c7bd68fd15.jpg was preloaded using link preload but not used within a few seconds from the window's load event. Please make sure it has an appropriate `as` value and it is preloaded intentionally. @ https://kr.pinterest.com/:0
[   78167ms] [WARNING] The resource https://i.pinimg.com/474x/14/50/c2/1450c286972ab72ee8ec801322ed7cbc.jpg was preloaded using link preload but not used within a few seconds from the window's load event. Please make sure it has an appropriate `as` value and it is preloaded intentionally. @ https://kr.pinterest.com/:0
[   78167ms] [WARNING] The resource https://i.pinimg.com/236x/92/ff/47/92ff47314e39dbc44b3dba7ddaae37de.jpg was preloaded using link preload but not used within a few seconds from the window's load event. Please make sure it has an appropriate `as` value and it is preloaded intentionally. @ https://kr.pinterest.com/:0
[   78167ms] [WARNING] The resource https://i.pinimg.com/474x/bb/e2/81/bbe28166deb75208b9193d1d89315eb3.jpg was preloaded using link preload but not used within a few seconds from the window's load event. Please make sure it has an appropriate `as` value and it is preloaded intentionally. @ https://kr.pinterest.com/:0
[   78167ms] [WARNING] The resource https://i.pinimg.com/474x/6a/d8/53/6ad8539c3a739a4b8e2d84bd290d3b79.jpg was preloaded using link preload but not used within a few seconds from the window's load event. Please make sure it has an appropriate `as` value and it is preloaded intentionally. @ https://kr.pinterest.com/:0
[   96541ms] [WARNING] The resource https://i.pinimg.com/236x/ee/23/2d/ee232db5d385af190427b563b499d380.jpg was preloaded using link preload but not used within a few seconds from the window's load event. Please make sure it has an appropriate `as` value and it is preloaded intentionally. @ https://kr.pinterest.com/:0
[   96542ms] [WARNING] The resource https://i.pinimg.com/474x/50/a4/08/50a408dd6a66974273728a70f78b5402.jpg was preloaded using link preload but not used within a few seconds from the window's load event. Please make sure it has an appropriate `as` value and it is preloaded intentionally. @ https://kr.pinterest.com/:0
[   96542ms] [WARNING] The resource https://i.pinimg.com/474x/9e/e0/6d/9ee06de8b44e9f7820eeda35de166e43.jpg was preloaded using link preload but not used within a few seconds from the window's load event. Please make sure it has an appropriate `as` value and it is preloaded intentionally. @ https://kr.pinterest.com/:0
[   96542ms] [WARNING] The resource https://i.pinimg.com/236x/2e/da/c6/2edac682cc0711795e91e381ded479f5.jpg was preloaded using link preload but not used within a few seconds from the window's load event. Please make sure it has an appropriate `as` value and it is preloaded intentionally. @ https://kr.pinterest.com/:0
[   96542ms] [WARNING] The resource https://i.pinimg.com/474x/00/b9/80/00b980476ea605ecfb1300a5e1f59e70.jpg was preloaded using link preload but not used within a few seconds from the window's load event. Please make sure it has an appropriate `as` value and it is preloaded intentionally. @ https://kr.pinterest.com/:0
[   96542ms] [WARNING] The resource https://i.pinimg.com/236x/07/94/67/07946780dde0f2e40c986b86ca2cc653.jpg was preloaded using link preload but not used within a few seconds from the window's load event. Please make sure it has an appropriate `as` value and it is preloaded intentionally. @ https://kr.pinterest.com/:0
[   96542ms] [WARNING] The resource https://i.pinimg.com/474x/a7/19/93/a719935209be09c74e38aa6e755515d1.jpg was preloaded using link preload but not used within a few seconds from the window's load event. Please make sure it has an appropriate `as` value and it is preloaded intentionally. @ https://kr.pinterest.com/:0
[   96542ms] [WARNING] The resource https://i.pinimg.com/474x/70/da/a7/70daa7903f383805ce9fd1d810d5231d.jpg was preloaded using link preload but not used within a few seconds from the window's load event. Please make sure it has an appropriate `as` value and it is preloaded intentionally. @ https://kr.pinterest.com/:0
[   96542ms] [WARNING] The resource https://i.pinimg.com/474x/89/b7/db/89b7dbba7bdf2c434cff4e261dd4b39d.jpg was preloaded using link preload but not used within a few seconds from the window's load event. Please make sure it has an appropriate `as` value and it is preloaded intentionally. @ https://kr.pinterest.com/:0
[   96542ms] [WARNING] The resource https://i.pinimg.com/236x/d6/15/eb/d615eb5ecd00f142bea8d700933e602a.jpg was preloaded using link preload but not used within a few seconds from the window's load event. Please make sure it has an appropriate `as` value and it is preloaded intentionally. @ https://kr.pinterest.com/:0
[   96542ms] [WARNING] The resource https://i.pinimg.com/236x/a5/1c/02/a51c02183396a35e73c91a8f51b1a132.jpg was preloaded using link preload but not used within a few seconds from the window's load event. Please make sure it has an appropriate `as` value and it is preloaded intentionally. @ https://kr.pinterest.com/:0
[   96542ms] [WARNING] The resource https://i.pinimg.com/236x/7f/c0/a7/7fc0a74c8f01257729566e5c524494d9.jpg was preloaded using link preload but not used within a few seconds from the window's load event. Please make sure it has an appropriate `as` value and it is preloaded intentionally. @ https://kr.pinterest.com/:0
[   96542ms] [WARNING] The resource https://i.pinimg.com/236x/25/4d/a1/254da18932097a43457d83bee029c2aa.jpg was preloaded using link preload but not used within a few seconds from the window's load event. Please make sure it has an appropriate `as` value and it is preloaded intentionally. @ https://kr.pinterest.com/:0
[   96542ms] [WARNING] The resource https://i.pinimg.com/236x/1b/7b/3b/1b7b3b9367976c2595bbd3d9bb4ee49d.jpg was preloaded using link preload but not used within a few seconds from the window's load event. Please make sure it has an appropriate `as` value and it is preloaded intentionally. @ https://kr.pinterest.com/:0
[   96542ms] [WARNING] The resource https://i.pinimg.com/474x/b6/d8/d8/b6d8d8b6f5148aeaf03da762c5153a8b.jpg was preloaded using link preload but not used within a few seconds from the window's load event. Please make sure it has an appropriate `as` value and it is preloaded intentionally. @ https://kr.pinterest.com/:0
[   96542ms] [WARNING] The resource https://i.pinimg.com/236x/0b/5c/97/0b5c973c59c28160bdb25d92f0544d33.jpg was preloaded using link preload but not used within a few seconds from the window's load event. Please make sure it has an appropriate `as` value and it is preloaded intentionally. @ https://kr.pinterest.com/:0
[   96542ms] [WARNING] The resource https://i.pinimg.com/236x/66/04/78/6604787a6521e8cee548eb6008f7a7ec.jpg was preloaded using link preload but not used within a few seconds from the window's load event. Please make sure it has an appropriate `as` value and it is preloaded intentionally. @ https://kr.pinterest.com/:0
[   96542ms] [WARNING] The resource https://i.pinimg.com/236x/ad/72/bf/ad72bffd03a1ad97775e4f8e8a08878c.jpg was preloaded using link preload but not used within a few seconds from the window's load event. Please make sure it has an appropriate `as` value and it is preloaded intentionally. @ https://kr.pinterest.com/:0
[   96542ms] [WARNING] The resource https://i.pinimg.com/236x/34/86/19/348619194f8731ee85bd70dbbafd0aa0.jpg was preloaded using link preload but not used within a few seconds from the window's load event. Please make sure it has an appropriate `as` value and it is preloaded intentionally. @ https://kr.pinterest.com/:0
[   96542ms] [WARNING] The resource https://i.pinimg.com/236x/96/86/8d/96868d31beb53576ff7df531ebaced18.jpg was preloaded using link preload but not used within a few seconds from the window's load event. Please make sure it has an appropriate `as` value and it is preloaded intentionally. @ https://kr.pinterest.com/:0
[   96542ms] [WARNING] The resource https://i.pinimg.com/474x/c0/b1/d8/c0b1d800bfbb4ae0ffea1e0669f2af14.jpg was preloaded using link preload but not used within a few seconds from the window's load event. Please make sure it has an appropriate `as` value and it is preloaded intentionally. @ https://kr.pinterest.com/:0
[   96542ms] [WARNING] The resource https://i.pinimg.com/236x/e6/c1/28/e6c128b58c4d24dda919fc0696a04e77.jpg was preloaded using link preload but not used within a few seconds from the window's load event. Please make sure it has an appropriate `as` value and it is preloaded intentionally. @ https://kr.pinterest.com/:0
[   96542ms] [WARNING] The resource https://i.pinimg.com/236x/01/86/b2/0186b2a08e4649069418921886abd622.jpg was preloaded using link preload but not used within a few seconds from the window's load event. Please make sure it has an appropriate `as` value and it is preloaded intentionally. @ https://kr.pinterest.com/:0
[   96542ms] [WARNING] The resource https://i.pinimg.com/236x/d4/e6/52/d4e652fa0e444c5585f2f0405d54c792.jpg was preloaded using link preload but not used within a few seconds from the window's load event. Please make sure it has an appropriate `as` value and it is preloaded intentionally. @ https://kr.pinterest.com/:0
[   96542ms] [WARNING] The resource https://i.pinimg.com/236x/3c/08/5f/3c085f5cd62821b6e3c7c34228180734.jpg was preloaded using link preload but not used within a few seconds from the window's load event. Please make sure it has an appropriate `as` value and it is preloaded intentionally. @ https://kr.pinterest.com/:0
[   96542ms] [WARNING] The resource https://i.pinimg.com/474x/85/7f/dd/857fdd2df62b1327ae9ed30a6ef60c49.jpg was preloaded using link preload but not used within a few seconds from the window's load event. Please make sure it has an appropriate `as` value and it is preloaded intentionally. @ https://kr.pinterest.com/:0
[   96542ms] [WARNING] The resource https://i.pinimg.com/474x/1b/7c/80/1b7c805d1bae9e4302742aef6afe4fee.jpg was preloaded using link preload but not used within a few seconds from the window's load event. Please make sure it has an appropriate `as` value and it is preloaded intentionally. @ https://kr.pinterest.com/:0
[   96542ms] [WARNING] The resource https://i.pinimg.com/236x/09/bd/f0/09bdf0d1036da833d4946112413e2d81.jpg was preloaded using link preload but not used within a few seconds from the window's load event. Please make sure it has an appropriate `as` value and it is preloaded intentionally. @ https://kr.pinterest.com/:0
[   96542ms] [WARNING] The resource https://i.pinimg.com/474x/09/81/ea/0981ea7dc74e0daf206ce8f504e661e0.jpg was preloaded using link preload but not used within a few seconds from the window's load event. Please make sure it has an appropriate `as` value and it is preloaded intentionally. @ https://kr.pinterest.com/:0
[   96542ms] [WARNING] The resource https://i.pinimg.com/474x/0f/69/b2/0f69b2aa87f46a1bd4dd9757f586d62b.jpg was preloaded using link preload but not used within a few seconds from the window's load event. Please make sure it has an appropriate `as` value and it is preloaded intentionally. @ https://kr.pinterest.com/:0
[   96542ms] [WARNING] The resource https://i.pinimg.com/474x/25/b0/4d/25b04d11417944c80ea1a9e48d26e0b7.jpg was preloaded using link preload but not used within a few seconds from the window's load event. Please make sure it has an appropriate `as` value and it is preloaded intentionally. @ https://kr.pinterest.com/:0
[   96542ms] [WARNING] The resource https://i.pinimg.com/236x/83/21/de/8321de1cfbb7a481c3c5a9c4081bb93b.jpg was preloaded using link preload but not used within a few seconds from the window's load event. Please make sure it has an appropriate `as` value and it is preloaded intentionally. @ https://kr.pinterest.com/:0
[   96542ms] [WARNING] The resource https://i.pinimg.com/236x/2b/21/12/2b21129bed9ffcf273ac8ce44ae353b5.jpg was preloaded using link preload but not used within a few seconds from the window's load event. Please make sure it has an appropriate `as` value and it is preloaded intentionally. @ https://kr.pinterest.com/:0
[   96542ms] [WARNING] The resource https://i.pinimg.com/236x/27/8d/5a/278d5aa26c03cd1df82cd7309f08a631.jpg was preloaded using link preload but not used within a few seconds from the window's load event. Please make sure it has an appropriate `as` value and it is preloaded intentionally. @ https://kr.pinterest.com/:0
[   96542ms] [WARNING] The resource https://i.pinimg.com/236x/08/f0/5a/08f05af36f156e71e8ae321a11100764.jpg was preloaded using link preload but not used within a few seconds from the window's load event. Please make sure it has an appropriate `as` value and it is preloaded intentionally. @ https://kr.pinterest.com/:0
[   96542ms] [WARNING] The resource https://i.pinimg.com/236x/28/c8/75/28c87527c5bd7236a22e720fb2d44d45.jpg was preloaded using link preload but not used within a few seconds from the window's load event. Please make sure it has an appropriate `as` value and it is preloaded intentionally. @ https://kr.pinterest.com/:0
[   96542ms] [WARNING] The resource https://i.pinimg.com/236x/9e/87/69/9e8769c56f1c6aba3b8c3114c7cbff70.jpg was preloaded using link preload but not used within a few seconds from the window's load event. Please make sure it has an appropriate `as` value and it is preloaded intentionally. @ https://kr.pinterest.com/:0
[   96542ms] [WARNING] The resource https://i.pinimg.com/236x/e7/fa/86/e7fa8622724c4d61c72de955d0b81387.jpg was preloaded using link preload but not used within a few seconds from the window's load event. Please make sure it has an appropriate `as` value and it is preloaded intentionally. @ https://kr.pinterest.com/:0
[   96542ms] [WARNING] The resource https://i.pinimg.com/474x/34/e2/7e/34e27efc47591946303d5600c0a9ec81.jpg was preloaded using link preload but not used within a few seconds from the window's load event. Please make sure it has an appropriate `as` value and it is preloaded intentionally. @ https://kr.pinterest.com/:0
[   96542ms] [WARNING] The resource https://i.pinimg.com/236x/43/1a/95/431a956c16e8d8d00a682d1c6d03a8fb.jpg was preloaded using link preload but not used within a few seconds from the window's load event. Please make sure it has an appropriate `as` value and it is preloaded intentionally. @ https://kr.pinterest.com/:0
[   96542ms] [WARNING] The resource https://i.pinimg.com/236x/1d/a4/2a/1da42afb423ee13fca6bf6c7bd68fd15.jpg was preloaded using link preload but not used within a few seconds from the window's load event. Please make sure it has an appropriate `as` value and it is preloaded intentionally. @ https://kr.pinterest.com/:0
[   96542ms] [WARNING] The resource https://i.pinimg.com/474x/14/50/c2/1450c286972ab72ee8ec801322ed7cbc.jpg was preloaded using link preload but not used within a few seconds from the window's load event. Please make sure it has an appropriate `as` value and it is preloaded intentionally. @ https://kr.pinterest.com/:0
[   96542ms] [WARNING] The resource https://i.pinimg.com/236x/92/ff/47/92ff47314e39dbc44b3dba7ddaae37de.jpg was preloaded using link preload but not used within a few seconds from the window's load event. Please make sure it has an appropriate `as` value and it is preloaded intentionally. @ https://kr.pinterest.com/:0
[   96542ms] [WARNING] The resource https://i.pinimg.com/474x/bb/e2/81/bbe28166deb75208b9193d1d89315eb3.jpg was preloaded using link preload but not used within a few seconds from the window's load event. Please make sure it has an appropriate `as` value and it is preloaded intentionally. @ https://kr.pinterest.com/:0
[   96542ms] [WARNING] The resource https://i.pinimg.com/474x/6a/d8/53/6ad8539c3a739a4b8e2d84bd290d3b79.jpg was preloaded using link preload but not used within a few seconds from the window's load event. Please make sure it has an appropriate `as` value and it is preloaded intentionally. @ https://kr.pinterest.com/:0
[  104749ms] [WARNING] The resource https://i.pinimg.com/236x/ee/23/2d/ee232db5d385af190427b563b499d380.jpg was preloaded using link preload but not used within a few seconds from the window's load event. Please make sure it has an appropriate `as` value and it is preloaded intentionally. @ https://kr.pinterest.com/:0
[  104749ms] [WARNING] The resource https://i.pinimg.com/474x/50/a4/08/50a408dd6a66974273728a70f78b5402.jpg was preloaded using link preload but not used within a few seconds from the window's load event. Please make sure it has an appropriate `as` value and it is preloaded intentionally. @ https://kr.pinterest.com/:0
[  104749ms] [WARNING] The resource https://i.pinimg.com/474x/9e/e0/6d/9ee06de8b44e9f7820eeda35de166e43.jpg was preloaded using link preload but not used within a few seconds from the window's load event. Please make sure it has an appropriate `as` value and it is preloaded intentionally. @ https://kr.pinterest.com/:0
[  104749ms] [WARNING] The resource https://i.pinimg.com/236x/2e/da/c6/2edac682cc0711795e91e381ded479f5.jpg was preloaded using link preload but not used within a few seconds from the window's load event. Please make sure it has an appropriate `as` value and it is preloaded intentionally. @ https://kr.pinterest.com/:0
[  104749ms] [WARNING] The resource https://i.pinimg.com/474x/00/b9/80/00b980476ea605ecfb1300a5e1f59e70.jpg was preloaded using link preload but not used within a few seconds from the window's load event. Please make sure it has an appropriate `as` value and it is preloaded intentionally. @ https://kr.pinterest.com/:0
[  104749ms] [WARNING] The resource https://i.pinimg.com/236x/07/94/67/07946780dde0f2e40c986b86ca2cc653.jpg was preloaded using link preload but not used within a few seconds from the window's load event. Please make sure it has an appropriate `as` value and it is preloaded intentionally. @ https://kr.pinterest.com/:0
[  104749ms] [WARNING] The resource https://i.pinimg.com/474x/a7/19/93/a719935209be09c74e38aa6e755515d1.jpg was preloaded using link preload but not used within a few seconds from the window's load event. Please make sure it has an appropriate `as` value and it is preloaded intentionally. @ https://kr.pinterest.com/:0
[  104749ms] [WARNING] The resource https://i.pinimg.com/474x/70/da/a7/70daa7903f383805ce9fd1d810d5231d.jpg was preloaded using link preload but not used within a few seconds from the window's load event. Please make sure it has an appropriate `as` value and it is preloaded intentionally. @ https://kr.pinterest.com/:0
[  104749ms] [WARNING] The resource https://i.pinimg.com/474x/89/b7/db/89b7dbba7bdf2c434cff4e261dd4b39d.jpg was preloaded using link preload but not used within a few seconds from the window's load event. Please make sure it has an appropriate `as` value and it is preloaded intentionally. @ https://kr.pinterest.com/:0
[  104749ms] [WARNING] The resource https://i.pinimg.com/236x/d6/15/eb/d615eb5ecd00f142bea8d700933e602a.jpg was preloaded using link preload but not used within a few seconds from the window's load event. Please make sure it has an appropriate `as` value and it is preloaded intentionally. @ https://kr.pinterest.com/:0
[  104749ms] [WARNING] The resource https://i.pinimg.com/236x/a5/1c/02/a51c02183396a35e73c91a8f51b1a132.jpg was preloaded using link preload but not used within a few seconds from the window's load event. Please make sure it has an appropriate `as` value and it is preloaded intentionally. @ https://kr.pinterest.com/:0
[  104749ms] [WARNING] The resource https://i.pinimg.com/236x/7f/c0/a7/7fc0a74c8f01257729566e5c524494d9.jpg was preloaded using link preload but not used within a few seconds from the window's load event. Please make sure it has an appropriate `as` value and it is preloaded intentionally. @ https://kr.pinterest.com/:0
[  104749ms] [WARNING] The resource https://i.pinimg.com/236x/25/4d/a1/254da18932097a43457d83bee029c2aa.jpg was preloaded using link preload but not used within a few seconds from the window's load event. Please make sure it has an appropriate `as` value and it is preloaded intentionally. @ https://kr.pinterest.com/:0
[  104749ms] [WARNING] The resource https://i.pinimg.com/236x/1b/7b/3b/1b7b3b9367976c2595bbd3d9bb4ee49d.jpg was preloaded using link preload but not used within a few seconds from the window's load event. Please make sure it has an appropriate `as` value and it is preloaded intentionally. @ https://kr.pinterest.com/:0
[  104749ms] [WARNING] The resource https://i.pinimg.com/474x/b6/d8/d8/b6d8d8b6f5148aeaf03da762c5153a8b.jpg was preloaded using link preload but not used within a few seconds from the window's load event. Please make sure it has an appropriate `as` value and it is preloaded intentionally. @ https://kr.pinterest.com/:0
[  104749ms] [WARNING] The resource https://i.pinimg.com/236x/0b/5c/97/0b5c973c59c28160bdb25d92f0544d33.jpg was preloaded using link preload but not used within a few seconds from the window's load event. Please make sure it has an appropriate `as` value and it is preloaded intentionally. @ https://kr.pinterest.com/:0
[  104749ms] [WARNING] The resource https://i.pinimg.com/236x/66/04/78/6604787a6521e8cee548eb6008f7a7ec.jpg was preloaded using link preload but not used within a few seconds from the window's load event. Please make sure it has an appropriate `as` value and it is preloaded intentionally. @ https://kr.pinterest.com/:0
[  104749ms] [WARNING] The resource https://i.pinimg.com/236x/ad/72/bf/ad72bffd03a1ad97775e4f8e8a08878c.jpg was preloaded using link preload but not used within a few seconds from the window's load event. Please make sure it has an appropriate `as` value and it is preloaded intentionally. @ https://kr.pinterest.com/:0
[  104749ms] [WARNING] The resource https://i.pinimg.com/236x/34/86/19/348619194f8731ee85bd70dbbafd0aa0.jpg was preloaded using link preload but not used within a few seconds from the window's load event. Please make sure it has an appropriate `as` value and it is preloaded intentionally. @ https://kr.pinterest.com/:0
[  104749ms] [WARNING] The resource https://i.pinimg.com/236x/96/86/8d/96868d31beb53576ff7df531ebaced18.jpg was preloaded using link preload but not used within a few seconds from the window's load event. Please make sure it has an appropriate `as` value and it is preloaded intentionally. @ https://kr.pinterest.com/:0
[  104749ms] [WARNING] The resource https://i.pinimg.com/474x/c0/b1/d8/c0b1d800bfbb4ae0ffea1e0669f2af14.jpg was preloaded using link preload but not used within a few seconds from the window's load event. Please make sure it has an appropriate `as` value and it is preloaded intentionally. @ https://kr.pinterest.com/:0
[  104749ms] [WARNING] The resource https://i.pinimg.com/236x/e6/c1/28/e6c128b58c4d24dda919fc0696a04e77.jpg was preloaded using link preload but not used within a few seconds from the window's load event. Please make sure it has an appropriate `as` value and it is preloaded intentionally. @ https://kr.pinterest.com/:0
[  104749ms] [WARNING] The resource https://i.pinimg.com/236x/01/86/b2/0186b2a08e4649069418921886abd622.jpg was preloaded using link preload but not used within a few seconds from the window's load event. Please make sure it has an appropriate `as` value and it is preloaded intentionally. @ https://kr.pinterest.com/:0
[  104749ms] [WARNING] The resource https://i.pinimg.com/236x/d4/e6/52/d4e652fa0e444c5585f2f0405d54c792.jpg was preloaded using link preload but not used within a few seconds from the window's load event. Please make sure it has an appropriate `as` value and it is preloaded intentionally. @ https://kr.pinterest.com/:0
[  104749ms] [WARNING] The resource https://i.pinimg.com/236x/3c/08/5f/3c085f5cd62821b6e3c7c34228180734.jpg was preloaded using link preload but not used within a few seconds from the window's load event. Please make sure it has an appropriate `as` value and it is preloaded intentionally. @ https://kr.pinterest.com/:0
[  104749ms] [WARNING] The resource https://i.pinimg.com/474x/85/7f/dd/857fdd2df62b1327ae9ed30a6ef60c49.jpg was preloaded using link preload but not used within a few seconds from the window's load event. Please make sure it has an appropriate `as` value and it is preloaded intentionally. @ https://kr.pinterest.com/:0
[  104749ms] [WARNING] The resource https://i.pinimg.com/474x/1b/7c/80/1b7c805d1bae9e4302742aef6afe4fee.jpg was preloaded using link preload but not used within a few seconds from the window's load event. Please make sure it has an appropriate `as` value and it is preloaded intentionally. @ https://kr.pinterest.com/:0
[  104749ms] [WARNING] The resource https://i.pinimg.com/236x/09/bd/f0/09bdf0d1036da833d4946112413e2d81.jpg was preloaded using link preload but not used within a few seconds from the window's load event. Please make sure it has an appropriate `as` value and it is preloaded intentionally. @ https://kr.pinterest.com/:0
[  104749ms] [WARNING] The resource https://i.pinimg.com/474x/09/81/ea/0981ea7dc74e0daf206ce8f504e661e0.jpg was preloaded using link preload but not used within a few seconds from the window's load event. Please make sure it has an appropriate `as` value and it is preloaded intentionally. @ https://kr.pinterest.com/:0
[  104749ms] [WARNING] The resource https://i.pinimg.com/474x/0f/69/b2/0f69b2aa87f46a1bd4dd9757f586d62b.jpg was preloaded using link preload but not used within a few seconds from the window's load event. Please make sure it has an appropriate `as` value and it is preloaded intentionally. @ https://kr.pinterest.com/:0
[  104749ms] [WARNING] The resource https://i.pinimg.com/474x/25/b0/4d/25b04d11417944c80ea1a9e48d26e0b7.jpg was preloaded using link preload but not used within a few seconds from the window's load event. Please make sure it has an appropriate `as` value and it is preloaded intentionally. @ https://kr.pinterest.com/:0
[  104749ms] [WARNING] The resource https://i.pinimg.com/236x/83/21/de/8321de1cfbb7a481c3c5a9c4081bb93b.jpg was preloaded using link preload but not used within a few seconds from the window's load event. Please make sure it has an appropriate `as` value and it is preloaded intentionally. @ https://kr.pinterest.com/:0
[  104749ms] [WARNING] The resource https://i.pinimg.com/236x/2b/21/12/2b21129bed9ffcf273ac8ce44ae353b5.jpg was preloaded using link preload but not used within a few seconds from the window's load event. Please make sure it has an appropriate `as` value and it is preloaded intentionally. @ https://kr.pinterest.com/:0
[  104749ms] [WARNING] The resource https://i.pinimg.com/236x/27/8d/5a/278d5aa26c03cd1df82cd7309f08a631.jpg was preloaded using link preload but not used within a few seconds from the window's load event. Please make sure it has an appropriate `as` value and it is preloaded intentionally. @ https://kr.pinterest.com/:0
[  104749ms] [WARNING] The resource https://i.pinimg.com/236x/08/f0/5a/08f05af36f156e71e8ae321a11100764.jpg was preloaded using link preload but not used within a few seconds from the window's load event. Please make sure it has an appropriate `as` value and it is preloaded intentionally. @ https://kr.pinterest.com/:0
[  104749ms] [WARNING] The resource https://i.pinimg.com/236x/28/c8/75/28c87527c5bd7236a22e720fb2d44d45.jpg was preloaded using link preload but not used within a few seconds from the window's load event. Please make sure it has an appropriate `as` value and it is preloaded intentionally. @ https://kr.pinterest.com/:0
[  104749ms] [WARNING] The resource https://i.pinimg.com/236x/9e/87/69/9e8769c56f1c6aba3b8c3114c7cbff70.jpg was preloaded using link preload but not used within a few seconds from the window's load event. Please make sure it has an appropriate `as` value and it is preloaded intentionally. @ https://kr.pinterest.com/:0
[  104749ms] [WARNING] The resource https://i.pinimg.com/236x/e7/fa/86/e7fa8622724c4d61c72de955d0b81387.jpg was preloaded using link preload but not used within a few seconds from the window's load event. Please make sure it has an appropriate `as` value and it is preloaded intentionally. @ https://kr.pinterest.com/:0
[  104749ms] [WARNING] The resource https://i.pinimg.com/474x/34/e2/7e/34e27efc47591946303d5600c0a9ec81.jpg was preloaded using link preload but not used within a few seconds from the window's load event. Please make sure it has an appropriate `as` value and it is preloaded intentionally. @ https://kr.pinterest.com/:0
[  104749ms] [WARNING] The resource https://i.pinimg.com/236x/43/1a/95/431a956c16e8d8d00a682d1c6d03a8fb.jpg was preloaded using link preload but not used within a few seconds from the window's load event. Please make sure it has an appropriate `as` value and it is preloaded intentionally. @ https://kr.pinterest.com/:0
[  104749ms] [WARNING] The resource https://i.pinimg.com/236x/1d/a4/2a/1da42afb423ee13fca6bf6c7bd68fd15.jpg was preloaded using link preload but not used within a few seconds from the window's load event. Please make sure it has an appropriate `as` value and it is preloaded intentionally. @ https://kr.pinterest.com/:0
[  104749ms] [WARNING] The resource https://i.pinimg.com/474x/14/50/c2/1450c286972ab72ee8ec801322ed7cbc.jpg was preloaded using link preload but not used within a few seconds from the window's load event. Please make sure it has an appropriate `as` value and it is preloaded intentionally. @ https://kr.pinterest.com/:0
[  104749ms] [WARNING] The resource https://i.pinimg.com/236x/92/ff/47/92ff47314e39dbc44b3dba7ddaae37de.jpg was preloaded using link preload but not used within a few seconds from the window's load event. Please make sure it has an appropriate `as` value and it is preloaded intentionally. @ https://kr.pinterest.com/:0
[  104749ms] [WARNING] The resource https://i.pinimg.com/474x/bb/e2/81/bbe28166deb75208b9193d1d89315eb3.jpg was preloaded using link preload but not used within a few seconds from the window's load event. Please make sure it has an appropriate `as` value and it is preloaded intentionally. @ https://kr.pinterest.com/:0
[  104749ms] [WARNING] The resource https://i.pinimg.com/474x/6a/d8/53/6ad8539c3a739a4b8e2d84bd290d3b79.jpg was preloaded using link preload but not used within a few seconds from the window's load event. Please make sure it has an appropriate `as` value and it is preloaded intentionally. @ https://kr.pinterest.com/:0
[  109549ms] [WARNING] The resource https://i.pinimg.com/236x/ee/23/2d/ee232db5d385af190427b563b499d380.jpg was preloaded using link preload but not used within a few seconds from the window's load event. Please make sure it has an appropriate `as` value and it is preloaded intentionally. @ https://kr.pinterest.com/:0
[  109549ms] [WARNING] The resource https://i.pinimg.com/474x/50/a4/08/50a408dd6a66974273728a70f78b5402.jpg was preloaded using link preload but not used within a few seconds from the window's load event. Please make sure it has an appropriate `as` value and it is preloaded intentionally. @ https://kr.pinterest.com/:0
[  109549ms] [WARNING] The resource https://i.pinimg.com/474x/9e/e0/6d/9ee06de8b44e9f7820eeda35de166e43.jpg was preloaded using link preload but not used within a few seconds from the window's load event. Please make sure it has an appropriate `as` value and it is preloaded intentionally. @ https://kr.pinterest.com/:0
[  109549ms] [WARNING] The resource https://i.pinimg.com/236x/2e/da/c6/2edac682cc0711795e91e381ded479f5.jpg was preloaded using link preload but not used within a few seconds from the window's load event. Please make sure it has an appropriate `as` value and it is preloaded intentionally. @ https://kr.pinterest.com/:0
[  109549ms] [WARNING] The resource https://i.pinimg.com/474x/00/b9/80/00b980476ea605ecfb1300a5e1f59e70.jpg was preloaded using link preload but not used within a few seconds from the window's load event. Please make sure it has an appropriate `as` value and it is preloaded intentionally. @ https://kr.pinterest.com/:0
[  109549ms] [WARNING] The resource https://i.pinimg.com/236x/07/94/67/07946780dde0f2e40c986b86ca2cc653.jpg was preloaded using link preload but not used within a few seconds from the window's load event. Please make sure it has an appropriate `as` value and it is preloaded intentionally. @ https://kr.pinterest.com/:0
[  109549ms] [WARNING] The resource https://i.pinimg.com/474x/a7/19/93/a719935209be09c74e38aa6e755515d1.jpg was preloaded using link preload but not used within a few seconds from the window's load event. Please make sure it has an appropriate `as` value and it is preloaded intentionally. @ https://kr.pinterest.com/:0
[  109549ms] [WARNING] The resource https://i.pinimg.com/474x/70/da/a7/70daa7903f383805ce9fd1d810d5231d.jpg was preloaded using link preload but not used within a few seconds from the window's load event. Please make sure it has an appropriate `as` value and it is preloaded intentionally. @ https://kr.pinterest.com/:0
[  109549ms] [WARNING] The resource https://i.pinimg.com/474x/89/b7/db/89b7dbba7bdf2c434cff4e261dd4b39d.jpg was preloaded using link preload but not used within a few seconds from the window's load event. Please make sure it has an appropriate `as` value and it is preloaded intentionally. @ https://kr.pinterest.com/:0
[  109549ms] [WARNING] The resource https://i.pinimg.com/236x/d6/15/eb/d615eb5ecd00f142bea8d700933e602a.jpg was preloaded using link preload but not used within a few seconds from the window's load event. Please make sure it has an appropriate `as` value and it is preloaded intentionally. @ https://kr.pinterest.com/:0
[  109549ms] [WARNING] The resource https://i.pinimg.com/236x/a5/1c/02/a51c02183396a35e73c91a8f51b1a132.jpg was preloaded using link preload but not used within a few seconds from the window's load event. Please make sure it has an appropriate `as` value and it is preloaded intentionally. @ https://kr.pinterest.com/:0
[  109549ms] [WARNING] The resource https://i.pinimg.com/236x/7f/c0/a7/7fc0a74c8f01257729566e5c524494d9.jpg was preloaded using link preload but not used within a few seconds from the window's load event. Please make sure it has an appropriate `as` value and it is preloaded intentionally. @ https://kr.pinterest.com/:0
[  109549ms] [WARNING] The resource https://i.pinimg.com/236x/25/4d/a1/254da18932097a43457d83bee029c2aa.jpg was preloaded using link preload but not used within a few seconds from the window's load event. Please make sure it has an appropriate `as` value and it is preloaded intentionally. @ https://kr.pinterest.com/:0
[  109549ms] [WARNING] The resource https://i.pinimg.com/236x/1b/7b/3b/1b7b3b9367976c2595bbd3d9bb4ee49d.jpg was preloaded using link preload but not used within a few seconds from the window's load event. Please make sure it has an appropriate `as` value and it is preloaded intentionally. @ https://kr.pinterest.com/:0
[  109549ms] [WARNING] The resource https://i.pinimg.com/474x/b6/d8/d8/b6d8d8b6f5148aeaf03da762c5153a8b.jpg was preloaded using link preload but not used within a few seconds from the window's load event. Please make sure it has an appropriate `as` value and it is preloaded intentionally. @ https://kr.pinterest.com/:0
[  109549ms] [WARNING] The resource https://i.pinimg.com/236x/0b/5c/97/0b5c973c59c28160bdb25d92f0544d33.jpg was preloaded using link preload but not used within a few seconds from the window's load event. Please make sure it has an appropriate `as` value and it is preloaded intentionally. @ https://kr.pinterest.com/:0
[  109549ms] [WARNING] The resource https://i.pinimg.com/236x/66/04/78/6604787a6521e8cee548eb6008f7a7ec.jpg was preloaded using link preload but not used within a few seconds from the window's load event. Please make sure it has an appropriate `as` value and it is preloaded intentionally. @ https://kr.pinterest.com/:0
[  109549ms] [WARNING] The resource https://i.pinimg.com/236x/ad/72/bf/ad72bffd03a1ad97775e4f8e8a08878c.jpg was preloaded using link preload but not used within a few seconds from the window's load event. Please make sure it has an appropriate `as` value and it is preloaded intentionally. @ https://kr.pinterest.com/:0
[  109549ms] [WARNING] The resource https://i.pinimg.com/236x/34/86/19/348619194f8731ee85bd70dbbafd0aa0.jpg was preloaded using link preload but not used within a few seconds from the window's load event. Please make sure it has an appropriate `as` value and it is preloaded intentionally. @ https://kr.pinterest.com/:0
[  109549ms] [WARNING] The resource https://i.pinimg.com/236x/96/86/8d/96868d31beb53576ff7df531ebaced18.jpg was preloaded using link preload but not used within a few seconds from the window's load event. Please make sure it has an appropriate `as` value and it is preloaded intentionally. @ https://kr.pinterest.com/:0
[  109549ms] [WARNING] The resource https://i.pinimg.com/474x/c0/b1/d8/c0b1d800bfbb4ae0ffea1e0669f2af14.jpg was preloaded using link preload but not used within a few seconds from the window's load event. Please make sure it has an appropriate `as` value and it is preloaded intentionally. @ https://kr.pinterest.com/:0
[  109549ms] [WARNING] The resource https://i.pinimg.com/236x/e6/c1/28/e6c128b58c4d24dda919fc0696a04e77.jpg was preloaded using link preload but not used within a few seconds from the window's load event. Please make sure it has an appropriate `as` value and it is preloaded intentionally. @ https://kr.pinterest.com/:0
[  109549ms] [WARNING] The resource https://i.pinimg.com/236x/01/86/b2/0186b2a08e4649069418921886abd622.jpg was preloaded using link preload but not used within a few seconds from the window's load event. Please make sure it has an appropriate `as` value and it is preloaded intentionally. @ https://kr.pinterest.com/:0
[  109549ms] [WARNING] The resource https://i.pinimg.com/236x/d4/e6/52/d4e652fa0e444c5585f2f0405d54c792.jpg was preloaded using link preload but not used within a few seconds from the window's load event. Please make sure it has an appropriate `as` value and it is preloaded intentionally. @ https://kr.pinterest.com/:0
[  109549ms] [WARNING] The resource https://i.pinimg.com/236x/3c/08/5f/3c085f5cd62821b6e3c7c34228180734.jpg was preloaded using link preload but not used within a few seconds from the window's load event. Please make sure it has an appropriate `as` value and it is preloaded intentionally. @ https://kr.pinterest.com/:0
[  109549ms] [WARNING] The resource https://i.pinimg.com/474x/85/7f/dd/857fdd2df62b1327ae9ed30a6ef60c49.jpg was preloaded using link preload but not used within a few seconds from the window's load event. Please make sure it has an appropriate `as` value and it is preloaded intentionally. @ https://kr.pinterest.com/:0
[  109549ms] [WARNING] The resource https://i.pinimg.com/474x/1b/7c/80/1b7c805d1bae9e4302742aef6afe4fee.jpg was preloaded using link preload but not used within a few seconds from the window's load event. Please make sure it has an appropriate `as` value and it is preloaded intentionally. @ https://kr.pinterest.com/:0
[  109549ms] [WARNING] The resource https://i.pinimg.com/236x/09/bd/f0/09bdf0d1036da833d4946112413e2d81.jpg was preloaded using link preload but not used within a few seconds from the window's load event. Please make sure it has an appropriate `as` value and it is preloaded intentionally. @ https://kr.pinterest.com/:0
[  109549ms] [WARNING] The resource https://i.pinimg.com/474x/09/81/ea/0981ea7dc74e0daf206ce8f504e661e0.jpg was preloaded using link preload but not used within a few seconds from the window's load event. Please make sure it has an appropriate `as` value and it is preloaded intentionally. @ https://kr.pinterest.com/:0
[  109549ms] [WARNING] The resource https://i.pinimg.com/474x/0f/69/b2/0f69b2aa87f46a1bd4dd9757f586d62b.jpg was preloaded using link preload but not used within a few seconds from the window's load event. Please make sure it has an appropriate `as` value and it is preloaded intentionally. @ https://kr.pinterest.com/:0
[  109549ms] [WARNING] The resource https://i.pinimg.com/474x/25/b0/4d/25b04d11417944c80ea1a9e48d26e0b7.jpg was preloaded using link preload but not used within a few seconds from the window's load event. Please make sure it has an appropriate `as` value and it is preloaded intentionally. @ https://kr.pinterest.com/:0
[  109549ms] [WARNING] The resource https://i.pinimg.com/236x/83/21/de/8321de1cfbb7a481c3c5a9c4081bb93b.jpg was preloaded using link preload but not used within a few seconds from the window's load event. Please make sure it has an appropriate `as` value and it is preloaded intentionally. @ https://kr.pinterest.com/:0
[  109549ms] [WARNING] The resource https://i.pinimg.com/236x/2b/21/12/2b21129bed9ffcf273ac8ce44ae353b5.jpg was preloaded using link preload but not used within a few seconds from the window's load event. Please make sure it has an appropriate `as` value and it is preloaded intentionally. @ https://kr.pinterest.com/:0
[  109549ms] [WARNING] The resource https://i.pinimg.com/236x/27/8d/5a/278d5aa26c03cd1df82cd7309f08a631.jpg was preloaded using link preload but not used within a few seconds from the window's load event. Please make sure it has an appropriate `as` value and it is preloaded intentionally. @ https://kr.pinterest.com/:0
[  109549ms] [WARNING] The resource https://i.pinimg.com/236x/08/f0/5a/08f05af36f156e71e8ae321a11100764.jpg was preloaded using link preload but not used within a few seconds from the window's load event. Please make sure it has an appropriate `as` value and it is preloaded intentionally. @ https://kr.pinterest.com/:0
[  109549ms] [WARNING] The resource https://i.pinimg.com/236x/28/c8/75/28c87527c5bd7236a22e720fb2d44d45.jpg was preloaded using link preload but not used within a few seconds from the window's load event. Please make sure it has an appropriate `as` value and it is preloaded intentionally. @ https://kr.pinterest.com/:0
[  109549ms] [WARNING] The resource https://i.pinimg.com/236x/9e/87/69/9e8769c56f1c6aba3b8c3114c7cbff70.jpg was preloaded using link preload but not used within a few seconds from the window's load event. Please make sure it has an appropriate `as` value and it is preloaded intentionally. @ https://kr.pinterest.com/:0
[  109549ms] [WARNING] The resource https://i.pinimg.com/236x/e7/fa/86/e7fa8622724c4d61c72de955d0b81387.jpg was preloaded using link preload but not used within a few seconds from the window's load event. Please make sure it has an appropriate `as` value and it is preloaded intentionally. @ https://kr.pinterest.com/:0
[  109549ms] [WARNING] The resource https://i.pinimg.com/474x/34/e2/7e/34e27efc47591946303d5600c0a9ec81.jpg was preloaded using link preload but not used within a few seconds from the window's load event. Please make sure it has an appropriate `as` value and it is preloaded intentionally. @ https://kr.pinterest.com/:0
[  109549ms] [WARNING] The resource https://i.pinimg.com/236x/43/1a/95/431a956c16e8d8d00a682d1c6d03a8fb.jpg was preloaded using link preload but not used within a few seconds from the window's load event. Please make sure it has an appropriate `as` value and it is preloaded intentionally. @ https://kr.pinterest.com/:0
[  109549ms] [WARNING] The resource https://i.pinimg.com/236x/1d/a4/2a/1da42afb423ee13fca6bf6c7bd68fd15.jpg was preloaded using link preload but not used within a few seconds from the window's load event. Please make sure it has an appropriate `as` value and it is preloaded intentionally. @ https://kr.pinterest.com/:0
[  109549ms] [WARNING] The resource https://i.pinimg.com/474x/14/50/c2/1450c286972ab72ee8ec801322ed7cbc.jpg was preloaded using link preload but not used within a few seconds from the window's load event. Please make sure it has an appropriate `as` value and it is preloaded intentionally. @ https://kr.pinterest.com/:0
[  109549ms] [WARNING] The resource https://i.pinimg.com/236x/92/ff/47/92ff47314e39dbc44b3dba7ddaae37de.jpg was preloaded using link preload but not used within a few seconds from the window's load event. Please make sure it has an appropriate `as` value and it is preloaded intentionally. @ https://kr.pinterest.com/:0
[  109549ms] [WARNING] The resource https://i.pinimg.com/474x/bb/e2/81/bbe28166deb75208b9193d1d89315eb3.jpg was preloaded using link preload but not used within a few seconds from the window's load event. Please make sure it has an appropriate `as` value and it is preloaded intentionally. @ https://kr.pinterest.com/:0
[  109549ms] [WARNING] The resource https://i.pinimg.com/474x/6a/d8/53/6ad8539c3a739a4b8e2d84bd290d3b79.jpg was preloaded using link preload but not used within a few seconds from the window's load event. Please make sure it has an appropriate `as` value and it is preloaded intentionally. @ https://kr.pinterest.com/:0
[  114755ms] [WARNING] The resource https://i.pinimg.com/236x/ee/23/2d/ee232db5d385af190427b563b499d380.jpg was preloaded using link preload but not used within a few seconds from the window's load event. Please make sure it has an appropriate `as` value and it is preloaded intentionally. @ https://kr.pinterest.com/:0
[  114755ms] [WARNING] The resource https://i.pinimg.com/474x/50/a4/08/50a408dd6a66974273728a70f78b5402.jpg was preloaded using link preload but not used within a few seconds from the window's load event. Please make sure it has an appropriate `as` value and it is preloaded intentionally. @ https://kr.pinterest.com/:0
[  114755ms] [WARNING] The resource https://i.pinimg.com/474x/9e/e0/6d/9ee06de8b44e9f7820eeda35de166e43.jpg was preloaded using link preload but not used within a few seconds from the window's load event. Please make sure it has an appropriate `as` value and it is preloaded intentionally. @ https://kr.pinterest.com/:0
[  114755ms] [WARNING] The resource https://i.pinimg.com/236x/2e/da/c6/2edac682cc0711795e91e381ded479f5.jpg was preloaded using link preload but not used within a few seconds from the window's load event. Please make sure it has an appropriate `as` value and it is preloaded intentionally. @ https://kr.pinterest.com/:0
[  114755ms] [WARNING] The resource https://i.pinimg.com/474x/00/b9/80/00b980476ea605ecfb1300a5e1f59e70.jpg was preloaded using link preload but not used within a few seconds from the window's load event. Please make sure it has an appropriate `as` value and it is preloaded intentionally. @ https://kr.pinterest.com/:0
[  114755ms] [WARNING] The resource https://i.pinimg.com/236x/07/94/67/07946780dde0f2e40c986b86ca2cc653.jpg was preloaded using link preload but not used within a few seconds from the window's load event. Please make sure it has an appropriate `as` value and it is preloaded intentionally. @ https://kr.pinterest.com/:0
[  114755ms] [WARNING] The resource https://i.pinimg.com/474x/a7/19/93/a719935209be09c74e38aa6e755515d1.jpg was preloaded using link preload but not used within a few seconds from the window's load event. Please make sure it has an appropriate `as` value and it is preloaded intentionally. @ https://kr.pinterest.com/:0
[  114755ms] [WARNING] The resource https://i.pinimg.com/474x/70/da/a7/70daa7903f383805ce9fd1d810d5231d.jpg was preloaded using link preload but not used within a few seconds from the window's load event. Please make sure it has an appropriate `as` value and it is preloaded intentionally. @ https://kr.pinterest.com/:0
[  114755ms] [WARNING] The resource https://i.pinimg.com/474x/89/b7/db/89b7dbba7bdf2c434cff4e261dd4b39d.jpg was preloaded using link preload but not used within a few seconds from the window's load event. Please make sure it has an appropriate `as` value and it is preloaded intentionally. @ https://kr.pinterest.com/:0
[  114755ms] [WARNING] The resource https://i.pinimg.com/236x/d6/15/eb/d615eb5ecd00f142bea8d700933e602a.jpg was preloaded using link preload but not used within a few seconds from the window's load event. Please make sure it has an appropriate `as` value and it is preloaded intentionally. @ https://kr.pinterest.com/:0
[  114755ms] [WARNING] The resource https://i.pinimg.com/236x/a5/1c/02/a51c02183396a35e73c91a8f51b1a132.jpg was preloaded using link preload but not used within a few seconds from the window's load event. Please make sure it has an appropriate `as` value and it is preloaded intentionally. @ https://kr.pinterest.com/:0
[  114755ms] [WARNING] The resource https://i.pinimg.com/236x/7f/c0/a7/7fc0a74c8f01257729566e5c524494d9.jpg was preloaded using link preload but not used within a few seconds from the window's load event. Please make sure it has an appropriate `as` value and it is preloaded intentionally. @ https://kr.pinterest.com/:0
[  114755ms] [WARNING] The resource https://i.pinimg.com/236x/25/4d/a1/254da18932097a43457d83bee029c2aa.jpg was preloaded using link preload but not used within a few seconds from the window's load event. Please make sure it has an appropriate `as` value and it is preloaded intentionally. @ https://kr.pinterest.com/:0
[  114755ms] [WARNING] The resource https://i.pinimg.com/236x/1b/7b/3b/1b7b3b9367976c2595bbd3d9bb4ee49d.jpg was preloaded using link preload but not used within a few seconds from the window's load event. Please make sure it has an appropriate `as` value and it is preloaded intentionally. @ https://kr.pinterest.com/:0
[  114755ms] [WARNING] The resource https://i.pinimg.com/474x/b6/d8/d8/b6d8d8b6f5148aeaf03da762c5153a8b.jpg was preloaded using link preload but not used within a few seconds from the window's load event. Please make sure it has an appropriate `as` value and it is preloaded intentionally. @ https://kr.pinterest.com/:0
[  114755ms] [WARNING] The resource https://i.pinimg.com/236x/0b/5c/97/0b5c973c59c28160bdb25d92f0544d33.jpg was preloaded using link preload but not used within a few seconds from the window's load event. Please make sure it has an appropriate `as` value and it is preloaded intentionally. @ https://kr.pinterest.com/:0
[  114755ms] [WARNING] The resource https://i.pinimg.com/236x/66/04/78/6604787a6521e8cee548eb6008f7a7ec.jpg was preloaded using link preload but not used within a few seconds from the window's load event. Please make sure it has an appropriate `as` value and it is preloaded intentionally. @ https://kr.pinterest.com/:0
[  114755ms] [WARNING] The resource https://i.pinimg.com/236x/ad/72/bf/ad72bffd03a1ad97775e4f8e8a08878c.jpg was preloaded using link preload but not used within a few seconds from the window's load event. Please make sure it has an appropriate `as` value and it is preloaded intentionally. @ https://kr.pinterest.com/:0
[  114755ms] [WARNING] The resource https://i.pinimg.com/236x/34/86/19/348619194f8731ee85bd70dbbafd0aa0.jpg was preloaded using link preload but not used within a few seconds from the window's load event. Please make sure it has an appropriate `as` value and it is preloaded intentionally. @ https://kr.pinterest.com/:0
[  114755ms] [WARNING] The resource https://i.pinimg.com/236x/96/86/8d/96868d31beb53576ff7df531ebaced18.jpg was preloaded using link preload but not used within a few seconds from the window's load event. Please make sure it has an appropriate `as` value and it is preloaded intentionally. @ https://kr.pinterest.com/:0
[  114755ms] [WARNING] The resource https://i.pinimg.com/474x/c0/b1/d8/c0b1d800bfbb4ae0ffea1e0669f2af14.jpg was preloaded using link preload but not used within a few seconds from the window's load event. Please make sure it has an appropriate `as` value and it is preloaded intentionally. @ https://kr.pinterest.com/:0
[  114755ms] [WARNING] The resource https://i.pinimg.com/236x/e6/c1/28/e6c128b58c4d24dda919fc0696a04e77.jpg was preloaded using link preload but not used within a few seconds from the window's load event. Please make sure it has an appropriate `as` value and it is preloaded intentionally. @ https://kr.pinterest.com/:0
[  114755ms] [WARNING] The resource https://i.pinimg.com/236x/01/86/b2/0186b2a08e4649069418921886abd622.jpg was preloaded using link preload but not used within a few seconds from the window's load event. Please make sure it has an appropriate `as` value and it is preloaded intentionally. @ https://kr.pinterest.com/:0
[  114755ms] [WARNING] The resource https://i.pinimg.com/236x/d4/e6/52/d4e652fa0e444c5585f2f0405d54c792.jpg was preloaded using link preload but not used within a few seconds from the window's load event. Please make sure it has an appropriate `as` value and it is preloaded intentionally. @ https://kr.pinterest.com/:0
[  114755ms] [WARNING] The resource https://i.pinimg.com/236x/3c/08/5f/3c085f5cd62821b6e3c7c34228180734.jpg was preloaded using link preload but not used within a few seconds from the window's load event. Please make sure it has an appropriate `as` value and it is preloaded intentionally. @ https://kr.pinterest.com/:0
[  114755ms] [WARNING] The resource https://i.pinimg.com/474x/85/7f/dd/857fdd2df62b1327ae9ed30a6ef60c49.jpg was preloaded using link preload but not used within a few seconds from the window's load event. Please make sure it has an appropriate `as` value and it is preloaded intentionally. @ https://kr.pinterest.com/:0
[  114755ms] [WARNING] The resource https://i.pinimg.com/474x/1b/7c/80/1b7c805d1bae9e4302742aef6afe4fee.jpg was preloaded using link preload but not used within a few seconds from the window's load event. Please make sure it has an appropriate `as` value and it is preloaded intentionally. @ https://kr.pinterest.com/:0
[  114755ms] [WARNING] The resource https://i.pinimg.com/236x/09/bd/f0/09bdf0d1036da833d4946112413e2d81.jpg was preloaded using link preload but not used within a few seconds from the window's load event. Please make sure it has an appropriate `as` value and it is preloaded intentionally. @ https://kr.pinterest.com/:0
[  114755ms] [WARNING] The resource https://i.pinimg.com/474x/09/81/ea/0981ea7dc74e0daf206ce8f504e661e0.jpg was preloaded using link preload but not used within a few seconds from the window's load event. Please make sure it has an appropriate `as` value and it is preloaded intentionally. @ https://kr.pinterest.com/:0
[  114755ms] [WARNING] The resource https://i.pinimg.com/474x/0f/69/b2/0f69b2aa87f46a1bd4dd9757f586d62b.jpg was preloaded using link preload but not used within a few seconds from the window's load event. Please make sure it has an appropriate `as` value and it is preloaded intentionally. @ https://kr.pinterest.com/:0
[  114755ms] [WARNING] The resource https://i.pinimg.com/474x/25/b0/4d/25b04d11417944c80ea1a9e48d26e0b7.jpg was preloaded using link preload but not used within a few seconds from the window's load event. Please make sure it has an appropriate `as` value and it is preloaded intentionally. @ https://kr.pinterest.com/:0
[  114755ms] [WARNING] The resource https://i.pinimg.com/236x/83/21/de/8321de1cfbb7a481c3c5a9c4081bb93b.jpg was preloaded using link preload but not used within a few seconds from the window's load event. Please make sure it has an appropriate `as` value and it is preloaded intentionally. @ https://kr.pinterest.com/:0
[  114755ms] [WARNING] The resource https://i.pinimg.com/236x/2b/21/12/2b21129bed9ffcf273ac8ce44ae353b5.jpg was preloaded using link preload but not used within a few seconds from the window's load event. Please make sure it has an appropriate `as` value and it is preloaded intentionally. @ https://kr.pinterest.com/:0
[  114755ms] [WARNING] The resource https://i.pinimg.com/236x/27/8d/5a/278d5aa26c03cd1df82cd7309f08a631.jpg was preloaded using link preload but not used within a few seconds from the window's load event. Please make sure it has an appropriate `as` value and it is preloaded intentionally. @ https://kr.pinterest.com/:0
[  114755ms] [WARNING] The resource https://i.pinimg.com/236x/08/f0/5a/08f05af36f156e71e8ae321a11100764.jpg was preloaded using link preload but not used within a few seconds from the window's load event. Please make sure it has an appropriate `as` value and it is preloaded intentionally. @ https://kr.pinterest.com/:0
[  114755ms] [WARNING] The resource https://i.pinimg.com/236x/28/c8/75/28c87527c5bd7236a22e720fb2d44d45.jpg was preloaded using link preload but not used within a few seconds from the window's load event. Please make sure it has an appropriate `as` value and it is preloaded intentionally. @ https://kr.pinterest.com/:0
[  114755ms] [WARNING] The resource https://i.pinimg.com/236x/9e/87/69/9e8769c56f1c6aba3b8c3114c7cbff70.jpg was preloaded using link preload but not used within a few seconds from the window's load event. Please make sure it has an appropriate `as` value and it is preloaded intentionally. @ https://kr.pinterest.com/:0
[  114755ms] [WARNING] The resource https://i.pinimg.com/236x/e7/fa/86/e7fa8622724c4d61c72de955d0b81387.jpg was preloaded using link preload but not used within a few seconds from the window's load event. Please make sure it has an appropriate `as` value and it is preloaded intentionally. @ https://kr.pinterest.com/:0
[  114755ms] [WARNING] The resource https://i.pinimg.com/474x/34/e2/7e/34e27efc47591946303d5600c0a9ec81.jpg was preloaded using link preload but not used within a few seconds from the window's load event. Please make sure it has an appropriate `as` value and it is preloaded intentionally. @ https://kr.pinterest.com/:0
[  114755ms] [WARNING] The resource https://i.pinimg.com/236x/43/1a/95/431a956c16e8d8d00a682d1c6d03a8fb.jpg was preloaded using link preload but not used within a few seconds from the window's load event. Please make sure it has an appropriate `as` value and it is preloaded intentionally. @ https://kr.pinterest.com/:0
[  114755ms] [WARNING] The resource https://i.pinimg.com/236x/1d/a4/2a/1da42afb423ee13fca6bf6c7bd68fd15.jpg was preloaded using link preload but not used within a few seconds from the window's load event. Please make sure it has an appropriate `as` value and it is preloaded intentionally. @ https://kr.pinterest.com/:0
[  114755ms] [WARNING] The resource https://i.pinimg.com/474x/14/50/c2/1450c286972ab72ee8ec801322ed7cbc.jpg was preloaded using link preload but not used within a few seconds from the window's load event. Please make sure it has an appropriate `as` value and it is preloaded intentionally. @ https://kr.pinterest.com/:0
[  114755ms] [WARNING] The resource https://i.pinimg.com/236x/92/ff/47/92ff47314e39dbc44b3dba7ddaae37de.jpg was preloaded using link preload but not used within a few seconds from the window's load event. Please make sure it has an appropriate `as` value and it is preloaded intentionally. @ https://kr.pinterest.com/:0
[  114755ms] [WARNING] The resource https://i.pinimg.com/474x/bb/e2/81/bbe28166deb75208b9193d1d89315eb3.jpg was preloaded using link preload but not used within a few seconds from the window's load event. Please make sure it has an appropriate `as` value and it is preloaded intentionally. @ https://kr.pinterest.com/:0
[  114755ms] [WARNING] The resource https://i.pinimg.com/474x/6a/d8/53/6ad8539c3a739a4b8e2d84bd290d3b79.jpg was preloaded using link preload but not used within a few seconds from the window's load event. Please make sure it has an appropriate `as` value and it is preloaded intentionally. @ https://kr.pinterest.com/:0
[  120108ms] [WARNING] The resource https://i.pinimg.com/236x/ee/23/2d/ee232db5d385af190427b563b499d380.jpg was preloaded using link preload but not used within a few seconds from the window's load event. Please make sure it has an appropriate `as` value and it is preloaded intentionally. @ https://kr.pinterest.com/:0
[  120108ms] [WARNING] The resource https://i.pinimg.com/474x/50/a4/08/50a408dd6a66974273728a70f78b5402.jpg was preloaded using link preload but not used within a few seconds from the window's load event. Please make sure it has an appropriate `as` value and it is preloaded intentionally. @ https://kr.pinterest.com/:0
[  120109ms] [WARNING] The resource https://i.pinimg.com/474x/9e/e0/6d/9ee06de8b44e9f7820eeda35de166e43.jpg was preloaded using link preload but not used within a few seconds from the window's load event. Please make sure it has an appropriate `as` value and it is preloaded intentionally. @ https://kr.pinterest.com/:0
[  120109ms] [WARNING] The resource https://i.pinimg.com/236x/2e/da/c6/2edac682cc0711795e91e381ded479f5.jpg was preloaded using link preload but not used within a few seconds from the window's load event. Please make sure it has an appropriate `as` value and it is preloaded intentionally. @ https://kr.pinterest.com/:0
[  120109ms] [WARNING] The resource https://i.pinimg.com/474x/00/b9/80/00b980476ea605ecfb1300a5e1f59e70.jpg was preloaded using link preload but not used within a few seconds from the window's load event. Please make sure it has an appropriate `as` value and it is preloaded intentionally. @ https://kr.pinterest.com/:0
[  120109ms] [WARNING] The resource https://i.pinimg.com/236x/07/94/67/07946780dde0f2e40c986b86ca2cc653.jpg was preloaded using link preload but not used within a few seconds from the window's load event. Please make sure it has an appropriate `as` value and it is preloaded intentionally. @ https://kr.pinterest.com/:0
[  120109ms] [WARNING] The resource https://i.pinimg.com/474x/a7/19/93/a719935209be09c74e38aa6e755515d1.jpg was preloaded using link preload but not used within a few seconds from the window's load event. Please make sure it has an appropriate `as` value and it is preloaded intentionally. @ https://kr.pinterest.com/:0
[  120109ms] [WARNING] The resource https://i.pinimg.com/474x/70/da/a7/70daa7903f383805ce9fd1d810d5231d.jpg was preloaded using link preload but not used within a few seconds from the window's load event. Please make sure it has an appropriate `as` value and it is preloaded intentionally. @ https://kr.pinterest.com/:0
[  120109ms] [WARNING] The resource https://i.pinimg.com/474x/89/b7/db/89b7dbba7bdf2c434cff4e261dd4b39d.jpg was preloaded using link preload but not used within a few seconds from the window's load event. Please make sure it has an appropriate `as` value and it is preloaded intentionally. @ https://kr.pinterest.com/:0
[  120109ms] [WARNING] The resource https://i.pinimg.com/236x/d6/15/eb/d615eb5ecd00f142bea8d700933e602a.jpg was preloaded using link preload but not used within a few seconds from the window's load event. Please make sure it has an appropriate `as` value and it is preloaded intentionally. @ https://kr.pinterest.com/:0
[  120109ms] [WARNING] The resource https://i.pinimg.com/236x/a5/1c/02/a51c02183396a35e73c91a8f51b1a132.jpg was preloaded using link preload but not used within a few seconds from the window's load event. Please make sure it has an appropriate `as` value and it is preloaded intentionally. @ https://kr.pinterest.com/:0
[  120109ms] [WARNING] The resource https://i.pinimg.com/236x/7f/c0/a7/7fc0a74c8f01257729566e5c524494d9.jpg was preloaded using link preload but not used within a few seconds from the window's load event. Please make sure it has an appropriate `as` value and it is preloaded intentionally. @ https://kr.pinterest.com/:0
[  120109ms] [WARNING] The resource https://i.pinimg.com/236x/25/4d/a1/254da18932097a43457d83bee029c2aa.jpg was preloaded using link preload but not used within a few seconds from the window's load event. Please make sure it has an appropriate `as` value and it is preloaded intentionally. @ https://kr.pinterest.com/:0
[  120109ms] [WARNING] The resource https://i.pinimg.com/236x/1b/7b/3b/1b7b3b9367976c2595bbd3d9bb4ee49d.jpg was preloaded using link preload but not used within a few seconds from the window's load event. Please make sure it has an appropriate `as` value and it is preloaded intentionally. @ https://kr.pinterest.com/:0
[  120109ms] [WARNING] The resource https://i.pinimg.com/474x/b6/d8/d8/b6d8d8b6f5148aeaf03da762c5153a8b.jpg was preloaded using link preload but not used within a few seconds from the window's load event. Please make sure it has an appropriate `as` value and it is preloaded intentionally. @ https://kr.pinterest.com/:0
[  120109ms] [WARNING] The resource https://i.pinimg.com/236x/0b/5c/97/0b5c973c59c28160bdb25d92f0544d33.jpg was preloaded using link preload but not used within a few seconds from the window's load event. Please make sure it has an appropriate `as` value and it is preloaded intentionally. @ https://kr.pinterest.com/:0
[  120109ms] [WARNING] The resource https://i.pinimg.com/236x/66/04/78/6604787a6521e8cee548eb6008f7a7ec.jpg was preloaded using link preload but not used within a few seconds from the window's load event. Please make sure it has an appropriate `as` value and it is preloaded intentionally. @ https://kr.pinterest.com/:0
[  120109ms] [WARNING] The resource https://i.pinimg.com/236x/ad/72/bf/ad72bffd03a1ad97775e4f8e8a08878c.jpg was preloaded using link preload but not used within a few seconds from the window's load event. Please make sure it has an appropriate `as` value and it is preloaded intentionally. @ https://kr.pinterest.com/:0
[  120109ms] [WARNING] The resource https://i.pinimg.com/236x/34/86/19/348619194f8731ee85bd70dbbafd0aa0.jpg was preloaded using link preload but not used within a few seconds from the window's load event. Please make sure it has an appropriate `as` value and it is preloaded intentionally. @ https://kr.pinterest.com/:0
[  120109ms] [WARNING] The resource https://i.pinimg.com/236x/96/86/8d/96868d31beb53576ff7df531ebaced18.jpg was preloaded using link preload but not used within a few seconds from the window's load event. Please make sure it has an appropriate `as` value and it is preloaded intentionally. @ https://kr.pinterest.com/:0
[  120109ms] [WARNING] The resource https://i.pinimg.com/474x/c0/b1/d8/c0b1d800bfbb4ae0ffea1e0669f2af14.jpg was preloaded using link preload but not used within a few seconds from the window's load event. Please make sure it has an appropriate `as` value and it is preloaded intentionally. @ https://kr.pinterest.com/:0
[  120109ms] [WARNING] The resource https://i.pinimg.com/236x/e6/c1/28/e6c128b58c4d24dda919fc0696a04e77.jpg was preloaded using link preload but not used within a few seconds from the window's load event. Please make sure it has an appropriate `as` value and it is preloaded intentionally. @ https://kr.pinterest.com/:0
[  120109ms] [WARNING] The resource https://i.pinimg.com/236x/01/86/b2/0186b2a08e4649069418921886abd622.jpg was preloaded using link preload but not used within a few seconds from the window's load event. Please make sure it has an appropriate `as` value and it is preloaded intentionally. @ https://kr.pinterest.com/:0
[  120109ms] [WARNING] The resource https://i.pinimg.com/236x/d4/e6/52/d4e652fa0e444c5585f2f0405d54c792.jpg was preloaded using link preload but not used within a few seconds from the window's load event. Please make sure it has an appropriate `as` value and it is preloaded intentionally. @ https://kr.pinterest.com/:0
[  120109ms] [WARNING] The resource https://i.pinimg.com/236x/3c/08/5f/3c085f5cd62821b6e3c7c34228180734.jpg was preloaded using link preload but not used within a few seconds from the window's load event. Please make sure it has an appropriate `as` value and it is preloaded intentionally. @ https://kr.pinterest.com/:0
[  120109ms] [WARNING] The resource https://i.pinimg.com/474x/85/7f/dd/857fdd2df62b1327ae9ed30a6ef60c49.jpg was preloaded using link preload but not used within a few seconds from the window's load event. Please make sure it has an appropriate `as` value and it is preloaded intentionally. @ https://kr.pinterest.com/:0
[  120109ms] [WARNING] The resource https://i.pinimg.com/474x/1b/7c/80/1b7c805d1bae9e4302742aef6afe4fee.jpg was preloaded using link preload but not used within a few seconds from the window's load event. Please make sure it has an appropriate `as` value and it is preloaded intentionally. @ https://kr.pinterest.com/:0
[  120109ms] [WARNING] The resource https://i.pinimg.com/236x/09/bd/f0/09bdf0d1036da833d4946112413e2d81.jpg was preloaded using link preload but not used within a few seconds from the window's load event. Please make sure it has an appropriate `as` value and it is preloaded intentionally. @ https://kr.pinterest.com/:0
[  120109ms] [WARNING] The resource https://i.pinimg.com/474x/09/81/ea/0981ea7dc74e0daf206ce8f504e661e0.jpg was preloaded using link preload but not used within a few seconds from the window's load event. Please make sure it has an appropriate `as` value and it is preloaded intentionally. @ https://kr.pinterest.com/:0
[  120109ms] [WARNING] The resource https://i.pinimg.com/474x/0f/69/b2/0f69b2aa87f46a1bd4dd9757f586d62b.jpg was preloaded using link preload but not used within a few seconds from the window's load event. Please make sure it has an appropriate `as` value and it is preloaded intentionally. @ https://kr.pinterest.com/:0
[  120109ms] [WARNING] The resource https://i.pinimg.com/474x/25/b0/4d/25b04d11417944c80ea1a9e48d26e0b7.jpg was preloaded using link preload but not used within a few seconds from the window's load event. Please make sure it has an appropriate `as` value and it is preloaded intentionally. @ https://kr.pinterest.com/:0
[  120109ms] [WARNING] The resource https://i.pinimg.com/236x/83/21/de/8321de1cfbb7a481c3c5a9c4081bb93b.jpg was preloaded using link preload but not used within a few seconds from the window's load event. Please make sure it has an appropriate `as` value and it is preloaded intentionally. @ https://kr.pinterest.com/:0
[  120109ms] [WARNING] The resource https://i.pinimg.com/236x/2b/21/12/2b21129bed9ffcf273ac8ce44ae353b5.jpg was preloaded using link preload but not used within a few seconds from the window's load event. Please make sure it has an appropriate `as` value and it is preloaded intentionally. @ https://kr.pinterest.com/:0
[  120109ms] [WARNING] The resource https://i.pinimg.com/236x/27/8d/5a/278d5aa26c03cd1df82cd7309f08a631.jpg was preloaded using link preload but not used within a few seconds from the window's load event. Please make sure it has an appropriate `as` value and it is preloaded intentionally. @ https://kr.pinterest.com/:0
[  120109ms] [WARNING] The resource https://i.pinimg.com/236x/08/f0/5a/08f05af36f156e71e8ae321a11100764.jpg was preloaded using link preload but not used within a few seconds from the window's load event. Please make sure it has an appropriate `as` value and it is preloaded intentionally. @ https://kr.pinterest.com/:0
[  120109ms] [WARNING] The resource https://i.pinimg.com/236x/28/c8/75/28c87527c5bd7236a22e720fb2d44d45.jpg was preloaded using link preload but not used within a few seconds from the window's load event. Please make sure it has an appropriate `as` value and it is preloaded intentionally. @ https://kr.pinterest.com/:0
[  120109ms] [WARNING] The resource https://i.pinimg.com/236x/9e/87/69/9e8769c56f1c6aba3b8c3114c7cbff70.jpg was preloaded using link preload but not used within a few seconds from the window's load event. Please make sure it has an appropriate `as` value and it is preloaded intentionally. @ https://kr.pinterest.com/:0
[  120109ms] [WARNING] The resource https://i.pinimg.com/236x/e7/fa/86/e7fa8622724c4d61c72de955d0b81387.jpg was preloaded using link preload but not used within a few seconds from the window's load event. Please make sure it has an appropriate `as` value and it is preloaded intentionally. @ https://kr.pinterest.com/:0
[  120109ms] [WARNING] The resource https://i.pinimg.com/474x/34/e2/7e/34e27efc47591946303d5600c0a9ec81.jpg was preloaded using link preload but not used within a few seconds from the window's load event. Please make sure it has an appropriate `as` value and it is preloaded intentionally. @ https://kr.pinterest.com/:0
[  120109ms] [WARNING] The resource https://i.pinimg.com/236x/43/1a/95/431a956c16e8d8d00a682d1c6d03a8fb.jpg was preloaded using link preload but not used within a few seconds from the window's load event. Please make sure it has an appropriate `as` value and it is preloaded intentionally. @ https://kr.pinterest.com/:0
[  120109ms] [WARNING] The resource https://i.pinimg.com/236x/1d/a4/2a/1da42afb423ee13fca6bf6c7bd68fd15.jpg was preloaded using link preload but not used within a few seconds from the window's load event. Please make sure it has an appropriate `as` value and it is preloaded intentionally. @ https://kr.pinterest.com/:0
[  120109ms] [WARNING] The resource https://i.pinimg.com/474x/14/50/c2/1450c286972ab72ee8ec801322ed7cbc.jpg was preloaded using link preload but not used within a few seconds from the window's load event. Please make sure it has an appropriate `as` value and it is preloaded intentionally. @ https://kr.pinterest.com/:0
[  120109ms] [WARNING] The resource https://i.pinimg.com/236x/92/ff/47/92ff47314e39dbc44b3dba7ddaae37de.jpg was preloaded using link preload but not used within a few seconds from the window's load event. Please make sure it has an appropriate `as` value and it is preloaded intentionally. @ https://kr.pinterest.com/:0
[  120109ms] [WARNING] The resource https://i.pinimg.com/474x/bb/e2/81/bbe28166deb75208b9193d1d89315eb3.jpg was preloaded using link preload but not used within a few seconds from the window's load event. Please make sure it has an appropriate `as` value and it is preloaded intentionally. @ https://kr.pinterest.com/:0
[  120109ms] [WARNING] The resource https://i.pinimg.com/474x/6a/d8/53/6ad8539c3a739a4b8e2d84bd290d3b79.jpg was preloaded using link preload but not used within a few seconds from the window's load event. Please make sure it has an appropriate `as` value and it is preloaded intentionally. @ https://kr.pinterest.com/:0
[  125477ms] [WARNING] The resource https://i.pinimg.com/236x/ee/23/2d/ee232db5d385af190427b563b499d380.jpg was preloaded using link preload but not used within a few seconds from the window's load event. Please make sure it has an appropriate `as` value and it is preloaded intentionally. @ https://kr.pinterest.com/:0
[  125478ms] [WARNING] The resource https://i.pinimg.com/474x/50/a4/08/50a408dd6a66974273728a70f78b5402.jpg was preloaded using link preload but not used within a few seconds from the window's load event. Please make sure it has an appropriate `as` value and it is preloaded intentionally. @ https://kr.pinterest.com/:0
[  125478ms] [WARNING] The resource https://i.pinimg.com/474x/9e/e0/6d/9ee06de8b44e9f7820eeda35de166e43.jpg was preloaded using link preload but not used within a few seconds from the window's load event. Please make sure it has an appropriate `as` value and it is preloaded intentionally. @ https://kr.pinterest.com/:0
[  125478ms] [WARNING] The resource https://i.pinimg.com/236x/2e/da/c6/2edac682cc0711795e91e381ded479f5.jpg was preloaded using link preload but not used within a few seconds from the window's load event. Please make sure it has an appropriate `as` value and it is preloaded intentionally. @ https://kr.pinterest.com/:0
[  125478ms] [WARNING] The resource https://i.pinimg.com/474x/00/b9/80/00b980476ea605ecfb1300a5e1f59e70.jpg was preloaded using link preload but not used within a few seconds from the window's load event. Please make sure it has an appropriate `as` value and it is preloaded intentionally. @ https://kr.pinterest.com/:0
[  125478ms] [WARNING] The resource https://i.pinimg.com/236x/07/94/67/07946780dde0f2e40c986b86ca2cc653.jpg was preloaded using link preload but not used within a few seconds from the window's load event. Please make sure it has an appropriate `as` value and it is preloaded intentionally. @ https://kr.pinterest.com/:0
[  125478ms] [WARNING] The resource https://i.pinimg.com/474x/a7/19/93/a719935209be09c74e38aa6e755515d1.jpg was preloaded using link preload but not used within a few seconds from the window's load event. Please make sure it has an appropriate `as` value and it is preloaded intentionally. @ https://kr.pinterest.com/:0
[  125478ms] [WARNING] The resource https://i.pinimg.com/474x/70/da/a7/70daa7903f383805ce9fd1d810d5231d.jpg was preloaded using link preload but not used within a few seconds from the window's load event. Please make sure it has an appropriate `as` value and it is preloaded intentionally. @ https://kr.pinterest.com/:0
[  125478ms] [WARNING] The resource https://i.pinimg.com/474x/89/b7/db/89b7dbba7bdf2c434cff4e261dd4b39d.jpg was preloaded using link preload but not used within a few seconds from the window's load event. Please make sure it has an appropriate `as` value and it is preloaded intentionally. @ https://kr.pinterest.com/:0
[  125478ms] [WARNING] The resource https://i.pinimg.com/236x/d6/15/eb/d615eb5ecd00f142bea8d700933e602a.jpg was preloaded using link preload but not used within a few seconds from the window's load event. Please make sure it has an appropriate `as` value and it is preloaded intentionally. @ https://kr.pinterest.com/:0
[  125478ms] [WARNING] The resource https://i.pinimg.com/236x/a5/1c/02/a51c02183396a35e73c91a8f51b1a132.jpg was preloaded using link preload but not used within a few seconds from the window's load event. Please make sure it has an appropriate `as` value and it is preloaded intentionally. @ https://kr.pinterest.com/:0
[  125478ms] [WARNING] The resource https://i.pinimg.com/236x/7f/c0/a7/7fc0a74c8f01257729566e5c524494d9.jpg was preloaded using link preload but not used within a few seconds from the window's load event. Please make sure it has an appropriate `as` value and it is preloaded intentionally. @ https://kr.pinterest.com/:0
[  125478ms] [WARNING] The resource https://i.pinimg.com/236x/25/4d/a1/254da18932097a43457d83bee029c2aa.jpg was preloaded using link preload but not used within a few seconds from the window's load event. Please make sure it has an appropriate `as` value and it is preloaded intentionally. @ https://kr.pinterest.com/:0
[  125478ms] [WARNING] The resource https://i.pinimg.com/236x/1b/7b/3b/1b7b3b9367976c2595bbd3d9bb4ee49d.jpg was preloaded using link preload but not used within a few seconds from the window's load event. Please make sure it has an appropriate `as` value and it is preloaded intentionally. @ https://kr.pinterest.com/:0
[  125478ms] [WARNING] The resource https://i.pinimg.com/474x/b6/d8/d8/b6d8d8b6f5148aeaf03da762c5153a8b.jpg was preloaded using link preload but not used within a few seconds from the window's load event. Please make sure it has an appropriate `as` value and it is preloaded intentionally. @ https://kr.pinterest.com/:0
[  125478ms] [WARNING] The resource https://i.pinimg.com/236x/0b/5c/97/0b5c973c59c28160bdb25d92f0544d33.jpg was preloaded using link preload but not used within a few seconds from the window's load event. Please make sure it has an appropriate `as` value and it is preloaded intentionally. @ https://kr.pinterest.com/:0
[  125478ms] [WARNING] The resource https://i.pinimg.com/236x/66/04/78/6604787a6521e8cee548eb6008f7a7ec.jpg was preloaded using link preload but not used within a few seconds from the window's load event. Please make sure it has an appropriate `as` value and it is preloaded intentionally. @ https://kr.pinterest.com/:0
[  125478ms] [WARNING] The resource https://i.pinimg.com/236x/ad/72/bf/ad72bffd03a1ad97775e4f8e8a08878c.jpg was preloaded using link preload but not used within a few seconds from the window's load event. Please make sure it has an appropriate `as` value and it is preloaded intentionally. @ https://kr.pinterest.com/:0
[  125478ms] [WARNING] The resource https://i.pinimg.com/236x/34/86/19/348619194f8731ee85bd70dbbafd0aa0.jpg was preloaded using link preload but not used within a few seconds from the window's load event. Please make sure it has an appropriate `as` value and it is preloaded intentionally. @ https://kr.pinterest.com/:0
[  125478ms] [WARNING] The resource https://i.pinimg.com/236x/96/86/8d/96868d31beb53576ff7df531ebaced18.jpg was preloaded using link preload but not used within a few seconds from the window's load event. Please make sure it has an appropriate `as` value and it is preloaded intentionally. @ https://kr.pinterest.com/:0
[  125478ms] [WARNING] The resource https://i.pinimg.com/474x/c0/b1/d8/c0b1d800bfbb4ae0ffea1e0669f2af14.jpg was preloaded using link preload but not used within a few seconds from the window's load event. Please make sure it has an appropriate `as` value and it is preloaded intentionally. @ https://kr.pinterest.com/:0
[  125478ms] [WARNING] The resource https://i.pinimg.com/236x/e6/c1/28/e6c128b58c4d24dda919fc0696a04e77.jpg was preloaded using link preload but not used within a few seconds from the window's load event. Please make sure it has an appropriate `as` value and it is preloaded intentionally. @ https://kr.pinterest.com/:0
[  125478ms] [WARNING] The resource https://i.pinimg.com/236x/01/86/b2/0186b2a08e4649069418921886abd622.jpg was preloaded using link preload but not used within a few seconds from the window's load event. Please make sure it has an appropriate `as` value and it is preloaded intentionally. @ https://kr.pinterest.com/:0
[  125478ms] [WARNING] The resource https://i.pinimg.com/236x/d4/e6/52/d4e652fa0e444c5585f2f0405d54c792.jpg was preloaded using link preload but not used within a few seconds from the window's load event. Please make sure it has an appropriate `as` value and it is preloaded intentionally. @ https://kr.pinterest.com/:0
[  125478ms] [WARNING] The resource https://i.pinimg.com/236x/3c/08/5f/3c085f5cd62821b6e3c7c34228180734.jpg was preloaded using link preload but not used within a few seconds from the window's load event. Please make sure it has an appropriate `as` value and it is preloaded intentionally. @ https://kr.pinterest.com/:0
[  125478ms] [WARNING] The resource https://i.pinimg.com/474x/85/7f/dd/857fdd2df62b1327ae9ed30a6ef60c49.jpg was preloaded using link preload but not used within a few seconds from the window's load event. Please make sure it has an appropriate `as` value and it is preloaded intentionally. @ https://kr.pinterest.com/:0
[  125478ms] [WARNING] The resource https://i.pinimg.com/474x/1b/7c/80/1b7c805d1bae9e4302742aef6afe4fee.jpg was preloaded using link preload but not used within a few seconds from the window's load event. Please make sure it has an appropriate `as` value and it is preloaded intentionally. @ https://kr.pinterest.com/:0
[  125478ms] [WARNING] The resource https://i.pinimg.com/236x/09/bd/f0/09bdf0d1036da833d4946112413e2d81.jpg was preloaded using link preload but not used within a few seconds from the window's load event. Please make sure it has an appropriate `as` value and it is preloaded intentionally. @ https://kr.pinterest.com/:0
[  125478ms] [WARNING] The resource https://i.pinimg.com/474x/09/81/ea/0981ea7dc74e0daf206ce8f504e661e0.jpg was preloaded using link preload but not used within a few seconds from the window's load event. Please make sure it has an appropriate `as` value and it is preloaded intentionally. @ https://kr.pinterest.com/:0
[  125478ms] [WARNING] The resource https://i.pinimg.com/474x/0f/69/b2/0f69b2aa87f46a1bd4dd9757f586d62b.jpg was preloaded using link preload but not used within a few seconds from the window's load event. Please make sure it has an appropriate `as` value and it is preloaded intentionally. @ https://kr.pinterest.com/:0
[  125478ms] [WARNING] The resource https://i.pinimg.com/474x/25/b0/4d/25b04d11417944c80ea1a9e48d26e0b7.jpg was preloaded using link preload but not used within a few seconds from the window's load event. Please make sure it has an appropriate `as` value and it is preloaded intentionally. @ https://kr.pinterest.com/:0
[  125478ms] [WARNING] The resource https://i.pinimg.com/236x/83/21/de/8321de1cfbb7a481c3c5a9c4081bb93b.jpg was preloaded using link preload but not used within a few seconds from the window's load event. Please make sure it has an appropriate `as` value and it is preloaded intentionally. @ https://kr.pinterest.com/:0
[  125478ms] [WARNING] The resource https://i.pinimg.com/236x/2b/21/12/2b21129bed9ffcf273ac8ce44ae353b5.jpg was preloaded using link preload but not used within a few seconds from the window's load event. Please make sure it has an appropriate `as` value and it is preloaded intentionally. @ https://kr.pinterest.com/:0
[  125478ms] [WARNING] The resource https://i.pinimg.com/236x/27/8d/5a/278d5aa26c03cd1df82cd7309f08a631.jpg was preloaded using link preload but not used within a few seconds from the window's load event. Please make sure it has an appropriate `as` value and it is preloaded intentionally. @ https://kr.pinterest.com/:0
[  125478ms] [WARNING] The resource https://i.pinimg.com/236x/08/f0/5a/08f05af36f156e71e8ae321a11100764.jpg was preloaded using link preload but not used within a few seconds from the window's load event. Please make sure it has an appropriate `as` value and it is preloaded intentionally. @ https://kr.pinterest.com/:0
[  125478ms] [WARNING] The resource https://i.pinimg.com/236x/28/c8/75/28c87527c5bd7236a22e720fb2d44d45.jpg was preloaded using link preload but not used within a few seconds from the window's load event. Please make sure it has an appropriate `as` value and it is preloaded intentionally. @ https://kr.pinterest.com/:0
[  125478ms] [WARNING] The resource https://i.pinimg.com/236x/9e/87/69/9e8769c56f1c6aba3b8c3114c7cbff70.jpg was preloaded using link preload but not used within a few seconds from the window's load event. Please make sure it has an appropriate `as` value and it is preloaded intentionally. @ https://kr.pinterest.com/:0
[  125478ms] [WARNING] The resource https://i.pinimg.com/236x/e7/fa/86/e7fa8622724c4d61c72de955d0b81387.jpg was preloaded using link preload but not used within a few seconds from the window's load event. Please make sure it has an appropriate `as` value and it is preloaded intentionally. @ https://kr.pinterest.com/:0
[  125478ms] [WARNING] The resource https://i.pinimg.com/474x/34/e2/7e/34e27efc47591946303d5600c0a9ec81.jpg was preloaded using link preload but not used within a few seconds from the window's load event. Please make sure it has an appropriate `as` value and it is preloaded intentionally. @ https://kr.pinterest.com/:0
[  125478ms] [WARNING] The resource https://i.pinimg.com/236x/43/1a/95/431a956c16e8d8d00a682d1c6d03a8fb.jpg was preloaded using link preload but not used within a few seconds from the window's load event. Please make sure it has an appropriate `as` value and it is preloaded intentionally. @ https://kr.pinterest.com/:0
[  125478ms] [WARNING] The resource https://i.pinimg.com/236x/1d/a4/2a/1da42afb423ee13fca6bf6c7bd68fd15.jpg was preloaded using link preload but not used within a few seconds from the window's load event. Please make sure it has an appropriate `as` value and it is preloaded intentionally. @ https://kr.pinterest.com/:0
[  125479ms] [WARNING] The resource https://i.pinimg.com/474x/14/50/c2/1450c286972ab72ee8ec801322ed7cbc.jpg was preloaded using link preload but not used within a few seconds from the window's load event. Please make sure it has an appropriate `as` value and it is preloaded intentionally. @ https://kr.pinterest.com/:0
[  125479ms] [WARNING] The resource https://i.pinimg.com/236x/92/ff/47/92ff47314e39dbc44b3dba7ddaae37de.jpg was preloaded using link preload but not used within a few seconds from the window's load event. Please make sure it has an appropriate `as` value and it is preloaded intentionally. @ https://kr.pinterest.com/:0
[  125479ms] [WARNING] The resource https://i.pinimg.com/474x/bb/e2/81/bbe28166deb75208b9193d1d89315eb3.jpg was preloaded using link preload but not used within a few seconds from the window's load event. Please make sure it has an appropriate `as` value and it is preloaded intentionally. @ https://kr.pinterest.com/:0
[  125479ms] [WARNING] The resource https://i.pinimg.com/474x/6a/d8/53/6ad8539c3a739a4b8e2d84bd290d3b79.jpg was preloaded using link preload but not used within a few seconds from the window's load event. Please make sure it has an appropriate `as` value and it is preloaded intentionally. @ https://kr.pinterest.com/:0
[  129732ms] [WARNING] The resource https://i.pinimg.com/236x/ee/23/2d/ee232db5d385af190427b563b499d380.jpg was preloaded using link preload but not used within a few seconds from the window's load event. Please make sure it has an appropriate `as` value and it is preloaded intentionally. @ https://kr.pinterest.com/:0
[  129732ms] [WARNING] The resource https://i.pinimg.com/474x/50/a4/08/50a408dd6a66974273728a70f78b5402.jpg was preloaded using link preload but not used within a few seconds from the window's load event. Please make sure it has an appropriate `as` value and it is preloaded intentionally. @ https://kr.pinterest.com/:0
[  129732ms] [WARNING] The resource https://i.pinimg.com/474x/9e/e0/6d/9ee06de8b44e9f7820eeda35de166e43.jpg was preloaded using link preload but not used within a few seconds from the window's load event. Please make sure it has an appropriate `as` value and it is preloaded intentionally. @ https://kr.pinterest.com/:0
[  129732ms] [WARNING] The resource https://i.pinimg.com/236x/2e/da/c6/2edac682cc0711795e91e381ded479f5.jpg was preloaded using link preload but not used within a few seconds from the window's load event. Please make sure it has an appropriate `as` value and it is preloaded intentionally. @ https://kr.pinterest.com/:0
[  129732ms] [WARNING] The resource https://i.pinimg.com/474x/00/b9/80/00b980476ea605ecfb1300a5e1f59e70.jpg was preloaded using link preload but not used within a few seconds from the window's load event. Please make sure it has an appropriate `as` value and it is preloaded intentionally. @ https://kr.pinterest.com/:0
[  129732ms] [WARNING] The resource https://i.pinimg.com/236x/07/94/67/07946780dde0f2e40c986b86ca2cc653.jpg was preloaded using link preload but not used within a few seconds from the window's load event. Please make sure it has an appropriate `as` value and it is preloaded intentionally. @ https://kr.pinterest.com/:0
[  129732ms] [WARNING] The resource https://i.pinimg.com/474x/a7/19/93/a719935209be09c74e38aa6e755515d1.jpg was preloaded using link preload but not used within a few seconds from the window's load event. Please make sure it has an appropriate `as` value and it is preloaded intentionally. @ https://kr.pinterest.com/:0
[  129732ms] [WARNING] The resource https://i.pinimg.com/474x/70/da/a7/70daa7903f383805ce9fd1d810d5231d.jpg was preloaded using link preload but not used within a few seconds from the window's load event. Please make sure it has an appropriate `as` value and it is preloaded intentionally. @ https://kr.pinterest.com/:0
[  129732ms] [WARNING] The resource https://i.pinimg.com/474x/89/b7/db/89b7dbba7bdf2c434cff4e261dd4b39d.jpg was preloaded using link preload but not used within a few seconds from the window's load event. Please make sure it has an appropriate `as` value and it is preloaded intentionally. @ https://kr.pinterest.com/:0
[  129732ms] [WARNING] The resource https://i.pinimg.com/236x/d6/15/eb/d615eb5ecd00f142bea8d700933e602a.jpg was preloaded using link preload but not used within a few seconds from the window's load event. Please make sure it has an appropriate `as` value and it is preloaded intentionally. @ https://kr.pinterest.com/:0
[  129732ms] [WARNING] The resource https://i.pinimg.com/236x/a5/1c/02/a51c02183396a35e73c91a8f51b1a132.jpg was preloaded using link preload but not used within a few seconds from the window's load event. Please make sure it has an appropriate `as` value and it is preloaded intentionally. @ https://kr.pinterest.com/:0
[  129732ms] [WARNING] The resource https://i.pinimg.com/236x/7f/c0/a7/7fc0a74c8f01257729566e5c524494d9.jpg was preloaded using link preload but not used within a few seconds from the window's load event. Please make sure it has an appropriate `as` value and it is preloaded intentionally. @ https://kr.pinterest.com/:0
[  129732ms] [WARNING] The resource https://i.pinimg.com/236x/25/4d/a1/254da18932097a43457d83bee029c2aa.jpg was preloaded using link preload but not used within a few seconds from the window's load event. Please make sure it has an appropriate `as` value and it is preloaded intentionally. @ https://kr.pinterest.com/:0
[  129732ms] [WARNING] The resource https://i.pinimg.com/236x/1b/7b/3b/1b7b3b9367976c2595bbd3d9bb4ee49d.jpg was preloaded using link preload but not used within a few seconds from the window's load event. Please make sure it has an appropriate `as` value and it is preloaded intentionally. @ https://kr.pinterest.com/:0
[  129732ms] [WARNING] The resource https://i.pinimg.com/474x/b6/d8/d8/b6d8d8b6f5148aeaf03da762c5153a8b.jpg was preloaded using link preload but not used within a few seconds from the window's load event. Please make sure it has an appropriate `as` value and it is preloaded intentionally. @ https://kr.pinterest.com/:0
[  129732ms] [WARNING] The resource https://i.pinimg.com/236x/0b/5c/97/0b5c973c59c28160bdb25d92f0544d33.jpg was preloaded using link preload but not used within a few seconds from the window's load event. Please make sure it has an appropriate `as` value and it is preloaded intentionally. @ https://kr.pinterest.com/:0
[  129732ms] [WARNING] The resource https://i.pinimg.com/236x/66/04/78/6604787a6521e8cee548eb6008f7a7ec.jpg was preloaded using link preload but not used within a few seconds from the window's load event. Please make sure it has an appropriate `as` value and it is preloaded intentionally. @ https://kr.pinterest.com/:0
[  129732ms] [WARNING] The resource https://i.pinimg.com/236x/ad/72/bf/ad72bffd03a1ad97775e4f8e8a08878c.jpg was preloaded using link preload but not used within a few seconds from the window's load event. Please make sure it has an appropriate `as` value and it is preloaded intentionally. @ https://kr.pinterest.com/:0
[  129732ms] [WARNING] The resource https://i.pinimg.com/236x/34/86/19/348619194f8731ee85bd70dbbafd0aa0.jpg was preloaded using link preload but not used within a few seconds from the window's load event. Please make sure it has an appropriate `as` value and it is preloaded intentionally. @ https://kr.pinterest.com/:0
[  129732ms] [WARNING] The resource https://i.pinimg.com/236x/96/86/8d/96868d31beb53576ff7df531ebaced18.jpg was preloaded using link preload but not used within a few seconds from the window's load event. Please make sure it has an appropriate `as` value and it is preloaded intentionally. @ https://kr.pinterest.com/:0
[  129732ms] [WARNING] The resource https://i.pinimg.com/474x/c0/b1/d8/c0b1d800bfbb4ae0ffea1e0669f2af14.jpg was preloaded using link preload but not used within a few seconds from the window's load event. Please make sure it has an appropriate `as` value and it is preloaded intentionally. @ https://kr.pinterest.com/:0
[  129732ms] [WARNING] The resource https://i.pinimg.com/236x/e6/c1/28/e6c128b58c4d24dda919fc0696a04e77.jpg was preloaded using link preload but not used within a few seconds from the window's load event. Please make sure it has an appropriate `as` value and it is preloaded intentionally. @ https://kr.pinterest.com/:0
[  129732ms] [WARNING] The resource https://i.pinimg.com/236x/01/86/b2/0186b2a08e4649069418921886abd622.jpg was preloaded using link preload but not used within a few seconds from the window's load event. Please make sure it has an appropriate `as` value and it is preloaded intentionally. @ https://kr.pinterest.com/:0
[  129732ms] [WARNING] The resource https://i.pinimg.com/236x/d4/e6/52/d4e652fa0e444c5585f2f0405d54c792.jpg was preloaded using link preload but not used within a few seconds from the window's load event. Please make sure it has an appropriate `as` value and it is preloaded intentionally. @ https://kr.pinterest.com/:0
[  129732ms] [WARNING] The resource https://i.pinimg.com/236x/3c/08/5f/3c085f5cd62821b6e3c7c34228180734.jpg was preloaded using link preload but not used within a few seconds from the window's load event. Please make sure it has an appropriate `as` value and it is preloaded intentionally. @ https://kr.pinterest.com/:0
[  129732ms] [WARNING] The resource https://i.pinimg.com/474x/85/7f/dd/857fdd2df62b1327ae9ed30a6ef60c49.jpg was preloaded using link preload but not used within a few seconds from the window's load event. Please make sure it has an appropriate `as` value and it is preloaded intentionally. @ https://kr.pinterest.com/:0
[  129732ms] [WARNING] The resource https://i.pinimg.com/474x/1b/7c/80/1b7c805d1bae9e4302742aef6afe4fee.jpg was preloaded using link preload but not used within a few seconds from the window's load event. Please make sure it has an appropriate `as` value and it is preloaded intentionally. @ https://kr.pinterest.com/:0
[  129732ms] [WARNING] The resource https://i.pinimg.com/236x/09/bd/f0/09bdf0d1036da833d4946112413e2d81.jpg was preloaded using link preload but not used within a few seconds from the window's load event. Please make sure it has an appropriate `as` value and it is preloaded intentionally. @ https://kr.pinterest.com/:0
[  129732ms] [WARNING] The resource https://i.pinimg.com/474x/09/81/ea/0981ea7dc74e0daf206ce8f504e661e0.jpg was preloaded using link preload but not used within a few seconds from the window's load event. Please make sure it has an appropriate `as` value and it is preloaded intentionally. @ https://kr.pinterest.com/:0
[  129732ms] [WARNING] The resource https://i.pinimg.com/474x/0f/69/b2/0f69b2aa87f46a1bd4dd9757f586d62b.jpg was preloaded using link preload but not used within a few seconds from the window's load event. Please make sure it has an appropriate `as` value and it is preloaded intentionally. @ https://kr.pinterest.com/:0
[  129732ms] [WARNING] The resource https://i.pinimg.com/474x/25/b0/4d/25b04d11417944c80ea1a9e48d26e0b7.jpg was preloaded using link preload but not used within a few seconds from the window's load event. Please make sure it has an appropriate `as` value and it is preloaded intentionally. @ https://kr.pinterest.com/:0
[  129732ms] [WARNING] The resource https://i.pinimg.com/236x/83/21/de/8321de1cfbb7a481c3c5a9c4081bb93b.jpg was preloaded using link preload but not used within a few seconds from the window's load event. Please make sure it has an appropriate `as` value and it is preloaded intentionally. @ https://kr.pinterest.com/:0
[  129732ms] [WARNING] The resource https://i.pinimg.com/236x/2b/21/12/2b21129bed9ffcf273ac8ce44ae353b5.jpg was preloaded using link preload but not used within a few seconds from the window's load event. Please make sure it has an appropriate `as` value and it is preloaded intentionally. @ https://kr.pinterest.com/:0
[  129732ms] [WARNING] The resource https://i.pinimg.com/236x/27/8d/5a/278d5aa26c03cd1df82cd7309f08a631.jpg was preloaded using link preload but not used within a few seconds from the window's load event. Please make sure it has an appropriate `as` value and it is preloaded intentionally. @ https://kr.pinterest.com/:0
[  129733ms] [WARNING] The resource https://i.pinimg.com/236x/08/f0/5a/08f05af36f156e71e8ae321a11100764.jpg was preloaded using link preload but not used within a few seconds from the window's load event. Please make sure it has an appropriate `as` value and it is preloaded intentionally. @ https://kr.pinterest.com/:0
[  129733ms] [WARNING] The resource https://i.pinimg.com/236x/28/c8/75/28c87527c5bd7236a22e720fb2d44d45.jpg was preloaded using link preload but not used within a few seconds from the window's load event. Please make sure it has an appropriate `as` value and it is preloaded intentionally. @ https://kr.pinterest.com/:0
[  129733ms] [WARNING] The resource https://i.pinimg.com/236x/9e/87/69/9e8769c56f1c6aba3b8c3114c7cbff70.jpg was preloaded using link preload but not used within a few seconds from the window's load event. Please make sure it has an appropriate `as` value and it is preloaded intentionally. @ https://kr.pinterest.com/:0
[  129733ms] [WARNING] The resource https://i.pinimg.com/236x/e7/fa/86/e7fa8622724c4d61c72de955d0b81387.jpg was preloaded using link preload but not used within a few seconds from the window's load event. Please make sure it has an appropriate `as` value and it is preloaded intentionally. @ https://kr.pinterest.com/:0
[  129733ms] [WARNING] The resource https://i.pinimg.com/474x/34/e2/7e/34e27efc47591946303d5600c0a9ec81.jpg was preloaded using link preload but not used within a few seconds from the window's load event. Please make sure it has an appropriate `as` value and it is preloaded intentionally. @ https://kr.pinterest.com/:0
[  129733ms] [WARNING] The resource https://i.pinimg.com/236x/43/1a/95/431a956c16e8d8d00a682d1c6d03a8fb.jpg was preloaded using link preload but not used within a few seconds from the window's load event. Please make sure it has an appropriate `as` value and it is preloaded intentionally. @ https://kr.pinterest.com/:0
[  129733ms] [WARNING] The resource https://i.pinimg.com/236x/1d/a4/2a/1da42afb423ee13fca6bf6c7bd68fd15.jpg was preloaded using link preload but not used within a few seconds from the window's load event. Please make sure it has an appropriate `as` value and it is preloaded intentionally. @ https://kr.pinterest.com/:0
[  129733ms] [WARNING] The resource https://i.pinimg.com/474x/14/50/c2/1450c286972ab72ee8ec801322ed7cbc.jpg was preloaded using link preload but not used within a few seconds from the window's load event. Please make sure it has an appropriate `as` value and it is preloaded intentionally. @ https://kr.pinterest.com/:0
[  129733ms] [WARNING] The resource https://i.pinimg.com/236x/92/ff/47/92ff47314e39dbc44b3dba7ddaae37de.jpg was preloaded using link preload but not used within a few seconds from the window's load event. Please make sure it has an appropriate `as` value and it is preloaded intentionally. @ https://kr.pinterest.com/:0
[  129733ms] [WARNING] The resource https://i.pinimg.com/474x/bb/e2/81/bbe28166deb75208b9193d1d89315eb3.jpg was preloaded using link preload but not used within a few seconds from the window's load event. Please make sure it has an appropriate `as` value and it is preloaded intentionally. @ https://kr.pinterest.com/:0
[  129733ms] [WARNING] The resource https://i.pinimg.com/474x/6a/d8/53/6ad8539c3a739a4b8e2d84bd290d3b79.jpg was preloaded using link preload but not used within a few seconds from the window's load event. Please make sure it has an appropriate `as` value and it is preloaded intentionally. @ https://kr.pinterest.com/:0
[  134924ms] [WARNING] The resource https://i.pinimg.com/236x/ee/23/2d/ee232db5d385af190427b563b499d380.jpg was preloaded using link preload but not used within a few seconds from the window's load event. Please make sure it has an appropriate `as` value and it is preloaded intentionally. @ https://kr.pinterest.com/:0
[  134924ms] [WARNING] The resource https://i.pinimg.com/474x/50/a4/08/50a408dd6a66974273728a70f78b5402.jpg was preloaded using link preload but not used within a few seconds from the window's load event. Please make sure it has an appropriate `as` value and it is preloaded intentionally. @ https://kr.pinterest.com/:0
[  134924ms] [WARNING] The resource https://i.pinimg.com/474x/9e/e0/6d/9ee06de8b44e9f7820eeda35de166e43.jpg was preloaded using link preload but not used within a few seconds from the window's load event. Please make sure it has an appropriate `as` value and it is preloaded intentionally. @ https://kr.pinterest.com/:0
[  134924ms] [WARNING] The resource https://i.pinimg.com/236x/2e/da/c6/2edac682cc0711795e91e381ded479f5.jpg was preloaded using link preload but not used within a few seconds from the window's load event. Please make sure it has an appropriate `as` value and it is preloaded intentionally. @ https://kr.pinterest.com/:0
[  134924ms] [WARNING] The resource https://i.pinimg.com/474x/00/b9/80/00b980476ea605ecfb1300a5e1f59e70.jpg was preloaded using link preload but not used within a few seconds from the window's load event. Please make sure it has an appropriate `as` value and it is preloaded intentionally. @ https://kr.pinterest.com/:0
[  134924ms] [WARNING] The resource https://i.pinimg.com/236x/07/94/67/07946780dde0f2e40c986b86ca2cc653.jpg was preloaded using link preload but not used within a few seconds from the window's load event. Please make sure it has an appropriate `as` value and it is preloaded intentionally. @ https://kr.pinterest.com/:0
[  134924ms] [WARNING] The resource https://i.pinimg.com/474x/a7/19/93/a719935209be09c74e38aa6e755515d1.jpg was preloaded using link preload but not used within a few seconds from the window's load event. Please make sure it has an appropriate `as` value and it is preloaded intentionally. @ https://kr.pinterest.com/:0
[  134924ms] [WARNING] The resource https://i.pinimg.com/474x/70/da/a7/70daa7903f383805ce9fd1d810d5231d.jpg was preloaded using link preload but not used within a few seconds from the window's load event. Please make sure it has an appropriate `as` value and it is preloaded intentionally. @ https://kr.pinterest.com/:0
[  134924ms] [WARNING] The resource https://i.pinimg.com/474x/89/b7/db/89b7dbba7bdf2c434cff4e261dd4b39d.jpg was preloaded using link preload but not used within a few seconds from the window's load event. Please make sure it has an appropriate `as` value and it is preloaded intentionally. @ https://kr.pinterest.com/:0
[  134924ms] [WARNING] The resource https://i.pinimg.com/236x/d6/15/eb/d615eb5ecd00f142bea8d700933e602a.jpg was preloaded using link preload but not used within a few seconds from the window's load event. Please make sure it has an appropriate `as` value and it is preloaded intentionally. @ https://kr.pinterest.com/:0
[  134924ms] [WARNING] The resource https://i.pinimg.com/236x/a5/1c/02/a51c02183396a35e73c91a8f51b1a132.jpg was preloaded using link preload but not used within a few seconds from the window's load event. Please make sure it has an appropriate `as` value and it is preloaded intentionally. @ https://kr.pinterest.com/:0
[  134924ms] [WARNING] The resource https://i.pinimg.com/236x/7f/c0/a7/7fc0a74c8f01257729566e5c524494d9.jpg was preloaded using link preload but not used within a few seconds from the window's load event. Please make sure it has an appropriate `as` value and it is preloaded intentionally. @ https://kr.pinterest.com/:0
[  134924ms] [WARNING] The resource https://i.pinimg.com/236x/25/4d/a1/254da18932097a43457d83bee029c2aa.jpg was preloaded using link preload but not used within a few seconds from the window's load event. Please make sure it has an appropriate `as` value and it is preloaded intentionally. @ https://kr.pinterest.com/:0
[  134924ms] [WARNING] The resource https://i.pinimg.com/236x/1b/7b/3b/1b7b3b9367976c2595bbd3d9bb4ee49d.jpg was preloaded using link preload but not used within a few seconds from the window's load event. Please make sure it has an appropriate `as` value and it is preloaded intentionally. @ https://kr.pinterest.com/:0
[  134924ms] [WARNING] The resource https://i.pinimg.com/474x/b6/d8/d8/b6d8d8b6f5148aeaf03da762c5153a8b.jpg was preloaded using link preload but not used within a few seconds from the window's load event. Please make sure it has an appropriate `as` value and it is preloaded intentionally. @ https://kr.pinterest.com/:0
[  134924ms] [WARNING] The resource https://i.pinimg.com/236x/0b/5c/97/0b5c973c59c28160bdb25d92f0544d33.jpg was preloaded using link preload but not used within a few seconds from the window's load event. Please make sure it has an appropriate `as` value and it is preloaded intentionally. @ https://kr.pinterest.com/:0
[  134924ms] [WARNING] The resource https://i.pinimg.com/236x/66/04/78/6604787a6521e8cee548eb6008f7a7ec.jpg was preloaded using link preload but not used within a few seconds from the window's load event. Please make sure it has an appropriate `as` value and it is preloaded intentionally. @ https://kr.pinterest.com/:0
[  134924ms] [WARNING] The resource https://i.pinimg.com/236x/ad/72/bf/ad72bffd03a1ad97775e4f8e8a08878c.jpg was preloaded using link preload but not used within a few seconds from the window's load event. Please make sure it has an appropriate `as` value and it is preloaded intentionally. @ https://kr.pinterest.com/:0
[  134924ms] [WARNING] The resource https://i.pinimg.com/236x/34/86/19/348619194f8731ee85bd70dbbafd0aa0.jpg was preloaded using link preload but not used within a few seconds from the window's load event. Please make sure it has an appropriate `as` value and it is preloaded intentionally. @ https://kr.pinterest.com/:0
[  134924ms] [WARNING] The resource https://i.pinimg.com/236x/96/86/8d/96868d31beb53576ff7df531ebaced18.jpg was preloaded using link preload but not used within a few seconds from the window's load event. Please make sure it has an appropriate `as` value and it is preloaded intentionally. @ https://kr.pinterest.com/:0
[  134924ms] [WARNING] The resource https://i.pinimg.com/474x/c0/b1/d8/c0b1d800bfbb4ae0ffea1e0669f2af14.jpg was preloaded using link preload but not used within a few seconds from the window's load event. Please make sure it has an appropriate `as` value and it is preloaded intentionally. @ https://kr.pinterest.com/:0
[  134924ms] [WARNING] The resource https://i.pinimg.com/236x/e6/c1/28/e6c128b58c4d24dda919fc0696a04e77.jpg was preloaded using link preload but not used within a few seconds from the window's load event. Please make sure it has an appropriate `as` value and it is preloaded intentionally. @ https://kr.pinterest.com/:0
[  134924ms] [WARNING] The resource https://i.pinimg.com/236x/01/86/b2/0186b2a08e4649069418921886abd622.jpg was preloaded using link preload but not used within a few seconds from the window's load event. Please make sure it has an appropriate `as` value and it is preloaded intentionally. @ https://kr.pinterest.com/:0
[  134924ms] [WARNING] The resource https://i.pinimg.com/236x/d4/e6/52/d4e652fa0e444c5585f2f0405d54c792.jpg was preloaded using link preload but not used within a few seconds from the window's load event. Please make sure it has an appropriate `as` value and it is preloaded intentionally. @ https://kr.pinterest.com/:0
[  134924ms] [WARNING] The resource https://i.pinimg.com/236x/3c/08/5f/3c085f5cd62821b6e3c7c34228180734.jpg was preloaded using link preload but not used within a few seconds from the window's load event. Please make sure it has an appropriate `as` value and it is preloaded intentionally. @ https://kr.pinterest.com/:0
[  134924ms] [WARNING] The resource https://i.pinimg.com/474x/85/7f/dd/857fdd2df62b1327ae9ed30a6ef60c49.jpg was preloaded using link preload but not used within a few seconds from the window's load event. Please make sure it has an appropriate `as` value and it is preloaded intentionally. @ https://kr.pinterest.com/:0
[  134924ms] [WARNING] The resource https://i.pinimg.com/474x/1b/7c/80/1b7c805d1bae9e4302742aef6afe4fee.jpg was preloaded using link preload but not used within a few seconds from the window's load event. Please make sure it has an appropriate `as` value and it is preloaded intentionally. @ https://kr.pinterest.com/:0
[  134924ms] [WARNING] The resource https://i.pinimg.com/236x/09/bd/f0/09bdf0d1036da833d4946112413e2d81.jpg was preloaded using link preload but not used within a few seconds from the window's load event. Please make sure it has an appropriate `as` value and it is preloaded intentionally. @ https://kr.pinterest.com/:0
[  134924ms] [WARNING] The resource https://i.pinimg.com/474x/09/81/ea/0981ea7dc74e0daf206ce8f504e661e0.jpg was preloaded using link preload but not used within a few seconds from the window's load event. Please make sure it has an appropriate `as` value and it is preloaded intentionally. @ https://kr.pinterest.com/:0
[  134924ms] [WARNING] The resource https://i.pinimg.com/474x/0f/69/b2/0f69b2aa87f46a1bd4dd9757f586d62b.jpg was preloaded using link preload but not used within a few seconds from the window's load event. Please make sure it has an appropriate `as` value and it is preloaded intentionally. @ https://kr.pinterest.com/:0
[  134924ms] [WARNING] The resource https://i.pinimg.com/474x/25/b0/4d/25b04d11417944c80ea1a9e48d26e0b7.jpg was preloaded using link preload but not used within a few seconds from the window's load event. Please make sure it has an appropriate `as` value and it is preloaded intentionally. @ https://kr.pinterest.com/:0
[  134924ms] [WARNING] The resource https://i.pinimg.com/236x/83/21/de/8321de1cfbb7a481c3c5a9c4081bb93b.jpg was preloaded using link preload but not used within a few seconds from the window's load event. Please make sure it has an appropriate `as` value and it is preloaded intentionally. @ https://kr.pinterest.com/:0
[  134924ms] [WARNING] The resource https://i.pinimg.com/236x/2b/21/12/2b21129bed9ffcf273ac8ce44ae353b5.jpg was preloaded using link preload but not used within a few seconds from the window's load event. Please make sure it has an appropriate `as` value and it is preloaded intentionally. @ https://kr.pinterest.com/:0
[  134924ms] [WARNING] The resource https://i.pinimg.com/236x/27/8d/5a/278d5aa26c03cd1df82cd7309f08a631.jpg was preloaded using link preload but not used within a few seconds from the window's load event. Please make sure it has an appropriate `as` value and it is preloaded intentionally. @ https://kr.pinterest.com/:0
[  134924ms] [WARNING] The resource https://i.pinimg.com/236x/08/f0/5a/08f05af36f156e71e8ae321a11100764.jpg was preloaded using link preload but not used within a few seconds from the window's load event. Please make sure it has an appropriate `as` value and it is preloaded intentionally. @ https://kr.pinterest.com/:0
[  134924ms] [WARNING] The resource https://i.pinimg.com/236x/28/c8/75/28c87527c5bd7236a22e720fb2d44d45.jpg was preloaded using link preload but not used within a few seconds from the window's load event. Please make sure it has an appropriate `as` value and it is preloaded intentionally. @ https://kr.pinterest.com/:0
[  134924ms] [WARNING] The resource https://i.pinimg.com/236x/9e/87/69/9e8769c56f1c6aba3b8c3114c7cbff70.jpg was preloaded using link preload but not used within a few seconds from the window's load event. Please make sure it has an appropriate `as` value and it is preloaded intentionally. @ https://kr.pinterest.com/:0
[  134924ms] [WARNING] The resource https://i.pinimg.com/236x/e7/fa/86/e7fa8622724c4d61c72de955d0b81387.jpg was preloaded using link preload but not used within a few seconds from the window's load event. Please make sure it has an appropriate `as` value and it is preloaded intentionally. @ https://kr.pinterest.com/:0
[  134924ms] [WARNING] The resource https://i.pinimg.com/474x/34/e2/7e/34e27efc47591946303d5600c0a9ec81.jpg was preloaded using link preload but not used within a few seconds from the window's load event. Please make sure it has an appropriate `as` value and it is preloaded intentionally. @ https://kr.pinterest.com/:0
[  134924ms] [WARNING] The resource https://i.pinimg.com/236x/43/1a/95/431a956c16e8d8d00a682d1c6d03a8fb.jpg was preloaded using link preload but not used within a few seconds from the window's load event. Please make sure it has an appropriate `as` value and it is preloaded intentionally. @ https://kr.pinterest.com/:0
[  134924ms] [WARNING] The resource https://i.pinimg.com/236x/1d/a4/2a/1da42afb423ee13fca6bf6c7bd68fd15.jpg was preloaded using link preload but not used within a few seconds from the window's load event. Please make sure it has an appropriate `as` value and it is preloaded intentionally. @ https://kr.pinterest.com/:0
[  134924ms] [WARNING] The resource https://i.pinimg.com/474x/14/50/c2/1450c286972ab72ee8ec801322ed7cbc.jpg was preloaded using link preload but not used within a few seconds from the window's load event. Please make sure it has an appropriate `as` value and it is preloaded intentionally. @ https://kr.pinterest.com/:0
[  134924ms] [WARNING] The resource https://i.pinimg.com/236x/92/ff/47/92ff47314e39dbc44b3dba7ddaae37de.jpg was preloaded using link preload but not used within a few seconds from the window's load event. Please make sure it has an appropriate `as` value and it is preloaded intentionally. @ https://kr.pinterest.com/:0
[  134924ms] [WARNING] The resource https://i.pinimg.com/474x/bb/e2/81/bbe28166deb75208b9193d1d89315eb3.jpg was preloaded using link preload but not used within a few seconds from the window's load event. Please make sure it has an appropriate `as` value and it is preloaded intentionally. @ https://kr.pinterest.com/:0
[  134924ms] [WARNING] The resource https://i.pinimg.com/474x/6a/d8/53/6ad8539c3a739a4b8e2d84bd290d3b79.jpg was preloaded using link preload but not used within a few seconds from the window's load event. Please make sure it has an appropriate `as` value and it is preloaded intentionally. @ https://kr.pinterest.com/:0
[  139761ms] [WARNING] The resource https://i.pinimg.com/236x/ee/23/2d/ee232db5d385af190427b563b499d380.jpg was preloaded using link preload but not used within a few seconds from the window's load event. Please make sure it has an appropriate `as` value and it is preloaded intentionally. @ https://kr.pinterest.com/:0
[  139761ms] [WARNING] The resource https://i.pinimg.com/474x/50/a4/08/50a408dd6a66974273728a70f78b5402.jpg was preloaded using link preload but not used within a few seconds from the window's load event. Please make sure it has an appropriate `as` value and it is preloaded intentionally. @ https://kr.pinterest.com/:0
[  139761ms] [WARNING] The resource https://i.pinimg.com/474x/9e/e0/6d/9ee06de8b44e9f7820eeda35de166e43.jpg was preloaded using link preload but not used within a few seconds from the window's load event. Please make sure it has an appropriate `as` value and it is preloaded intentionally. @ https://kr.pinterest.com/:0
[  139761ms] [WARNING] The resource https://i.pinimg.com/236x/2e/da/c6/2edac682cc0711795e91e381ded479f5.jpg was preloaded using link preload but not used within a few seconds from the window's load event. Please make sure it has an appropriate `as` value and it is preloaded intentionally. @ https://kr.pinterest.com/:0
[  139761ms] [WARNING] The resource https://i.pinimg.com/474x/00/b9/80/00b980476ea605ecfb1300a5e1f59e70.jpg was preloaded using link preload but not used within a few seconds from the window's load event. Please make sure it has an appropriate `as` value and it is preloaded intentionally. @ https://kr.pinterest.com/:0
[  139761ms] [WARNING] The resource https://i.pinimg.com/236x/07/94/67/07946780dde0f2e40c986b86ca2cc653.jpg was preloaded using link preload but not used within a few seconds from the window's load event. Please make sure it has an appropriate `as` value and it is preloaded intentionally. @ https://kr.pinterest.com/:0
[  139761ms] [WARNING] The resource https://i.pinimg.com/474x/a7/19/93/a719935209be09c74e38aa6e755515d1.jpg was preloaded using link preload but not used within a few seconds from the window's load event. Please make sure it has an appropriate `as` value and it is preloaded intentionally. @ https://kr.pinterest.com/:0
[  139761ms] [WARNING] The resource https://i.pinimg.com/474x/70/da/a7/70daa7903f383805ce9fd1d810d5231d.jpg was preloaded using link preload but not used within a few seconds from the window's load event. Please make sure it has an appropriate `as` value and it is preloaded intentionally. @ https://kr.pinterest.com/:0
[  139761ms] [WARNING] The resource https://i.pinimg.com/474x/89/b7/db/89b7dbba7bdf2c434cff4e261dd4b39d.jpg was preloaded using link preload but not used within a few seconds from the window's load event. Please make sure it has an appropriate `as` value and it is preloaded intentionally. @ https://kr.pinterest.com/:0
[  139761ms] [WARNING] The resource https://i.pinimg.com/236x/d6/15/eb/d615eb5ecd00f142bea8d700933e602a.jpg was preloaded using link preload but not used within a few seconds from the window's load event. Please make sure it has an appropriate `as` value and it is preloaded intentionally. @ https://kr.pinterest.com/:0
[  139761ms] [WARNING] The resource https://i.pinimg.com/236x/a5/1c/02/a51c02183396a35e73c91a8f51b1a132.jpg was preloaded using link preload but not used within a few seconds from the window's load event. Please make sure it has an appropriate `as` value and it is preloaded intentionally. @ https://kr.pinterest.com/:0
[  139761ms] [WARNING] The resource https://i.pinimg.com/236x/7f/c0/a7/7fc0a74c8f01257729566e5c524494d9.jpg was preloaded using link preload but not used within a few seconds from the window's load event. Please make sure it has an appropriate `as` value and it is preloaded intentionally. @ https://kr.pinterest.com/:0
[  139761ms] [WARNING] The resource https://i.pinimg.com/236x/25/4d/a1/254da18932097a43457d83bee029c2aa.jpg was preloaded using link preload but not used within a few seconds from the window's load event. Please make sure it has an appropriate `as` value and it is preloaded intentionally. @ https://kr.pinterest.com/:0
[  139761ms] [WARNING] The resource https://i.pinimg.com/236x/1b/7b/3b/1b7b3b9367976c2595bbd3d9bb4ee49d.jpg was preloaded using link preload but not used within a few seconds from the window's load event. Please make sure it has an appropriate `as` value and it is preloaded intentionally. @ https://kr.pinterest.com/:0
[  139761ms] [WARNING] The resource https://i.pinimg.com/474x/b6/d8/d8/b6d8d8b6f5148aeaf03da762c5153a8b.jpg was preloaded using link preload but not used within a few seconds from the window's load event. Please make sure it has an appropriate `as` value and it is preloaded intentionally. @ https://kr.pinterest.com/:0
[  139761ms] [WARNING] The resource https://i.pinimg.com/236x/0b/5c/97/0b5c973c59c28160bdb25d92f0544d33.jpg was preloaded using link preload but not used within a few seconds from the window's load event. Please make sure it has an appropriate `as` value and it is preloaded intentionally. @ https://kr.pinterest.com/:0
[  139761ms] [WARNING] The resource https://i.pinimg.com/236x/66/04/78/6604787a6521e8cee548eb6008f7a7ec.jpg was preloaded using link preload but not used within a few seconds from the window's load event. Please make sure it has an appropriate `as` value and it is preloaded intentionally. @ https://kr.pinterest.com/:0
[  139761ms] [WARNING] The resource https://i.pinimg.com/236x/ad/72/bf/ad72bffd03a1ad97775e4f8e8a08878c.jpg was preloaded using link preload but not used within a few seconds from the window's load event. Please make sure it has an appropriate `as` value and it is preloaded intentionally. @ https://kr.pinterest.com/:0
[  139761ms] [WARNING] The resource https://i.pinimg.com/236x/34/86/19/348619194f8731ee85bd70dbbafd0aa0.jpg was preloaded using link preload but not used within a few seconds from the window's load event. Please make sure it has an appropriate `as` value and it is preloaded intentionally. @ https://kr.pinterest.com/:0
[  139761ms] [WARNING] The resource https://i.pinimg.com/236x/96/86/8d/96868d31beb53576ff7df531ebaced18.jpg was preloaded using link preload but not used within a few seconds from the window's load event. Please make sure it has an appropriate `as` value and it is preloaded intentionally. @ https://kr.pinterest.com/:0
[  139761ms] [WARNING] The resource https://i.pinimg.com/474x/c0/b1/d8/c0b1d800bfbb4ae0ffea1e0669f2af14.jpg was preloaded using link preload but not used within a few seconds from the window's load event. Please make sure it has an appropriate `as` value and it is preloaded intentionally. @ https://kr.pinterest.com/:0
[  139761ms] [WARNING] The resource https://i.pinimg.com/236x/e6/c1/28/e6c128b58c4d24dda919fc0696a04e77.jpg was preloaded using link preload but not used within a few seconds from the window's load event. Please make sure it has an appropriate `as` value and it is preloaded intentionally. @ https://kr.pinterest.com/:0
[  139761ms] [WARNING] The resource https://i.pinimg.com/236x/01/86/b2/0186b2a08e4649069418921886abd622.jpg was preloaded using link preload but not used within a few seconds from the window's load event. Please make sure it has an appropriate `as` value and it is preloaded intentionally. @ https://kr.pinterest.com/:0
[  139761ms] [WARNING] The resource https://i.pinimg.com/236x/d4/e6/52/d4e652fa0e444c5585f2f0405d54c792.jpg was preloaded using link preload but not used within a few seconds from the window's load event. Please make sure it has an appropriate `as` value and it is preloaded intentionally. @ https://kr.pinterest.com/:0
[  139761ms] [WARNING] The resource https://i.pinimg.com/236x/3c/08/5f/3c085f5cd62821b6e3c7c34228180734.jpg was preloaded using link preload but not used within a few seconds from the window's load event. Please make sure it has an appropriate `as` value and it is preloaded intentionally. @ https://kr.pinterest.com/:0
[  139761ms] [WARNING] The resource https://i.pinimg.com/474x/85/7f/dd/857fdd2df62b1327ae9ed30a6ef60c49.jpg was preloaded using link preload but not used within a few seconds from the window's load event. Please make sure it has an appropriate `as` value and it is preloaded intentionally. @ https://kr.pinterest.com/:0
[  139761ms] [WARNING] The resource https://i.pinimg.com/474x/1b/7c/80/1b7c805d1bae9e4302742aef6afe4fee.jpg was preloaded using link preload but not used within a few seconds from the window's load event. Please make sure it has an appropriate `as` value and it is preloaded intentionally. @ https://kr.pinterest.com/:0
[  139761ms] [WARNING] The resource https://i.pinimg.com/236x/09/bd/f0/09bdf0d1036da833d4946112413e2d81.jpg was preloaded using link preload but not used within a few seconds from the window's load event. Please make sure it has an appropriate `as` value and it is preloaded intentionally. @ https://kr.pinterest.com/:0
[  139761ms] [WARNING] The resource https://i.pinimg.com/474x/09/81/ea/0981ea7dc74e0daf206ce8f504e661e0.jpg was preloaded using link preload but not used within a few seconds from the window's load event. Please make sure it has an appropriate `as` value and it is preloaded intentionally. @ https://kr.pinterest.com/:0
[  139761ms] [WARNING] The resource https://i.pinimg.com/474x/0f/69/b2/0f69b2aa87f46a1bd4dd9757f586d62b.jpg was preloaded using link preload but not used within a few seconds from the window's load event. Please make sure it has an appropriate `as` value and it is preloaded intentionally. @ https://kr.pinterest.com/:0
[  139761ms] [WARNING] The resource https://i.pinimg.com/474x/25/b0/4d/25b04d11417944c80ea1a9e48d26e0b7.jpg was preloaded using link preload but not used within a few seconds from the window's load event. Please make sure it has an appropriate `as` value and it is preloaded intentionally. @ https://kr.pinterest.com/:0
[  139761ms] [WARNING] The resource https://i.pinimg.com/236x/83/21/de/8321de1cfbb7a481c3c5a9c4081bb93b.jpg was preloaded using link preload but not used within a few seconds from the window's load event. Please make sure it has an appropriate `as` value and it is preloaded intentionally. @ https://kr.pinterest.com/:0
[  139761ms] [WARNING] The resource https://i.pinimg.com/236x/2b/21/12/2b21129bed9ffcf273ac8ce44ae353b5.jpg was preloaded using link preload but not used within a few seconds from the window's load event. Please make sure it has an appropriate `as` value and it is preloaded intentionally. @ https://kr.pinterest.com/:0
[  139761ms] [WARNING] The resource https://i.pinimg.com/236x/27/8d/5a/278d5aa26c03cd1df82cd7309f08a631.jpg was preloaded using link preload but not used within a few seconds from the window's load event. Please make sure it has an appropriate `as` value and it is preloaded intentionally. @ https://kr.pinterest.com/:0
[  139761ms] [WARNING] The resource https://i.pinimg.com/236x/08/f0/5a/08f05af36f156e71e8ae321a11100764.jpg was preloaded using link preload but not used within a few seconds from the window's load event. Please make sure it has an appropriate `as` value and it is preloaded intentionally. @ https://kr.pinterest.com/:0
[  139761ms] [WARNING] The resource https://i.pinimg.com/236x/28/c8/75/28c87527c5bd7236a22e720fb2d44d45.jpg was preloaded using link preload but not used within a few seconds from the window's load event. Please make sure it has an appropriate `as` value and it is preloaded intentionally. @ https://kr.pinterest.com/:0
[  139761ms] [WARNING] The resource https://i.pinimg.com/236x/9e/87/69/9e8769c56f1c6aba3b8c3114c7cbff70.jpg was preloaded using link preload but not used within a few seconds from the window's load event. Please make sure it has an appropriate `as` value and it is preloaded intentionally. @ https://kr.pinterest.com/:0
[  139761ms] [WARNING] The resource https://i.pinimg.com/236x/e7/fa/86/e7fa8622724c4d61c72de955d0b81387.jpg was preloaded using link preload but not used within a few seconds from the window's load event. Please make sure it has an appropriate `as` value and it is preloaded intentionally. @ https://kr.pinterest.com/:0
[  139761ms] [WARNING] The resource https://i.pinimg.com/474x/34/e2/7e/34e27efc47591946303d5600c0a9ec81.jpg was preloaded using link preload but not used within a few seconds from the window's load event. Please make sure it has an appropriate `as` value and it is preloaded intentionally. @ https://kr.pinterest.com/:0
[  139761ms] [WARNING] The resource https://i.pinimg.com/236x/43/1a/95/431a956c16e8d8d00a682d1c6d03a8fb.jpg was preloaded using link preload but not used within a few seconds from the window's load event. Please make sure it has an appropriate `as` value and it is preloaded intentionally. @ https://kr.pinterest.com/:0
[  139761ms] [WARNING] The resource https://i.pinimg.com/236x/1d/a4/2a/1da42afb423ee13fca6bf6c7bd68fd15.jpg was preloaded using link preload but not used within a few seconds from the window's load event. Please make sure it has an appropriate `as` value and it is preloaded intentionally. @ https://kr.pinterest.com/:0
[  139761ms] [WARNING] The resource https://i.pinimg.com/474x/14/50/c2/1450c286972ab72ee8ec801322ed7cbc.jpg was preloaded using link preload but not used within a few seconds from the window's load event. Please make sure it has an appropriate `as` value and it is preloaded intentionally. @ https://kr.pinterest.com/:0
[  139761ms] [WARNING] The resource https://i.pinimg.com/236x/92/ff/47/92ff47314e39dbc44b3dba7ddaae37de.jpg was preloaded using link preload but not used within a few seconds from the window's load event. Please make sure it has an appropriate `as` value and it is preloaded intentionally. @ https://kr.pinterest.com/:0
[  139761ms] [WARNING] The resource https://i.pinimg.com/474x/bb/e2/81/bbe28166deb75208b9193d1d89315eb3.jpg was preloaded using link preload but not used within a few seconds from the window's load event. Please make sure it has an appropriate `as` value and it is preloaded intentionally. @ https://kr.pinterest.com/:0
[  139761ms] [WARNING] The resource https://i.pinimg.com/474x/6a/d8/53/6ad8539c3a739a4b8e2d84bd290d3b79.jpg was preloaded using link preload but not used within a few seconds from the window's load event. Please make sure it has an appropriate `as` value and it is preloaded intentionally. @ https://kr.pinterest.com/:0
[  145043ms] [WARNING] The resource https://i.pinimg.com/236x/ee/23/2d/ee232db5d385af190427b563b499d380.jpg was preloaded using link preload but not used within a few seconds from the window's load event. Please make sure it has an appropriate `as` value and it is preloaded intentionally. @ https://kr.pinterest.com/:0
[  145043ms] [WARNING] The resource https://i.pinimg.com/474x/50/a4/08/50a408dd6a66974273728a70f78b5402.jpg was preloaded using link preload but not used within a few seconds from the window's load event. Please make sure it has an appropriate `as` value and it is preloaded intentionally. @ https://kr.pinterest.com/:0
[  145043ms] [WARNING] The resource https://i.pinimg.com/474x/9e/e0/6d/9ee06de8b44e9f7820eeda35de166e43.jpg was preloaded using link preload but not used within a few seconds from the window's load event. Please make sure it has an appropriate `as` value and it is preloaded intentionally. @ https://kr.pinterest.com/:0
[  145043ms] [WARNING] The resource https://i.pinimg.com/236x/2e/da/c6/2edac682cc0711795e91e381ded479f5.jpg was preloaded using link preload but not used within a few seconds from the window's load event. Please make sure it has an appropriate `as` value and it is preloaded intentionally. @ https://kr.pinterest.com/:0
[  145043ms] [WARNING] The resource https://i.pinimg.com/474x/00/b9/80/00b980476ea605ecfb1300a5e1f59e70.jpg was preloaded using link preload but not used within a few seconds from the window's load event. Please make sure it has an appropriate `as` value and it is preloaded intentionally. @ https://kr.pinterest.com/:0
[  145043ms] [WARNING] The resource https://i.pinimg.com/236x/07/94/67/07946780dde0f2e40c986b86ca2cc653.jpg was preloaded using link preload but not used within a few seconds from the window's load event. Please make sure it has an appropriate `as` value and it is preloaded intentionally. @ https://kr.pinterest.com/:0
[  145043ms] [WARNING] The resource https://i.pinimg.com/474x/a7/19/93/a719935209be09c74e38aa6e755515d1.jpg was preloaded using link preload but not used within a few seconds from the window's load event. Please make sure it has an appropriate `as` value and it is preloaded intentionally. @ https://kr.pinterest.com/:0
[  145043ms] [WARNING] The resource https://i.pinimg.com/474x/70/da/a7/70daa7903f383805ce9fd1d810d5231d.jpg was preloaded using link preload but not used within a few seconds from the window's load event. Please make sure it has an appropriate `as` value and it is preloaded intentionally. @ https://kr.pinterest.com/:0
[  145043ms] [WARNING] The resource https://i.pinimg.com/474x/89/b7/db/89b7dbba7bdf2c434cff4e261dd4b39d.jpg was preloaded using link preload but not used within a few seconds from the window's load event. Please make sure it has an appropriate `as` value and it is preloaded intentionally. @ https://kr.pinterest.com/:0
[  145043ms] [WARNING] The resource https://i.pinimg.com/236x/d6/15/eb/d615eb5ecd00f142bea8d700933e602a.jpg was preloaded using link preload but not used within a few seconds from the window's load event. Please make sure it has an appropriate `as` value and it is preloaded intentionally. @ https://kr.pinterest.com/:0
[  145043ms] [WARNING] The resource https://i.pinimg.com/236x/a5/1c/02/a51c02183396a35e73c91a8f51b1a132.jpg was preloaded using link preload but not used within a few seconds from the window's load event. Please make sure it has an appropriate `as` value and it is preloaded intentionally. @ https://kr.pinterest.com/:0
[  145043ms] [WARNING] The resource https://i.pinimg.com/236x/7f/c0/a7/7fc0a74c8f01257729566e5c524494d9.jpg was preloaded using link preload but not used within a few seconds from the window's load event. Please make sure it has an appropriate `as` value and it is preloaded intentionally. @ https://kr.pinterest.com/:0
[  145043ms] [WARNING] The resource https://i.pinimg.com/236x/25/4d/a1/254da18932097a43457d83bee029c2aa.jpg was preloaded using link preload but not used within a few seconds from the window's load event. Please make sure it has an appropriate `as` value and it is preloaded intentionally. @ https://kr.pinterest.com/:0
[  145043ms] [WARNING] The resource https://i.pinimg.com/236x/1b/7b/3b/1b7b3b9367976c2595bbd3d9bb4ee49d.jpg was preloaded using link preload but not used within a few seconds from the window's load event. Please make sure it has an appropriate `as` value and it is preloaded intentionally. @ https://kr.pinterest.com/:0
[  145043ms] [WARNING] The resource https://i.pinimg.com/474x/b6/d8/d8/b6d8d8b6f5148aeaf03da762c5153a8b.jpg was preloaded using link preload but not used within a few seconds from the window's load event. Please make sure it has an appropriate `as` value and it is preloaded intentionally. @ https://kr.pinterest.com/:0
[  145043ms] [WARNING] The resource https://i.pinimg.com/236x/0b/5c/97/0b5c973c59c28160bdb25d92f0544d33.jpg was preloaded using link preload but not used within a few seconds from the window's load event. Please make sure it has an appropriate `as` value and it is preloaded intentionally. @ https://kr.pinterest.com/:0
[  145043ms] [WARNING] The resource https://i.pinimg.com/236x/66/04/78/6604787a6521e8cee548eb6008f7a7ec.jpg was preloaded using link preload but not used within a few seconds from the window's load event. Please make sure it has an appropriate `as` value and it is preloaded intentionally. @ https://kr.pinterest.com/:0
[  145043ms] [WARNING] The resource https://i.pinimg.com/236x/ad/72/bf/ad72bffd03a1ad97775e4f8e8a08878c.jpg was preloaded using link preload but not used within a few seconds from the window's load event. Please make sure it has an appropriate `as` value and it is preloaded intentionally. @ https://kr.pinterest.com/:0
[  145043ms] [WARNING] The resource https://i.pinimg.com/236x/34/86/19/348619194f8731ee85bd70dbbafd0aa0.jpg was preloaded using link preload but not used within a few seconds from the window's load event. Please make sure it has an appropriate `as` value and it is preloaded intentionally. @ https://kr.pinterest.com/:0
[  145043ms] [WARNING] The resource https://i.pinimg.com/236x/96/86/8d/96868d31beb53576ff7df531ebaced18.jpg was preloaded using link preload but not used within a few seconds from the window's load event. Please make sure it has an appropriate `as` value and it is preloaded intentionally. @ https://kr.pinterest.com/:0
[  145043ms] [WARNING] The resource https://i.pinimg.com/474x/c0/b1/d8/c0b1d800bfbb4ae0ffea1e0669f2af14.jpg was preloaded using link preload but not used within a few seconds from the window's load event. Please make sure it has an appropriate `as` value and it is preloaded intentionally. @ https://kr.pinterest.com/:0
[  145043ms] [WARNING] The resource https://i.pinimg.com/236x/e6/c1/28/e6c128b58c4d24dda919fc0696a04e77.jpg was preloaded using link preload but not used within a few seconds from the window's load event. Please make sure it has an appropriate `as` value and it is preloaded intentionally. @ https://kr.pinterest.com/:0
[  145043ms] [WARNING] The resource https://i.pinimg.com/236x/01/86/b2/0186b2a08e4649069418921886abd622.jpg was preloaded using link preload but not used within a few seconds from the window's load event. Please make sure it has an appropriate `as` value and it is preloaded intentionally. @ https://kr.pinterest.com/:0
[  145043ms] [WARNING] The resource https://i.pinimg.com/236x/d4/e6/52/d4e652fa0e444c5585f2f0405d54c792.jpg was preloaded using link preload but not used within a few seconds from the window's load event. Please make sure it has an appropriate `as` value and it is preloaded intentionally. @ https://kr.pinterest.com/:0
[  145043ms] [WARNING] The resource https://i.pinimg.com/236x/3c/08/5f/3c085f5cd62821b6e3c7c34228180734.jpg was preloaded using link preload but not used within a few seconds from the window's load event. Please make sure it has an appropriate `as` value and it is preloaded intentionally. @ https://kr.pinterest.com/:0
[  145043ms] [WARNING] The resource https://i.pinimg.com/474x/85/7f/dd/857fdd2df62b1327ae9ed30a6ef60c49.jpg was preloaded using link preload but not used within a few seconds from the window's load event. Please make sure it has an appropriate `as` value and it is preloaded intentionally. @ https://kr.pinterest.com/:0
[  145043ms] [WARNING] The resource https://i.pinimg.com/474x/1b/7c/80/1b7c805d1bae9e4302742aef6afe4fee.jpg was preloaded using link preload but not used within a few seconds from the window's load event. Please make sure it has an appropriate `as` value and it is preloaded intentionally. @ https://kr.pinterest.com/:0
[  145043ms] [WARNING] The resource https://i.pinimg.com/236x/09/bd/f0/09bdf0d1036da833d4946112413e2d81.jpg was preloaded using link preload but not used within a few seconds from the window's load event. Please make sure it has an appropriate `as` value and it is preloaded intentionally. @ https://kr.pinterest.com/:0
[  145043ms] [WARNING] The resource https://i.pinimg.com/474x/09/81/ea/0981ea7dc74e0daf206ce8f504e661e0.jpg was preloaded using link preload but not used within a few seconds from the window's load event. Please make sure it has an appropriate `as` value and it is preloaded intentionally. @ https://kr.pinterest.com/:0
[  145043ms] [WARNING] The resource https://i.pinimg.com/474x/0f/69/b2/0f69b2aa87f46a1bd4dd9757f586d62b.jpg was preloaded using link preload but not used within a few seconds from the window's load event. Please make sure it has an appropriate `as` value and it is preloaded intentionally. @ https://kr.pinterest.com/:0
[  145043ms] [WARNING] The resource https://i.pinimg.com/474x/25/b0/4d/25b04d11417944c80ea1a9e48d26e0b7.jpg was preloaded using link preload but not used within a few seconds from the window's load event. Please make sure it has an appropriate `as` value and it is preloaded intentionally. @ https://kr.pinterest.com/:0
[  145043ms] [WARNING] The resource https://i.pinimg.com/236x/83/21/de/8321de1cfbb7a481c3c5a9c4081bb93b.jpg was preloaded using link preload but not used within a few seconds from the window's load event. Please make sure it has an appropriate `as` value and it is preloaded intentionally. @ https://kr.pinterest.com/:0
[  145043ms] [WARNING] The resource https://i.pinimg.com/236x/2b/21/12/2b21129bed9ffcf273ac8ce44ae353b5.jpg was preloaded using link preload but not used within a few seconds from the window's load event. Please make sure it has an appropriate `as` value and it is preloaded intentionally. @ https://kr.pinterest.com/:0
[  145043ms] [WARNING] The resource https://i.pinimg.com/236x/27/8d/5a/278d5aa26c03cd1df82cd7309f08a631.jpg was preloaded using link preload but not used within a few seconds from the window's load event. Please make sure it has an appropriate `as` value and it is preloaded intentionally. @ https://kr.pinterest.com/:0
[  145043ms] [WARNING] The resource https://i.pinimg.com/236x/08/f0/5a/08f05af36f156e71e8ae321a11100764.jpg was preloaded using link preload but not used within a few seconds from the window's load event. Please make sure it has an appropriate `as` value and it is preloaded intentionally. @ https://kr.pinterest.com/:0
[  145043ms] [WARNING] The resource https://i.pinimg.com/236x/28/c8/75/28c87527c5bd7236a22e720fb2d44d45.jpg was preloaded using link preload but not used within a few seconds from the window's load event. Please make sure it has an appropriate `as` value and it is preloaded intentionally. @ https://kr.pinterest.com/:0
[  145043ms] [WARNING] The resource https://i.pinimg.com/236x/9e/87/69/9e8769c56f1c6aba3b8c3114c7cbff70.jpg was preloaded using link preload but not used within a few seconds from the window's load event. Please make sure it has an appropriate `as` value and it is preloaded intentionally. @ https://kr.pinterest.com/:0
[  145043ms] [WARNING] The resource https://i.pinimg.com/236x/e7/fa/86/e7fa8622724c4d61c72de955d0b81387.jpg was preloaded using link preload but not used within a few seconds from the window's load event. Please make sure it has an appropriate `as` value and it is preloaded intentionally. @ https://kr.pinterest.com/:0
[  145043ms] [WARNING] The resource https://i.pinimg.com/474x/34/e2/7e/34e27efc47591946303d5600c0a9ec81.jpg was preloaded using link preload but not used within a few seconds from the window's load event. Please make sure it has an appropriate `as` value and it is preloaded intentionally. @ https://kr.pinterest.com/:0
[  145043ms] [WARNING] The resource https://i.pinimg.com/236x/43/1a/95/431a956c16e8d8d00a682d1c6d03a8fb.jpg was preloaded using link preload but not used within a few seconds from the window's load event. Please make sure it has an appropriate `as` value and it is preloaded intentionally. @ https://kr.pinterest.com/:0
[  145043ms] [WARNING] The resource https://i.pinimg.com/236x/1d/a4/2a/1da42afb423ee13fca6bf6c7bd68fd15.jpg was preloaded using link preload but not used within a few seconds from the window's load event. Please make sure it has an appropriate `as` value and it is preloaded intentionally. @ https://kr.pinterest.com/:0
[  145043ms] [WARNING] The resource https://i.pinimg.com/474x/14/50/c2/1450c286972ab72ee8ec801322ed7cbc.jpg was preloaded using link preload but not used within a few seconds from the window's load event. Please make sure it has an appropriate `as` value and it is preloaded intentionally. @ https://kr.pinterest.com/:0
[  145043ms] [WARNING] The resource https://i.pinimg.com/236x/92/ff/47/92ff47314e39dbc44b3dba7ddaae37de.jpg was preloaded using link preload but not used within a few seconds from the window's load event. Please make sure it has an appropriate `as` value and it is preloaded intentionally. @ https://kr.pinterest.com/:0
[  145043ms] [WARNING] The resource https://i.pinimg.com/474x/bb/e2/81/bbe28166deb75208b9193d1d89315eb3.jpg was preloaded using link preload but not used within a few seconds from the window's load event. Please make sure it has an appropriate `as` value and it is preloaded intentionally. @ https://kr.pinterest.com/:0
[  145043ms] [WARNING] The resource https://i.pinimg.com/474x/6a/d8/53/6ad8539c3a739a4b8e2d84bd290d3b79.jpg was preloaded using link preload but not used within a few seconds from the window's load event. Please make sure it has an appropriate `as` value and it is preloaded intentionally. @ https://kr.pinterest.com/:0
[  149997ms] [WARNING] The resource https://i.pinimg.com/236x/ee/23/2d/ee232db5d385af190427b563b499d380.jpg was preloaded using link preload but not used within a few seconds from the window's load event. Please make sure it has an appropriate `as` value and it is preloaded intentionally. @ https://kr.pinterest.com/:0
[  149997ms] [WARNING] The resource https://i.pinimg.com/474x/50/a4/08/50a408dd6a66974273728a70f78b5402.jpg was preloaded using link preload but not used within a few seconds from the window's load event. Please make sure it has an appropriate `as` value and it is preloaded intentionally. @ https://kr.pinterest.com/:0
[  149997ms] [WARNING] The resource https://i.pinimg.com/474x/9e/e0/6d/9ee06de8b44e9f7820eeda35de166e43.jpg was preloaded using link preload but not used within a few seconds from the window's load event. Please make sure it has an appropriate `as` value and it is preloaded intentionally. @ https://kr.pinterest.com/:0
[  149997ms] [WARNING] The resource https://i.pinimg.com/236x/2e/da/c6/2edac682cc0711795e91e381ded479f5.jpg was preloaded using link preload but not used within a few seconds from the window's load event. Please make sure it has an appropriate `as` value and it is preloaded intentionally. @ https://kr.pinterest.com/:0
[  149997ms] [WARNING] The resource https://i.pinimg.com/474x/00/b9/80/00b980476ea605ecfb1300a5e1f59e70.jpg was preloaded using link preload but not used within a few seconds from the window's load event. Please make sure it has an appropriate `as` value and it is preloaded intentionally. @ https://kr.pinterest.com/:0
[  149997ms] [WARNING] The resource https://i.pinimg.com/236x/07/94/67/07946780dde0f2e40c986b86ca2cc653.jpg was preloaded using link preload but not used within a few seconds from the window's load event. Please make sure it has an appropriate `as` value and it is preloaded intentionally. @ https://kr.pinterest.com/:0
[  149997ms] [WARNING] The resource https://i.pinimg.com/474x/a7/19/93/a719935209be09c74e38aa6e755515d1.jpg was preloaded using link preload but not used within a few seconds from the window's load event. Please make sure it has an appropriate `as` value and it is preloaded intentionally. @ https://kr.pinterest.com/:0
[  149997ms] [WARNING] The resource https://i.pinimg.com/474x/70/da/a7/70daa7903f383805ce9fd1d810d5231d.jpg was preloaded using link preload but not used within a few seconds from the window's load event. Please make sure it has an appropriate `as` value and it is preloaded intentionally. @ https://kr.pinterest.com/:0
[  149997ms] [WARNING] The resource https://i.pinimg.com/474x/89/b7/db/89b7dbba7bdf2c434cff4e261dd4b39d.jpg was preloaded using link preload but not used within a few seconds from the window's load event. Please make sure it has an appropriate `as` value and it is preloaded intentionally. @ https://kr.pinterest.com/:0
[  149997ms] [WARNING] The resource https://i.pinimg.com/236x/d6/15/eb/d615eb5ecd00f142bea8d700933e602a.jpg was preloaded using link preload but not used within a few seconds from the window's load event. Please make sure it has an appropriate `as` value and it is preloaded intentionally. @ https://kr.pinterest.com/:0
[  149997ms] [WARNING] The resource https://i.pinimg.com/236x/a5/1c/02/a51c02183396a35e73c91a8f51b1a132.jpg was preloaded using link preload but not used within a few seconds from the window's load event. Please make sure it has an appropriate `as` value and it is preloaded intentionally. @ https://kr.pinterest.com/:0
[  149997ms] [WARNING] The resource https://i.pinimg.com/236x/7f/c0/a7/7fc0a74c8f01257729566e5c524494d9.jpg was preloaded using link preload but not used within a few seconds from the window's load event. Please make sure it has an appropriate `as` value and it is preloaded intentionally. @ https://kr.pinterest.com/:0
[  149997ms] [WARNING] The resource https://i.pinimg.com/236x/25/4d/a1/254da18932097a43457d83bee029c2aa.jpg was preloaded using link preload but not used within a few seconds from the window's load event. Please make sure it has an appropriate `as` value and it is preloaded intentionally. @ https://kr.pinterest.com/:0
[  149997ms] [WARNING] The resource https://i.pinimg.com/236x/1b/7b/3b/1b7b3b9367976c2595bbd3d9bb4ee49d.jpg was preloaded using link preload but not used within a few seconds from the window's load event. Please make sure it has an appropriate `as` value and it is preloaded intentionally. @ https://kr.pinterest.com/:0
[  149997ms] [WARNING] The resource https://i.pinimg.com/474x/b6/d8/d8/b6d8d8b6f5148aeaf03da762c5153a8b.jpg was preloaded using link preload but not used within a few seconds from the window's load event. Please make sure it has an appropriate `as` value and it is preloaded intentionally. @ https://kr.pinterest.com/:0
[  149997ms] [WARNING] The resource https://i.pinimg.com/236x/0b/5c/97/0b5c973c59c28160bdb25d92f0544d33.jpg was preloaded using link preload but not used within a few seconds from the window's load event. Please make sure it has an appropriate `as` value and it is preloaded intentionally. @ https://kr.pinterest.com/:0
[  149997ms] [WARNING] The resource https://i.pinimg.com/236x/66/04/78/6604787a6521e8cee548eb6008f7a7ec.jpg was preloaded using link preload but not used within a few seconds from the window's load event. Please make sure it has an appropriate `as` value and it is preloaded intentionally. @ https://kr.pinterest.com/:0
[  149997ms] [WARNING] The resource https://i.pinimg.com/236x/ad/72/bf/ad72bffd03a1ad97775e4f8e8a08878c.jpg was preloaded using link preload but not used within a few seconds from the window's load event. Please make sure it has an appropriate `as` value and it is preloaded intentionally. @ https://kr.pinterest.com/:0
[  149997ms] [WARNING] The resource https://i.pinimg.com/236x/34/86/19/348619194f8731ee85bd70dbbafd0aa0.jpg was preloaded using link preload but not used within a few seconds from the window's load event. Please make sure it has an appropriate `as` value and it is preloaded intentionally. @ https://kr.pinterest.com/:0
[  149997ms] [WARNING] The resource https://i.pinimg.com/236x/96/86/8d/96868d31beb53576ff7df531ebaced18.jpg was preloaded using link preload but not used within a few seconds from the window's load event. Please make sure it has an appropriate `as` value and it is preloaded intentionally. @ https://kr.pinterest.com/:0
[  149997ms] [WARNING] The resource https://i.pinimg.com/474x/c0/b1/d8/c0b1d800bfbb4ae0ffea1e0669f2af14.jpg was preloaded using link preload but not used within a few seconds from the window's load event. Please make sure it has an appropriate `as` value and it is preloaded intentionally. @ https://kr.pinterest.com/:0
[  149997ms] [WARNING] The resource https://i.pinimg.com/236x/e6/c1/28/e6c128b58c4d24dda919fc0696a04e77.jpg was preloaded using link preload but not used within a few seconds from the window's load event. Please make sure it has an appropriate `as` value and it is preloaded intentionally. @ https://kr.pinterest.com/:0
[  149997ms] [WARNING] The resource https://i.pinimg.com/236x/01/86/b2/0186b2a08e4649069418921886abd622.jpg was preloaded using link preload but not used within a few seconds from the window's load event. Please make sure it has an appropriate `as` value and it is preloaded intentionally. @ https://kr.pinterest.com/:0
[  149997ms] [WARNING] The resource https://i.pinimg.com/236x/d4/e6/52/d4e652fa0e444c5585f2f0405d54c792.jpg was preloaded using link preload but not used within a few seconds from the window's load event. Please make sure it has an appropriate `as` value and it is preloaded intentionally. @ https://kr.pinterest.com/:0
[  149997ms] [WARNING] The resource https://i.pinimg.com/236x/3c/08/5f/3c085f5cd62821b6e3c7c34228180734.jpg was preloaded using link preload but not used within a few seconds from the window's load event. Please make sure it has an appropriate `as` value and it is preloaded intentionally. @ https://kr.pinterest.com/:0
[  149997ms] [WARNING] The resource https://i.pinimg.com/474x/85/7f/dd/857fdd2df62b1327ae9ed30a6ef60c49.jpg was preloaded using link preload but not used within a few seconds from the window's load event. Please make sure it has an appropriate `as` value and it is preloaded intentionally. @ https://kr.pinterest.com/:0
[  149997ms] [WARNING] The resource https://i.pinimg.com/474x/1b/7c/80/1b7c805d1bae9e4302742aef6afe4fee.jpg was preloaded using link preload but not used within a few seconds from the window's load event. Please make sure it has an appropriate `as` value and it is preloaded intentionally. @ https://kr.pinterest.com/:0
[  149997ms] [WARNING] The resource https://i.pinimg.com/236x/09/bd/f0/09bdf0d1036da833d4946112413e2d81.jpg was preloaded using link preload but not used within a few seconds from the window's load event. Please make sure it has an appropriate `as` value and it is preloaded intentionally. @ https://kr.pinterest.com/:0
[  149997ms] [WARNING] The resource https://i.pinimg.com/474x/09/81/ea/0981ea7dc74e0daf206ce8f504e661e0.jpg was preloaded using link preload but not used within a few seconds from the window's load event. Please make sure it has an appropriate `as` value and it is preloaded intentionally. @ https://kr.pinterest.com/:0
[  149997ms] [WARNING] The resource https://i.pinimg.com/474x/0f/69/b2/0f69b2aa87f46a1bd4dd9757f586d62b.jpg was preloaded using link preload but not used within a few seconds from the window's load event. Please make sure it has an appropriate `as` value and it is preloaded intentionally. @ https://kr.pinterest.com/:0
[  149997ms] [WARNING] The resource https://i.pinimg.com/474x/25/b0/4d/25b04d11417944c80ea1a9e48d26e0b7.jpg was preloaded using link preload but not used within a few seconds from the window's load event. Please make sure it has an appropriate `as` value and it is preloaded intentionally. @ https://kr.pinterest.com/:0
[  149997ms] [WARNING] The resource https://i.pinimg.com/236x/83/21/de/8321de1cfbb7a481c3c5a9c4081bb93b.jpg was preloaded using link preload but not used within a few seconds from the window's load event. Please make sure it has an appropriate `as` value and it is preloaded intentionally. @ https://kr.pinterest.com/:0
[  149997ms] [WARNING] The resource https://i.pinimg.com/236x/2b/21/12/2b21129bed9ffcf273ac8ce44ae353b5.jpg was preloaded using link preload but not used within a few seconds from the window's load event. Please make sure it has an appropriate `as` value and it is preloaded intentionally. @ https://kr.pinterest.com/:0
[  149997ms] [WARNING] The resource https://i.pinimg.com/236x/27/8d/5a/278d5aa26c03cd1df82cd7309f08a631.jpg was preloaded using link preload but not used within a few seconds from the window's load event. Please make sure it has an appropriate `as` value and it is preloaded intentionally. @ https://kr.pinterest.com/:0
[  149997ms] [WARNING] The resource https://i.pinimg.com/236x/08/f0/5a/08f05af36f156e71e8ae321a11100764.jpg was preloaded using link preload but not used within a few seconds from the window's load event. Please make sure it has an appropriate `as` value and it is preloaded intentionally. @ https://kr.pinterest.com/:0
[  149997ms] [WARNING] The resource https://i.pinimg.com/236x/28/c8/75/28c87527c5bd7236a22e720fb2d44d45.jpg was preloaded using link preload but not used within a few seconds from the window's load event. Please make sure it has an appropriate `as` value and it is preloaded intentionally. @ https://kr.pinterest.com/:0
[  149997ms] [WARNING] The resource https://i.pinimg.com/236x/9e/87/69/9e8769c56f1c6aba3b8c3114c7cbff70.jpg was preloaded using link preload but not used within a few seconds from the window's load event. Please make sure it has an appropriate `as` value and it is preloaded intentionally. @ https://kr.pinterest.com/:0
[  149997ms] [WARNING] The resource https://i.pinimg.com/236x/e7/fa/86/e7fa8622724c4d61c72de955d0b81387.jpg was preloaded using link preload but not used within a few seconds from the window's load event. Please make sure it has an appropriate `as` value and it is preloaded intentionally. @ https://kr.pinterest.com/:0
[  149997ms] [WARNING] The resource https://i.pinimg.com/474x/34/e2/7e/34e27efc47591946303d5600c0a9ec81.jpg was preloaded using link preload but not used within a few seconds from the window's load event. Please make sure it has an appropriate `as` value and it is preloaded intentionally. @ https://kr.pinterest.com/:0
[  149997ms] [WARNING] The resource https://i.pinimg.com/236x/43/1a/95/431a956c16e8d8d00a682d1c6d03a8fb.jpg was preloaded using link preload but not used within a few seconds from the window's load event. Please make sure it has an appropriate `as` value and it is preloaded intentionally. @ https://kr.pinterest.com/:0
[  149997ms] [WARNING] The resource https://i.pinimg.com/236x/1d/a4/2a/1da42afb423ee13fca6bf6c7bd68fd15.jpg was preloaded using link preload but not used within a few seconds from the window's load event. Please make sure it has an appropriate `as` value and it is preloaded intentionally. @ https://kr.pinterest.com/:0
[  149997ms] [WARNING] The resource https://i.pinimg.com/474x/14/50/c2/1450c286972ab72ee8ec801322ed7cbc.jpg was preloaded using link preload but not used within a few seconds from the window's load event. Please make sure it has an appropriate `as` value and it is preloaded intentionally. @ https://kr.pinterest.com/:0
[  149997ms] [WARNING] The resource https://i.pinimg.com/236x/92/ff/47/92ff47314e39dbc44b3dba7ddaae37de.jpg was preloaded using link preload but not used within a few seconds from the window's load event. Please make sure it has an appropriate `as` value and it is preloaded intentionally. @ https://kr.pinterest.com/:0
[  149997ms] [WARNING] The resource https://i.pinimg.com/474x/bb/e2/81/bbe28166deb75208b9193d1d89315eb3.jpg was preloaded using link preload but not used within a few seconds from the window's load event. Please make sure it has an appropriate `as` value and it is preloaded intentionally. @ https://kr.pinterest.com/:0
[  149997ms] [WARNING] The resource https://i.pinimg.com/474x/6a/d8/53/6ad8539c3a739a4b8e2d84bd290d3b79.jpg was preloaded using link preload but not used within a few seconds from the window's load event. Please make sure it has an appropriate `as` value and it is preloaded intentionally. @ https://kr.pinterest.com/:0
[  155209ms] [WARNING] The resource https://i.pinimg.com/236x/ee/23/2d/ee232db5d385af190427b563b499d380.jpg was preloaded using link preload but not used within a few seconds from the window's load event. Please make sure it has an appropriate `as` value and it is preloaded intentionally. @ https://kr.pinterest.com/:0
[  155209ms] [WARNING] The resource https://i.pinimg.com/474x/50/a4/08/50a408dd6a66974273728a70f78b5402.jpg was preloaded using link preload but not used within a few seconds from the window's load event. Please make sure it has an appropriate `as` value and it is preloaded intentionally. @ https://kr.pinterest.com/:0
[  155209ms] [WARNING] The resource https://i.pinimg.com/474x/9e/e0/6d/9ee06de8b44e9f7820eeda35de166e43.jpg was preloaded using link preload but not used within a few seconds from the window's load event. Please make sure it has an appropriate `as` value and it is preloaded intentionally. @ https://kr.pinterest.com/:0
[  155209ms] [WARNING] The resource https://i.pinimg.com/236x/2e/da/c6/2edac682cc0711795e91e381ded479f5.jpg was preloaded using link preload but not used within a few seconds from the window's load event. Please make sure it has an appropriate `as` value and it is preloaded intentionally. @ https://kr.pinterest.com/:0
[  155209ms] [WARNING] The resource https://i.pinimg.com/474x/00/b9/80/00b980476ea605ecfb1300a5e1f59e70.jpg was preloaded using link preload but not used within a few seconds from the window's load event. Please make sure it has an appropriate `as` value and it is preloaded intentionally. @ https://kr.pinterest.com/:0
[  155209ms] [WARNING] The resource https://i.pinimg.com/236x/07/94/67/07946780dde0f2e40c986b86ca2cc653.jpg was preloaded using link preload but not used within a few seconds from the window's load event. Please make sure it has an appropriate `as` value and it is preloaded intentionally. @ https://kr.pinterest.com/:0
[  155209ms] [WARNING] The resource https://i.pinimg.com/474x/a7/19/93/a719935209be09c74e38aa6e755515d1.jpg was preloaded using link preload but not used within a few seconds from the window's load event. Please make sure it has an appropriate `as` value and it is preloaded intentionally. @ https://kr.pinterest.com/:0
[  155209ms] [WARNING] The resource https://i.pinimg.com/474x/70/da/a7/70daa7903f383805ce9fd1d810d5231d.jpg was preloaded using link preload but not used within a few seconds from the window's load event. Please make sure it has an appropriate `as` value and it is preloaded intentionally. @ https://kr.pinterest.com/:0
[  155209ms] [WARNING] The resource https://i.pinimg.com/474x/89/b7/db/89b7dbba7bdf2c434cff4e261dd4b39d.jpg was preloaded using link preload but not used within a few seconds from the window's load event. Please make sure it has an appropriate `as` value and it is preloaded intentionally. @ https://kr.pinterest.com/:0
[  155209ms] [WARNING] The resource https://i.pinimg.com/236x/d6/15/eb/d615eb5ecd00f142bea8d700933e602a.jpg was preloaded using link preload but not used within a few seconds from the window's load event. Please make sure it has an appropriate `as` value and it is preloaded intentionally. @ https://kr.pinterest.com/:0
[  155209ms] [WARNING] The resource https://i.pinimg.com/236x/a5/1c/02/a51c02183396a35e73c91a8f51b1a132.jpg was preloaded using link preload but not used within a few seconds from the window's load event. Please make sure it has an appropriate `as` value and it is preloaded intentionally. @ https://kr.pinterest.com/:0
[  155210ms] [WARNING] The resource https://i.pinimg.com/236x/7f/c0/a7/7fc0a74c8f01257729566e5c524494d9.jpg was preloaded using link preload but not used within a few seconds from the window's load event. Please make sure it has an appropriate `as` value and it is preloaded intentionally. @ https://kr.pinterest.com/:0
[  155210ms] [WARNING] The resource https://i.pinimg.com/236x/25/4d/a1/254da18932097a43457d83bee029c2aa.jpg was preloaded using link preload but not used within a few seconds from the window's load event. Please make sure it has an appropriate `as` value and it is preloaded intentionally. @ https://kr.pinterest.com/:0
[  155210ms] [WARNING] The resource https://i.pinimg.com/236x/1b/7b/3b/1b7b3b9367976c2595bbd3d9bb4ee49d.jpg was preloaded using link preload but not used within a few seconds from the window's load event. Please make sure it has an appropriate `as` value and it is preloaded intentionally. @ https://kr.pinterest.com/:0
[  155210ms] [WARNING] The resource https://i.pinimg.com/474x/b6/d8/d8/b6d8d8b6f5148aeaf03da762c5153a8b.jpg was preloaded using link preload but not used within a few seconds from the window's load event. Please make sure it has an appropriate `as` value and it is preloaded intentionally. @ https://kr.pinterest.com/:0
[  155210ms] [WARNING] The resource https://i.pinimg.com/236x/0b/5c/97/0b5c973c59c28160bdb25d92f0544d33.jpg was preloaded using link preload but not used within a few seconds from the window's load event. Please make sure it has an appropriate `as` value and it is preloaded intentionally. @ https://kr.pinterest.com/:0
[  155210ms] [WARNING] The resource https://i.pinimg.com/236x/66/04/78/6604787a6521e8cee548eb6008f7a7ec.jpg was preloaded using link preload but not used within a few seconds from the window's load event. Please make sure it has an appropriate `as` value and it is preloaded intentionally. @ https://kr.pinterest.com/:0
[  155210ms] [WARNING] The resource https://i.pinimg.com/236x/ad/72/bf/ad72bffd03a1ad97775e4f8e8a08878c.jpg was preloaded using link preload but not used within a few seconds from the window's load event. Please make sure it has an appropriate `as` value and it is preloaded intentionally. @ https://kr.pinterest.com/:0
[  155210ms] [WARNING] The resource https://i.pinimg.com/236x/34/86/19/348619194f8731ee85bd70dbbafd0aa0.jpg was preloaded using link preload but not used within a few seconds from the window's load event. Please make sure it has an appropriate `as` value and it is preloaded intentionally. @ https://kr.pinterest.com/:0
[  155210ms] [WARNING] The resource https://i.pinimg.com/236x/96/86/8d/96868d31beb53576ff7df531ebaced18.jpg was preloaded using link preload but not used within a few seconds from the window's load event. Please make sure it has an appropriate `as` value and it is preloaded intentionally. @ https://kr.pinterest.com/:0
[  155210ms] [WARNING] The resource https://i.pinimg.com/474x/c0/b1/d8/c0b1d800bfbb4ae0ffea1e0669f2af14.jpg was preloaded using link preload but not used within a few seconds from the window's load event. Please make sure it has an appropriate `as` value and it is preloaded intentionally. @ https://kr.pinterest.com/:0
[  155210ms] [WARNING] The resource https://i.pinimg.com/236x/e6/c1/28/e6c128b58c4d24dda919fc0696a04e77.jpg was preloaded using link preload but not used within a few seconds from the window's load event. Please make sure it has an appropriate `as` value and it is preloaded intentionally. @ https://kr.pinterest.com/:0
[  155210ms] [WARNING] The resource https://i.pinimg.com/236x/01/86/b2/0186b2a08e4649069418921886abd622.jpg was preloaded using link preload but not used within a few seconds from the window's load event. Please make sure it has an appropriate `as` value and it is preloaded intentionally. @ https://kr.pinterest.com/:0
[  155210ms] [WARNING] The resource https://i.pinimg.com/236x/d4/e6/52/d4e652fa0e444c5585f2f0405d54c792.jpg was preloaded using link preload but not used within a few seconds from the window's load event. Please make sure it has an appropriate `as` value and it is preloaded intentionally. @ https://kr.pinterest.com/:0
[  155210ms] [WARNING] The resource https://i.pinimg.com/236x/3c/08/5f/3c085f5cd62821b6e3c7c34228180734.jpg was preloaded using link preload but not used within a few seconds from the window's load event. Please make sure it has an appropriate `as` value and it is preloaded intentionally. @ https://kr.pinterest.com/:0
[  155210ms] [WARNING] The resource https://i.pinimg.com/474x/85/7f/dd/857fdd2df62b1327ae9ed30a6ef60c49.jpg was preloaded using link preload but not used within a few seconds from the window's load event. Please make sure it has an appropriate `as` value and it is preloaded intentionally. @ https://kr.pinterest.com/:0
[  155210ms] [WARNING] The resource https://i.pinimg.com/474x/1b/7c/80/1b7c805d1bae9e4302742aef6afe4fee.jpg was preloaded using link preload but not used within a few seconds from the window's load event. Please make sure it has an appropriate `as` value and it is preloaded intentionally. @ https://kr.pinterest.com/:0
[  155210ms] [WARNING] The resource https://i.pinimg.com/236x/09/bd/f0/09bdf0d1036da833d4946112413e2d81.jpg was preloaded using link preload but not used within a few seconds from the window's load event. Please make sure it has an appropriate `as` value and it is preloaded intentionally. @ https://kr.pinterest.com/:0
[  155210ms] [WARNING] The resource https://i.pinimg.com/474x/09/81/ea/0981ea7dc74e0daf206ce8f504e661e0.jpg was preloaded using link preload but not used within a few seconds from the window's load event. Please make sure it has an appropriate `as` value and it is preloaded intentionally. @ https://kr.pinterest.com/:0
[  155210ms] [WARNING] The resource https://i.pinimg.com/474x/0f/69/b2/0f69b2aa87f46a1bd4dd9757f586d62b.jpg was preloaded using link preload but not used within a few seconds from the window's load event. Please make sure it has an appropriate `as` value and it is preloaded intentionally. @ https://kr.pinterest.com/:0
[  155210ms] [WARNING] The resource https://i.pinimg.com/474x/25/b0/4d/25b04d11417944c80ea1a9e48d26e0b7.jpg was preloaded using link preload but not used within a few seconds from the window's load event. Please make sure it has an appropriate `as` value and it is preloaded intentionally. @ https://kr.pinterest.com/:0
[  155210ms] [WARNING] The resource https://i.pinimg.com/236x/83/21/de/8321de1cfbb7a481c3c5a9c4081bb93b.jpg was preloaded using link preload but not used within a few seconds from the window's load event. Please make sure it has an appropriate `as` value and it is preloaded intentionally. @ https://kr.pinterest.com/:0
[  155210ms] [WARNING] The resource https://i.pinimg.com/236x/2b/21/12/2b21129bed9ffcf273ac8ce44ae353b5.jpg was preloaded using link preload but not used within a few seconds from the window's load event. Please make sure it has an appropriate `as` value and it is preloaded intentionally. @ https://kr.pinterest.com/:0
[  155210ms] [WARNING] The resource https://i.pinimg.com/236x/27/8d/5a/278d5aa26c03cd1df82cd7309f08a631.jpg was preloaded using link preload but not used within a few seconds from the window's load event. Please make sure it has an appropriate `as` value and it is preloaded intentionally. @ https://kr.pinterest.com/:0
[  155210ms] [WARNING] The resource https://i.pinimg.com/236x/08/f0/5a/08f05af36f156e71e8ae321a11100764.jpg was preloaded using link preload but not used within a few seconds from the window's load event. Please make sure it has an appropriate `as` value and it is preloaded intentionally. @ https://kr.pinterest.com/:0
[  155210ms] [WARNING] The resource https://i.pinimg.com/236x/28/c8/75/28c87527c5bd7236a22e720fb2d44d45.jpg was preloaded using link preload but not used within a few seconds from the window's load event. Please make sure it has an appropriate `as` value and it is preloaded intentionally. @ https://kr.pinterest.com/:0
[  155210ms] [WARNING] The resource https://i.pinimg.com/236x/9e/87/69/9e8769c56f1c6aba3b8c3114c7cbff70.jpg was preloaded using link preload but not used within a few seconds from the window's load event. Please make sure it has an appropriate `as` value and it is preloaded intentionally. @ https://kr.pinterest.com/:0
[  155210ms] [WARNING] The resource https://i.pinimg.com/236x/e7/fa/86/e7fa8622724c4d61c72de955d0b81387.jpg was preloaded using link preload but not used within a few seconds from the window's load event. Please make sure it has an appropriate `as` value and it is preloaded intentionally. @ https://kr.pinterest.com/:0
[  155210ms] [WARNING] The resource https://i.pinimg.com/474x/34/e2/7e/34e27efc47591946303d5600c0a9ec81.jpg was preloaded using link preload but not used within a few seconds from the window's load event. Please make sure it has an appropriate `as` value and it is preloaded intentionally. @ https://kr.pinterest.com/:0
[  155210ms] [WARNING] The resource https://i.pinimg.com/236x/43/1a/95/431a956c16e8d8d00a682d1c6d03a8fb.jpg was preloaded using link preload but not used within a few seconds from the window's load event. Please make sure it has an appropriate `as` value and it is preloaded intentionally. @ https://kr.pinterest.com/:0
[  155210ms] [WARNING] The resource https://i.pinimg.com/236x/1d/a4/2a/1da42afb423ee13fca6bf6c7bd68fd15.jpg was preloaded using link preload but not used within a few seconds from the window's load event. Please make sure it has an appropriate `as` value and it is preloaded intentionally. @ https://kr.pinterest.com/:0
[  155210ms] [WARNING] The resource https://i.pinimg.com/474x/14/50/c2/1450c286972ab72ee8ec801322ed7cbc.jpg was preloaded using link preload but not used within a few seconds from the window's load event. Please make sure it has an appropriate `as` value and it is preloaded intentionally. @ https://kr.pinterest.com/:0
[  155210ms] [WARNING] The resource https://i.pinimg.com/236x/92/ff/47/92ff47314e39dbc44b3dba7ddaae37de.jpg was preloaded using link preload but not used within a few seconds from the window's load event. Please make sure it has an appropriate `as` value and it is preloaded intentionally. @ https://kr.pinterest.com/:0
[  155210ms] [WARNING] The resource https://i.pinimg.com/474x/bb/e2/81/bbe28166deb75208b9193d1d89315eb3.jpg was preloaded using link preload but not used within a few seconds from the window's load event. Please make sure it has an appropriate `as` value and it is preloaded intentionally. @ https://kr.pinterest.com/:0
[  155210ms] [WARNING] The resource https://i.pinimg.com/474x/6a/d8/53/6ad8539c3a739a4b8e2d84bd290d3b79.jpg was preloaded using link preload but not used within a few seconds from the window's load event. Please make sure it has an appropriate `as` value and it is preloaded intentionally. @ https://kr.pinterest.com/:0
[  160058ms] [WARNING] The resource https://i.pinimg.com/236x/ee/23/2d/ee232db5d385af190427b563b499d380.jpg was preloaded using link preload but not used within a few seconds from the window's load event. Please make sure it has an appropriate `as` value and it is preloaded intentionally. @ https://kr.pinterest.com/:0
[  160058ms] [WARNING] The resource https://i.pinimg.com/474x/50/a4/08/50a408dd6a66974273728a70f78b5402.jpg was preloaded using link preload but not used within a few seconds from the window's load event. Please make sure it has an appropriate `as` value and it is preloaded intentionally. @ https://kr.pinterest.com/:0
[  160058ms] [WARNING] The resource https://i.pinimg.com/474x/9e/e0/6d/9ee06de8b44e9f7820eeda35de166e43.jpg was preloaded using link preload but not used within a few seconds from the window's load event. Please make sure it has an appropriate `as` value and it is preloaded intentionally. @ https://kr.pinterest.com/:0
[  160058ms] [WARNING] The resource https://i.pinimg.com/236x/2e/da/c6/2edac682cc0711795e91e381ded479f5.jpg was preloaded using link preload but not used within a few seconds from the window's load event. Please make sure it has an appropriate `as` value and it is preloaded intentionally. @ https://kr.pinterest.com/:0
[  160058ms] [WARNING] The resource https://i.pinimg.com/474x/00/b9/80/00b980476ea605ecfb1300a5e1f59e70.jpg was preloaded using link preload but not used within a few seconds from the window's load event. Please make sure it has an appropriate `as` value and it is preloaded intentionally. @ https://kr.pinterest.com/:0
[  160058ms] [WARNING] The resource https://i.pinimg.com/236x/07/94/67/07946780dde0f2e40c986b86ca2cc653.jpg was preloaded using link preload but not used within a few seconds from the window's load event. Please make sure it has an appropriate `as` value and it is preloaded intentionally. @ https://kr.pinterest.com/:0
[  160058ms] [WARNING] The resource https://i.pinimg.com/474x/a7/19/93/a719935209be09c74e38aa6e755515d1.jpg was preloaded using link preload but not used within a few seconds from the window's load event. Please make sure it has an appropriate `as` value and it is preloaded intentionally. @ https://kr.pinterest.com/:0
[  160058ms] [WARNING] The resource https://i.pinimg.com/474x/70/da/a7/70daa7903f383805ce9fd1d810d5231d.jpg was preloaded using link preload but not used within a few seconds from the window's load event. Please make sure it has an appropriate `as` value and it is preloaded intentionally. @ https://kr.pinterest.com/:0
[  160058ms] [WARNING] The resource https://i.pinimg.com/474x/89/b7/db/89b7dbba7bdf2c434cff4e261dd4b39d.jpg was preloaded using link preload but not used within a few seconds from the window's load event. Please make sure it has an appropriate `as` value and it is preloaded intentionally. @ https://kr.pinterest.com/:0
[  160058ms] [WARNING] The resource https://i.pinimg.com/236x/d6/15/eb/d615eb5ecd00f142bea8d700933e602a.jpg was preloaded using link preload but not used within a few seconds from the window's load event. Please make sure it has an appropriate `as` value and it is preloaded intentionally. @ https://kr.pinterest.com/:0
[  160058ms] [WARNING] The resource https://i.pinimg.com/236x/a5/1c/02/a51c02183396a35e73c91a8f51b1a132.jpg was preloaded using link preload but not used within a few seconds from the window's load event. Please make sure it has an appropriate `as` value and it is preloaded intentionally. @ https://kr.pinterest.com/:0
[  160058ms] [WARNING] The resource https://i.pinimg.com/236x/7f/c0/a7/7fc0a74c8f01257729566e5c524494d9.jpg was preloaded using link preload but not used within a few seconds from the window's load event. Please make sure it has an appropriate `as` value and it is preloaded intentionally. @ https://kr.pinterest.com/:0
[  160058ms] [WARNING] The resource https://i.pinimg.com/236x/25/4d/a1/254da18932097a43457d83bee029c2aa.jpg was preloaded using link preload but not used within a few seconds from the window's load event. Please make sure it has an appropriate `as` value and it is preloaded intentionally. @ https://kr.pinterest.com/:0
[  160058ms] [WARNING] The resource https://i.pinimg.com/236x/1b/7b/3b/1b7b3b9367976c2595bbd3d9bb4ee49d.jpg was preloaded using link preload but not used within a few seconds from the window's load event. Please make sure it has an appropriate `as` value and it is preloaded intentionally. @ https://kr.pinterest.com/:0
[  160058ms] [WARNING] The resource https://i.pinimg.com/474x/b6/d8/d8/b6d8d8b6f5148aeaf03da762c5153a8b.jpg was preloaded using link preload but not used within a few seconds from the window's load event. Please make sure it has an appropriate `as` value and it is preloaded intentionally. @ https://kr.pinterest.com/:0
[  160058ms] [WARNING] The resource https://i.pinimg.com/236x/0b/5c/97/0b5c973c59c28160bdb25d92f0544d33.jpg was preloaded using link preload but not used within a few seconds from the window's load event. Please make sure it has an appropriate `as` value and it is preloaded intentionally. @ https://kr.pinterest.com/:0
[  160059ms] [WARNING] The resource https://i.pinimg.com/236x/66/04/78/6604787a6521e8cee548eb6008f7a7ec.jpg was preloaded using link preload but not used within a few seconds from the window's load event. Please make sure it has an appropriate `as` value and it is preloaded intentionally. @ https://kr.pinterest.com/:0
[  160059ms] [WARNING] The resource https://i.pinimg.com/236x/ad/72/bf/ad72bffd03a1ad97775e4f8e8a08878c.jpg was preloaded using link preload but not used within a few seconds from the window's load event. Please make sure it has an appropriate `as` value and it is preloaded intentionally. @ https://kr.pinterest.com/:0
[  160059ms] [WARNING] The resource https://i.pinimg.com/236x/34/86/19/348619194f8731ee85bd70dbbafd0aa0.jpg was preloaded using link preload but not used within a few seconds from the window's load event. Please make sure it has an appropriate `as` value and it is preloaded intentionally. @ https://kr.pinterest.com/:0
[  160059ms] [WARNING] The resource https://i.pinimg.com/236x/96/86/8d/96868d31beb53576ff7df531ebaced18.jpg was preloaded using link preload but not used within a few seconds from the window's load event. Please make sure it has an appropriate `as` value and it is preloaded intentionally. @ https://kr.pinterest.com/:0
[  160059ms] [WARNING] The resource https://i.pinimg.com/474x/c0/b1/d8/c0b1d800bfbb4ae0ffea1e0669f2af14.jpg was preloaded using link preload but not used within a few seconds from the window's load event. Please make sure it has an appropriate `as` value and it is preloaded intentionally. @ https://kr.pinterest.com/:0
[  160059ms] [WARNING] The resource https://i.pinimg.com/236x/e6/c1/28/e6c128b58c4d24dda919fc0696a04e77.jpg was preloaded using link preload but not used within a few seconds from the window's load event. Please make sure it has an appropriate `as` value and it is preloaded intentionally. @ https://kr.pinterest.com/:0
[  160059ms] [WARNING] The resource https://i.pinimg.com/236x/01/86/b2/0186b2a08e4649069418921886abd622.jpg was preloaded using link preload but not used within a few seconds from the window's load event. Please make sure it has an appropriate `as` value and it is preloaded intentionally. @ https://kr.pinterest.com/:0
[  160059ms] [WARNING] The resource https://i.pinimg.com/236x/d4/e6/52/d4e652fa0e444c5585f2f0405d54c792.jpg was preloaded using link preload but not used within a few seconds from the window's load event. Please make sure it has an appropriate `as` value and it is preloaded intentionally. @ https://kr.pinterest.com/:0
[  160059ms] [WARNING] The resource https://i.pinimg.com/236x/3c/08/5f/3c085f5cd62821b6e3c7c34228180734.jpg was preloaded using link preload but not used within a few seconds from the window's load event. Please make sure it has an appropriate `as` value and it is preloaded intentionally. @ https://kr.pinterest.com/:0
[  160059ms] [WARNING] The resource https://i.pinimg.com/474x/85/7f/dd/857fdd2df62b1327ae9ed30a6ef60c49.jpg was preloaded using link preload but not used within a few seconds from the window's load event. Please make sure it has an appropriate `as` value and it is preloaded intentionally. @ https://kr.pinterest.com/:0
[  160059ms] [WARNING] The resource https://i.pinimg.com/474x/1b/7c/80/1b7c805d1bae9e4302742aef6afe4fee.jpg was preloaded using link preload but not used within a few seconds from the window's load event. Please make sure it has an appropriate `as` value and it is preloaded intentionally. @ https://kr.pinterest.com/:0
[  160059ms] [WARNING] The resource https://i.pinimg.com/236x/09/bd/f0/09bdf0d1036da833d4946112413e2d81.jpg was preloaded using link preload but not used within a few seconds from the window's load event. Please make sure it has an appropriate `as` value and it is preloaded intentionally. @ https://kr.pinterest.com/:0
[  160059ms] [WARNING] The resource https://i.pinimg.com/474x/09/81/ea/0981ea7dc74e0daf206ce8f504e661e0.jpg was preloaded using link preload but not used within a few seconds from the window's load event. Please make sure it has an appropriate `as` value and it is preloaded intentionally. @ https://kr.pinterest.com/:0
[  160059ms] [WARNING] The resource https://i.pinimg.com/474x/0f/69/b2/0f69b2aa87f46a1bd4dd9757f586d62b.jpg was preloaded using link preload but not used within a few seconds from the window's load event. Please make sure it has an appropriate `as` value and it is preloaded intentionally. @ https://kr.pinterest.com/:0
[  160059ms] [WARNING] The resource https://i.pinimg.com/474x/25/b0/4d/25b04d11417944c80ea1a9e48d26e0b7.jpg was preloaded using link preload but not used within a few seconds from the window's load event. Please make sure it has an appropriate `as` value and it is preloaded intentionally. @ https://kr.pinterest.com/:0
[  160059ms] [WARNING] The resource https://i.pinimg.com/236x/83/21/de/8321de1cfbb7a481c3c5a9c4081bb93b.jpg was preloaded using link preload but not used within a few seconds from the window's load event. Please make sure it has an appropriate `as` value and it is preloaded intentionally. @ https://kr.pinterest.com/:0
[  160059ms] [WARNING] The resource https://i.pinimg.com/236x/2b/21/12/2b21129bed9ffcf273ac8ce44ae353b5.jpg was preloaded using link preload but not used within a few seconds from the window's load event. Please make sure it has an appropriate `as` value and it is preloaded intentionally. @ https://kr.pinterest.com/:0
[  160059ms] [WARNING] The resource https://i.pinimg.com/236x/27/8d/5a/278d5aa26c03cd1df82cd7309f08a631.jpg was preloaded using link preload but not used within a few seconds from the window's load event. Please make sure it has an appropriate `as` value and it is preloaded intentionally. @ https://kr.pinterest.com/:0
[  160059ms] [WARNING] The resource https://i.pinimg.com/236x/08/f0/5a/08f05af36f156e71e8ae321a11100764.jpg was preloaded using link preload but not used within a few seconds from the window's load event. Please make sure it has an appropriate `as` value and it is preloaded intentionally. @ https://kr.pinterest.com/:0
[  160059ms] [WARNING] The resource https://i.pinimg.com/236x/28/c8/75/28c87527c5bd7236a22e720fb2d44d45.jpg was preloaded using link preload but not used within a few seconds from the window's load event. Please make sure it has an appropriate `as` value and it is preloaded intentionally. @ https://kr.pinterest.com/:0
[  160059ms] [WARNING] The resource https://i.pinimg.com/236x/9e/87/69/9e8769c56f1c6aba3b8c3114c7cbff70.jpg was preloaded using link preload but not used within a few seconds from the window's load event. Please make sure it has an appropriate `as` value and it is preloaded intentionally. @ https://kr.pinterest.com/:0
[  160059ms] [WARNING] The resource https://i.pinimg.com/236x/e7/fa/86/e7fa8622724c4d61c72de955d0b81387.jpg was preloaded using link preload but not used within a few seconds from the window's load event. Please make sure it has an appropriate `as` value and it is preloaded intentionally. @ https://kr.pinterest.com/:0
[  160059ms] [WARNING] The resource https://i.pinimg.com/474x/34/e2/7e/34e27efc47591946303d5600c0a9ec81.jpg was preloaded using link preload but not used within a few seconds from the window's load event. Please make sure it has an appropriate `as` value and it is preloaded intentionally. @ https://kr.pinterest.com/:0
[  160059ms] [WARNING] The resource https://i.pinimg.com/236x/43/1a/95/431a956c16e8d8d00a682d1c6d03a8fb.jpg was preloaded using link preload but not used within a few seconds from the window's load event. Please make sure it has an appropriate `as` value and it is preloaded intentionally. @ https://kr.pinterest.com/:0
[  160059ms] [WARNING] The resource https://i.pinimg.com/236x/1d/a4/2a/1da42afb423ee13fca6bf6c7bd68fd15.jpg was preloaded using link preload but not used within a few seconds from the window's load event. Please make sure it has an appropriate `as` value and it is preloaded intentionally. @ https://kr.pinterest.com/:0
[  160059ms] [WARNING] The resource https://i.pinimg.com/474x/14/50/c2/1450c286972ab72ee8ec801322ed7cbc.jpg was preloaded using link preload but not used within a few seconds from the window's load event. Please make sure it has an appropriate `as` value and it is preloaded intentionally. @ https://kr.pinterest.com/:0
[  160059ms] [WARNING] The resource https://i.pinimg.com/236x/92/ff/47/92ff47314e39dbc44b3dba7ddaae37de.jpg was preloaded using link preload but not used within a few seconds from the window's load event. Please make sure it has an appropriate `as` value and it is preloaded intentionally. @ https://kr.pinterest.com/:0
[  160059ms] [WARNING] The resource https://i.pinimg.com/474x/bb/e2/81/bbe28166deb75208b9193d1d89315eb3.jpg was preloaded using link preload but not used within a few seconds from the window's load event. Please make sure it has an appropriate `as` value and it is preloaded intentionally. @ https://kr.pinterest.com/:0
[  160059ms] [WARNING] The resource https://i.pinimg.com/474x/6a/d8/53/6ad8539c3a739a4b8e2d84bd290d3b79.jpg was preloaded using link preload but not used within a few seconds from the window's load event. Please make sure it has an appropriate `as` value and it is preloaded intentionally. @ https://kr.pinterest.com/:0
[  165194ms] [WARNING] The resource https://i.pinimg.com/236x/ee/23/2d/ee232db5d385af190427b563b499d380.jpg was preloaded using link preload but not used within a few seconds from the window's load event. Please make sure it has an appropriate `as` value and it is preloaded intentionally. @ https://kr.pinterest.com/:0
[  165194ms] [WARNING] The resource https://i.pinimg.com/474x/50/a4/08/50a408dd6a66974273728a70f78b5402.jpg was preloaded using link preload but not used within a few seconds from the window's load event. Please make sure it has an appropriate `as` value and it is preloaded intentionally. @ https://kr.pinterest.com/:0
[  165194ms] [WARNING] The resource https://i.pinimg.com/474x/9e/e0/6d/9ee06de8b44e9f7820eeda35de166e43.jpg was preloaded using link preload but not used within a few seconds from the window's load event. Please make sure it has an appropriate `as` value and it is preloaded intentionally. @ https://kr.pinterest.com/:0
[  165194ms] [WARNING] The resource https://i.pinimg.com/236x/2e/da/c6/2edac682cc0711795e91e381ded479f5.jpg was preloaded using link preload but not used within a few seconds from the window's load event. Please make sure it has an appropriate `as` value and it is preloaded intentionally. @ https://kr.pinterest.com/:0
[  165194ms] [WARNING] The resource https://i.pinimg.com/474x/00/b9/80/00b980476ea605ecfb1300a5e1f59e70.jpg was preloaded using link preload but not used within a few seconds from the window's load event. Please make sure it has an appropriate `as` value and it is preloaded intentionally. @ https://kr.pinterest.com/:0
[  165194ms] [WARNING] The resource https://i.pinimg.com/236x/07/94/67/07946780dde0f2e40c986b86ca2cc653.jpg was preloaded using link preload but not used within a few seconds from the window's load event. Please make sure it has an appropriate `as` value and it is preloaded intentionally. @ https://kr.pinterest.com/:0
[  165194ms] [WARNING] The resource https://i.pinimg.com/474x/a7/19/93/a719935209be09c74e38aa6e755515d1.jpg was preloaded using link preload but not used within a few seconds from the window's load event. Please make sure it has an appropriate `as` value and it is preloaded intentionally. @ https://kr.pinterest.com/:0
[  165194ms] [WARNING] The resource https://i.pinimg.com/474x/70/da/a7/70daa7903f383805ce9fd1d810d5231d.jpg was preloaded using link preload but not used within a few seconds from the window's load event. Please make sure it has an appropriate `as` value and it is preloaded intentionally. @ https://kr.pinterest.com/:0
[  165194ms] [WARNING] The resource https://i.pinimg.com/474x/89/b7/db/89b7dbba7bdf2c434cff4e261dd4b39d.jpg was preloaded using link preload but not used within a few seconds from the window's load event. Please make sure it has an appropriate `as` value and it is preloaded intentionally. @ https://kr.pinterest.com/:0
[  165194ms] [WARNING] The resource https://i.pinimg.com/236x/d6/15/eb/d615eb5ecd00f142bea8d700933e602a.jpg was preloaded using link preload but not used within a few seconds from the window's load event. Please make sure it has an appropriate `as` value and it is preloaded intentionally. @ https://kr.pinterest.com/:0
[  165194ms] [WARNING] The resource https://i.pinimg.com/236x/a5/1c/02/a51c02183396a35e73c91a8f51b1a132.jpg was preloaded using link preload but not used within a few seconds from the window's load event. Please make sure it has an appropriate `as` value and it is preloaded intentionally. @ https://kr.pinterest.com/:0
[  165194ms] [WARNING] The resource https://i.pinimg.com/236x/7f/c0/a7/7fc0a74c8f01257729566e5c524494d9.jpg was preloaded using link preload but not used within a few seconds from the window's load event. Please make sure it has an appropriate `as` value and it is preloaded intentionally. @ https://kr.pinterest.com/:0
[  165194ms] [WARNING] The resource https://i.pinimg.com/236x/25/4d/a1/254da18932097a43457d83bee029c2aa.jpg was preloaded using link preload but not used within a few seconds from the window's load event. Please make sure it has an appropriate `as` value and it is preloaded intentionally. @ https://kr.pinterest.com/:0
[  165194ms] [WARNING] The resource https://i.pinimg.com/236x/1b/7b/3b/1b7b3b9367976c2595bbd3d9bb4ee49d.jpg was preloaded using link preload but not used within a few seconds from the window's load event. Please make sure it has an appropriate `as` value and it is preloaded intentionally. @ https://kr.pinterest.com/:0
[  165194ms] [WARNING] The resource https://i.pinimg.com/474x/b6/d8/d8/b6d8d8b6f5148aeaf03da762c5153a8b.jpg was preloaded using link preload but not used within a few seconds from the window's load event. Please make sure it has an appropriate `as` value and it is preloaded intentionally. @ https://kr.pinterest.com/:0
[  165194ms] [WARNING] The resource https://i.pinimg.com/236x/0b/5c/97/0b5c973c59c28160bdb25d92f0544d33.jpg was preloaded using link preload but not used within a few seconds from the window's load event. Please make sure it has an appropriate `as` value and it is preloaded intentionally. @ https://kr.pinterest.com/:0
[  165194ms] [WARNING] The resource https://i.pinimg.com/236x/66/04/78/6604787a6521e8cee548eb6008f7a7ec.jpg was preloaded using link preload but not used within a few seconds from the window's load event. Please make sure it has an appropriate `as` value and it is preloaded intentionally. @ https://kr.pinterest.com/:0
[  165194ms] [WARNING] The resource https://i.pinimg.com/236x/ad/72/bf/ad72bffd03a1ad97775e4f8e8a08878c.jpg was preloaded using link preload but not used within a few seconds from the window's load event. Please make sure it has an appropriate `as` value and it is preloaded intentionally. @ https://kr.pinterest.com/:0
[  165194ms] [WARNING] The resource https://i.pinimg.com/236x/34/86/19/348619194f8731ee85bd70dbbafd0aa0.jpg was preloaded using link preload but not used within a few seconds from the window's load event. Please make sure it has an appropriate `as` value and it is preloaded intentionally. @ https://kr.pinterest.com/:0
[  165194ms] [WARNING] The resource https://i.pinimg.com/236x/96/86/8d/96868d31beb53576ff7df531ebaced18.jpg was preloaded using link preload but not used within a few seconds from the window's load event. Please make sure it has an appropriate `as` value and it is preloaded intentionally. @ https://kr.pinterest.com/:0
[  165194ms] [WARNING] The resource https://i.pinimg.com/474x/c0/b1/d8/c0b1d800bfbb4ae0ffea1e0669f2af14.jpg was preloaded using link preload but not used within a few seconds from the window's load event. Please make sure it has an appropriate `as` value and it is preloaded intentionally. @ https://kr.pinterest.com/:0
[  165194ms] [WARNING] The resource https://i.pinimg.com/236x/e6/c1/28/e6c128b58c4d24dda919fc0696a04e77.jpg was preloaded using link preload but not used within a few seconds from the window's load event. Please make sure it has an appropriate `as` value and it is preloaded intentionally. @ https://kr.pinterest.com/:0
[  165194ms] [WARNING] The resource https://i.pinimg.com/236x/01/86/b2/0186b2a08e4649069418921886abd622.jpg was preloaded using link preload but not used within a few seconds from the window's load event. Please make sure it has an appropriate `as` value and it is preloaded intentionally. @ https://kr.pinterest.com/:0
[  165194ms] [WARNING] The resource https://i.pinimg.com/236x/d4/e6/52/d4e652fa0e444c5585f2f0405d54c792.jpg was preloaded using link preload but not used within a few seconds from the window's load event. Please make sure it has an appropriate `as` value and it is preloaded intentionally. @ https://kr.pinterest.com/:0
[  165194ms] [WARNING] The resource https://i.pinimg.com/236x/3c/08/5f/3c085f5cd62821b6e3c7c34228180734.jpg was preloaded using link preload but not used within a few seconds from the window's load event. Please make sure it has an appropriate `as` value and it is preloaded intentionally. @ https://kr.pinterest.com/:0
[  165194ms] [WARNING] The resource https://i.pinimg.com/474x/85/7f/dd/857fdd2df62b1327ae9ed30a6ef60c49.jpg was preloaded using link preload but not used within a few seconds from the window's load event. Please make sure it has an appropriate `as` value and it is preloaded intentionally. @ https://kr.pinterest.com/:0
[  165194ms] [WARNING] The resource https://i.pinimg.com/474x/1b/7c/80/1b7c805d1bae9e4302742aef6afe4fee.jpg was preloaded using link preload but not used within a few seconds from the window's load event. Please make sure it has an appropriate `as` value and it is preloaded intentionally. @ https://kr.pinterest.com/:0
[  165194ms] [WARNING] The resource https://i.pinimg.com/236x/09/bd/f0/09bdf0d1036da833d4946112413e2d81.jpg was preloaded using link preload but not used within a few seconds from the window's load event. Please make sure it has an appropriate `as` value and it is preloaded intentionally. @ https://kr.pinterest.com/:0
[  165194ms] [WARNING] The resource https://i.pinimg.com/474x/09/81/ea/0981ea7dc74e0daf206ce8f504e661e0.jpg was preloaded using link preload but not used within a few seconds from the window's load event. Please make sure it has an appropriate `as` value and it is preloaded intentionally. @ https://kr.pinterest.com/:0
[  165194ms] [WARNING] The resource https://i.pinimg.com/474x/0f/69/b2/0f69b2aa87f46a1bd4dd9757f586d62b.jpg was preloaded using link preload but not used within a few seconds from the window's load event. Please make sure it has an appropriate `as` value and it is preloaded intentionally. @ https://kr.pinterest.com/:0
[  165194ms] [WARNING] The resource https://i.pinimg.com/474x/25/b0/4d/25b04d11417944c80ea1a9e48d26e0b7.jpg was preloaded using link preload but not used within a few seconds from the window's load event. Please make sure it has an appropriate `as` value and it is preloaded intentionally. @ https://kr.pinterest.com/:0
[  165194ms] [WARNING] The resource https://i.pinimg.com/236x/83/21/de/8321de1cfbb7a481c3c5a9c4081bb93b.jpg was preloaded using link preload but not used within a few seconds from the window's load event. Please make sure it has an appropriate `as` value and it is preloaded intentionally. @ https://kr.pinterest.com/:0
[  165194ms] [WARNING] The resource https://i.pinimg.com/236x/2b/21/12/2b21129bed9ffcf273ac8ce44ae353b5.jpg was preloaded using link preload but not used within a few seconds from the window's load event. Please make sure it has an appropriate `as` value and it is preloaded intentionally. @ https://kr.pinterest.com/:0
[  165194ms] [WARNING] The resource https://i.pinimg.com/236x/27/8d/5a/278d5aa26c03cd1df82cd7309f08a631.jpg was preloaded using link preload but not used within a few seconds from the window's load event. Please make sure it has an appropriate `as` value and it is preloaded intentionally. @ https://kr.pinterest.com/:0
[  165194ms] [WARNING] The resource https://i.pinimg.com/236x/08/f0/5a/08f05af36f156e71e8ae321a11100764.jpg was preloaded using link preload but not used within a few seconds from the window's load event. Please make sure it has an appropriate `as` value and it is preloaded intentionally. @ https://kr.pinterest.com/:0
[  165194ms] [WARNING] The resource https://i.pinimg.com/236x/28/c8/75/28c87527c5bd7236a22e720fb2d44d45.jpg was preloaded using link preload but not used within a few seconds from the window's load event. Please make sure it has an appropriate `as` value and it is preloaded intentionally. @ https://kr.pinterest.com/:0
[  165194ms] [WARNING] The resource https://i.pinimg.com/236x/9e/87/69/9e8769c56f1c6aba3b8c3114c7cbff70.jpg was preloaded using link preload but not used within a few seconds from the window's load event. Please make sure it has an appropriate `as` value and it is preloaded intentionally. @ https://kr.pinterest.com/:0
[  165194ms] [WARNING] The resource https://i.pinimg.com/236x/e7/fa/86/e7fa8622724c4d61c72de955d0b81387.jpg was preloaded using link preload but not used within a few seconds from the window's load event. Please make sure it has an appropriate `as` value and it is preloaded intentionally. @ https://kr.pinterest.com/:0
[  165194ms] [WARNING] The resource https://i.pinimg.com/474x/34/e2/7e/34e27efc47591946303d5600c0a9ec81.jpg was preloaded using link preload but not used within a few seconds from the window's load event. Please make sure it has an appropriate `as` value and it is preloaded intentionally. @ https://kr.pinterest.com/:0
[  165194ms] [WARNING] The resource https://i.pinimg.com/236x/43/1a/95/431a956c16e8d8d00a682d1c6d03a8fb.jpg was preloaded using link preload but not used within a few seconds from the window's load event. Please make sure it has an appropriate `as` value and it is preloaded intentionally. @ https://kr.pinterest.com/:0
[  165194ms] [WARNING] The resource https://i.pinimg.com/236x/1d/a4/2a/1da42afb423ee13fca6bf6c7bd68fd15.jpg was preloaded using link preload but not used within a few seconds from the window's load event. Please make sure it has an appropriate `as` value and it is preloaded intentionally. @ https://kr.pinterest.com/:0
[  165194ms] [WARNING] The resource https://i.pinimg.com/474x/14/50/c2/1450c286972ab72ee8ec801322ed7cbc.jpg was preloaded using link preload but not used within a few seconds from the window's load event. Please make sure it has an appropriate `as` value and it is preloaded intentionally. @ https://kr.pinterest.com/:0
[  165194ms] [WARNING] The resource https://i.pinimg.com/236x/92/ff/47/92ff47314e39dbc44b3dba7ddaae37de.jpg was preloaded using link preload but not used within a few seconds from the window's load event. Please make sure it has an appropriate `as` value and it is preloaded intentionally. @ https://kr.pinterest.com/:0
[  165194ms] [WARNING] The resource https://i.pinimg.com/474x/bb/e2/81/bbe28166deb75208b9193d1d89315eb3.jpg was preloaded using link preload but not used within a few seconds from the window's load event. Please make sure it has an appropriate `as` value and it is preloaded intentionally. @ https://kr.pinterest.com/:0
[  165194ms] [WARNING] The resource https://i.pinimg.com/474x/6a/d8/53/6ad8539c3a739a4b8e2d84bd290d3b79.jpg was preloaded using link preload but not used within a few seconds from the window's load event. Please make sure it has an appropriate `as` value and it is preloaded intentionally. @ https://kr.pinterest.com/:0
[  170075ms] [WARNING] The resource https://i.pinimg.com/236x/ee/23/2d/ee232db5d385af190427b563b499d380.jpg was preloaded using link preload but not used within a few seconds from the window's load event. Please make sure it has an appropriate `as` value and it is preloaded intentionally. @ https://kr.pinterest.com/:0
[  170075ms] [WARNING] The resource https://i.pinimg.com/474x/50/a4/08/50a408dd6a66974273728a70f78b5402.jpg was preloaded using link preload but not used within a few seconds from the window's load event. Please make sure it has an appropriate `as` value and it is preloaded intentionally. @ https://kr.pinterest.com/:0
[  170075ms] [WARNING] The resource https://i.pinimg.com/474x/9e/e0/6d/9ee06de8b44e9f7820eeda35de166e43.jpg was preloaded using link preload but not used within a few seconds from the window's load event. Please make sure it has an appropriate `as` value and it is preloaded intentionally. @ https://kr.pinterest.com/:0
[  170075ms] [WARNING] The resource https://i.pinimg.com/236x/2e/da/c6/2edac682cc0711795e91e381ded479f5.jpg was preloaded using link preload but not used within a few seconds from the window's load event. Please make sure it has an appropriate `as` value and it is preloaded intentionally. @ https://kr.pinterest.com/:0
[  170075ms] [WARNING] The resource https://i.pinimg.com/474x/00/b9/80/00b980476ea605ecfb1300a5e1f59e70.jpg was preloaded using link preload but not used within a few seconds from the window's load event. Please make sure it has an appropriate `as` value and it is preloaded intentionally. @ https://kr.pinterest.com/:0
[  170075ms] [WARNING] The resource https://i.pinimg.com/236x/07/94/67/07946780dde0f2e40c986b86ca2cc653.jpg was preloaded using link preload but not used within a few seconds from the window's load event. Please make sure it has an appropriate `as` value and it is preloaded intentionally. @ https://kr.pinterest.com/:0
[  170075ms] [WARNING] The resource https://i.pinimg.com/474x/a7/19/93/a719935209be09c74e38aa6e755515d1.jpg was preloaded using link preload but not used within a few seconds from the window's load event. Please make sure it has an appropriate `as` value and it is preloaded intentionally. @ https://kr.pinterest.com/:0
[  170075ms] [WARNING] The resource https://i.pinimg.com/474x/70/da/a7/70daa7903f383805ce9fd1d810d5231d.jpg was preloaded using link preload but not used within a few seconds from the window's load event. Please make sure it has an appropriate `as` value and it is preloaded intentionally. @ https://kr.pinterest.com/:0
[  170075ms] [WARNING] The resource https://i.pinimg.com/474x/89/b7/db/89b7dbba7bdf2c434cff4e261dd4b39d.jpg was preloaded using link preload but not used within a few seconds from the window's load event. Please make sure it has an appropriate `as` value and it is preloaded intentionally. @ https://kr.pinterest.com/:0
[  170075ms] [WARNING] The resource https://i.pinimg.com/236x/d6/15/eb/d615eb5ecd00f142bea8d700933e602a.jpg was preloaded using link preload but not used within a few seconds from the window's load event. Please make sure it has an appropriate `as` value and it is preloaded intentionally. @ https://kr.pinterest.com/:0
[  170075ms] [WARNING] The resource https://i.pinimg.com/236x/a5/1c/02/a51c02183396a35e73c91a8f51b1a132.jpg was preloaded using link preload but not used within a few seconds from the window's load event. Please make sure it has an appropriate `as` value and it is preloaded intentionally. @ https://kr.pinterest.com/:0
[  170075ms] [WARNING] The resource https://i.pinimg.com/236x/7f/c0/a7/7fc0a74c8f01257729566e5c524494d9.jpg was preloaded using link preload but not used within a few seconds from the window's load event. Please make sure it has an appropriate `as` value and it is preloaded intentionally. @ https://kr.pinterest.com/:0
[  170075ms] [WARNING] The resource https://i.pinimg.com/236x/25/4d/a1/254da18932097a43457d83bee029c2aa.jpg was preloaded using link preload but not used within a few seconds from the window's load event. Please make sure it has an appropriate `as` value and it is preloaded intentionally. @ https://kr.pinterest.com/:0
[  170075ms] [WARNING] The resource https://i.pinimg.com/236x/1b/7b/3b/1b7b3b9367976c2595bbd3d9bb4ee49d.jpg was preloaded using link preload but not used within a few seconds from the window's load event. Please make sure it has an appropriate `as` value and it is preloaded intentionally. @ https://kr.pinterest.com/:0
[  170075ms] [WARNING] The resource https://i.pinimg.com/474x/b6/d8/d8/b6d8d8b6f5148aeaf03da762c5153a8b.jpg was preloaded using link preload but not used within a few seconds from the window's load event. Please make sure it has an appropriate `as` value and it is preloaded intentionally. @ https://kr.pinterest.com/:0
[  170075ms] [WARNING] The resource https://i.pinimg.com/236x/0b/5c/97/0b5c973c59c28160bdb25d92f0544d33.jpg was preloaded using link preload but not used within a few seconds from the window's load event. Please make sure it has an appropriate `as` value and it is preloaded intentionally. @ https://kr.pinterest.com/:0
[  170075ms] [WARNING] The resource https://i.pinimg.com/236x/66/04/78/6604787a6521e8cee548eb6008f7a7ec.jpg was preloaded using link preload but not used within a few seconds from the window's load event. Please make sure it has an appropriate `as` value and it is preloaded intentionally. @ https://kr.pinterest.com/:0
[  170075ms] [WARNING] The resource https://i.pinimg.com/236x/ad/72/bf/ad72bffd03a1ad97775e4f8e8a08878c.jpg was preloaded using link preload but not used within a few seconds from the window's load event. Please make sure it has an appropriate `as` value and it is preloaded intentionally. @ https://kr.pinterest.com/:0
[  170075ms] [WARNING] The resource https://i.pinimg.com/236x/34/86/19/348619194f8731ee85bd70dbbafd0aa0.jpg was preloaded using link preload but not used within a few seconds from the window's load event. Please make sure it has an appropriate `as` value and it is preloaded intentionally. @ https://kr.pinterest.com/:0
[  170075ms] [WARNING] The resource https://i.pinimg.com/236x/96/86/8d/96868d31beb53576ff7df531ebaced18.jpg was preloaded using link preload but not used within a few seconds from the window's load event. Please make sure it has an appropriate `as` value and it is preloaded intentionally. @ https://kr.pinterest.com/:0
[  170075ms] [WARNING] The resource https://i.pinimg.com/474x/c0/b1/d8/c0b1d800bfbb4ae0ffea1e0669f2af14.jpg was preloaded using link preload but not used within a few seconds from the window's load event. Please make sure it has an appropriate `as` value and it is preloaded intentionally. @ https://kr.pinterest.com/:0
[  170075ms] [WARNING] The resource https://i.pinimg.com/236x/e6/c1/28/e6c128b58c4d24dda919fc0696a04e77.jpg was preloaded using link preload but not used within a few seconds from the window's load event. Please make sure it has an appropriate `as` value and it is preloaded intentionally. @ https://kr.pinterest.com/:0
[  170075ms] [WARNING] The resource https://i.pinimg.com/236x/01/86/b2/0186b2a08e4649069418921886abd622.jpg was preloaded using link preload but not used within a few seconds from the window's load event. Please make sure it has an appropriate `as` value and it is preloaded intentionally. @ https://kr.pinterest.com/:0
[  170075ms] [WARNING] The resource https://i.pinimg.com/236x/d4/e6/52/d4e652fa0e444c5585f2f0405d54c792.jpg was preloaded using link preload but not used within a few seconds from the window's load event. Please make sure it has an appropriate `as` value and it is preloaded intentionally. @ https://kr.pinterest.com/:0
[  170075ms] [WARNING] The resource https://i.pinimg.com/236x/3c/08/5f/3c085f5cd62821b6e3c7c34228180734.jpg was preloaded using link preload but not used within a few seconds from the window's load event. Please make sure it has an appropriate `as` value and it is preloaded intentionally. @ https://kr.pinterest.com/:0
[  170075ms] [WARNING] The resource https://i.pinimg.com/474x/85/7f/dd/857fdd2df62b1327ae9ed30a6ef60c49.jpg was preloaded using link preload but not used within a few seconds from the window's load event. Please make sure it has an appropriate `as` value and it is preloaded intentionally. @ https://kr.pinterest.com/:0
[  170075ms] [WARNING] The resource https://i.pinimg.com/474x/1b/7c/80/1b7c805d1bae9e4302742aef6afe4fee.jpg was preloaded using link preload but not used within a few seconds from the window's load event. Please make sure it has an appropriate `as` value and it is preloaded intentionally. @ https://kr.pinterest.com/:0
[  170075ms] [WARNING] The resource https://i.pinimg.com/236x/09/bd/f0/09bdf0d1036da833d4946112413e2d81.jpg was preloaded using link preload but not used within a few seconds from the window's load event. Please make sure it has an appropriate `as` value and it is preloaded intentionally. @ https://kr.pinterest.com/:0
[  170075ms] [WARNING] The resource https://i.pinimg.com/474x/09/81/ea/0981ea7dc74e0daf206ce8f504e661e0.jpg was preloaded using link preload but not used within a few seconds from the window's load event. Please make sure it has an appropriate `as` value and it is preloaded intentionally. @ https://kr.pinterest.com/:0
[  170075ms] [WARNING] The resource https://i.pinimg.com/474x/0f/69/b2/0f69b2aa87f46a1bd4dd9757f586d62b.jpg was preloaded using link preload but not used within a few seconds from the window's load event. Please make sure it has an appropriate `as` value and it is preloaded intentionally. @ https://kr.pinterest.com/:0
[  170075ms] [WARNING] The resource https://i.pinimg.com/474x/25/b0/4d/25b04d11417944c80ea1a9e48d26e0b7.jpg was preloaded using link preload but not used within a few seconds from the window's load event. Please make sure it has an appropriate `as` value and it is preloaded intentionally. @ https://kr.pinterest.com/:0
[  170075ms] [WARNING] The resource https://i.pinimg.com/236x/83/21/de/8321de1cfbb7a481c3c5a9c4081bb93b.jpg was preloaded using link preload but not used within a few seconds from the window's load event. Please make sure it has an appropriate `as` value and it is preloaded intentionally. @ https://kr.pinterest.com/:0
[  170075ms] [WARNING] The resource https://i.pinimg.com/236x/2b/21/12/2b21129bed9ffcf273ac8ce44ae353b5.jpg was preloaded using link preload but not used within a few seconds from the window's load event. Please make sure it has an appropriate `as` value and it is preloaded intentionally. @ https://kr.pinterest.com/:0
[  170075ms] [WARNING] The resource https://i.pinimg.com/236x/27/8d/5a/278d5aa26c03cd1df82cd7309f08a631.jpg was preloaded using link preload but not used within a few seconds from the window's load event. Please make sure it has an appropriate `as` value and it is preloaded intentionally. @ https://kr.pinterest.com/:0
[  170075ms] [WARNING] The resource https://i.pinimg.com/236x/08/f0/5a/08f05af36f156e71e8ae321a11100764.jpg was preloaded using link preload but not used within a few seconds from the window's load event. Please make sure it has an appropriate `as` value and it is preloaded intentionally. @ https://kr.pinterest.com/:0
[  170075ms] [WARNING] The resource https://i.pinimg.com/236x/28/c8/75/28c87527c5bd7236a22e720fb2d44d45.jpg was preloaded using link preload but not used within a few seconds from the window's load event. Please make sure it has an appropriate `as` value and it is preloaded intentionally. @ https://kr.pinterest.com/:0
[  170075ms] [WARNING] The resource https://i.pinimg.com/236x/9e/87/69/9e8769c56f1c6aba3b8c3114c7cbff70.jpg was preloaded using link preload but not used within a few seconds from the window's load event. Please make sure it has an appropriate `as` value and it is preloaded intentionally. @ https://kr.pinterest.com/:0
[  170075ms] [WARNING] The resource https://i.pinimg.com/236x/e7/fa/86/e7fa8622724c4d61c72de955d0b81387.jpg was preloaded using link preload but not used within a few seconds from the window's load event. Please make sure it has an appropriate `as` value and it is preloaded intentionally. @ https://kr.pinterest.com/:0
[  170075ms] [WARNING] The resource https://i.pinimg.com/474x/34/e2/7e/34e27efc47591946303d5600c0a9ec81.jpg was preloaded using link preload but not used within a few seconds from the window's load event. Please make sure it has an appropriate `as` value and it is preloaded intentionally. @ https://kr.pinterest.com/:0
[  170075ms] [WARNING] The resource https://i.pinimg.com/236x/43/1a/95/431a956c16e8d8d00a682d1c6d03a8fb.jpg was preloaded using link preload but not used within a few seconds from the window's load event. Please make sure it has an appropriate `as` value and it is preloaded intentionally. @ https://kr.pinterest.com/:0
[  170075ms] [WARNING] The resource https://i.pinimg.com/236x/1d/a4/2a/1da42afb423ee13fca6bf6c7bd68fd15.jpg was preloaded using link preload but not used within a few seconds from the window's load event. Please make sure it has an appropriate `as` value and it is preloaded intentionally. @ https://kr.pinterest.com/:0
[  170075ms] [WARNING] The resource https://i.pinimg.com/474x/14/50/c2/1450c286972ab72ee8ec801322ed7cbc.jpg was preloaded using link preload but not used within a few seconds from the window's load event. Please make sure it has an appropriate `as` value and it is preloaded intentionally. @ https://kr.pinterest.com/:0
[  170075ms] [WARNING] The resource https://i.pinimg.com/236x/92/ff/47/92ff47314e39dbc44b3dba7ddaae37de.jpg was preloaded using link preload but not used within a few seconds from the window's load event. Please make sure it has an appropriate `as` value and it is preloaded intentionally. @ https://kr.pinterest.com/:0
[  170075ms] [WARNING] The resource https://i.pinimg.com/474x/bb/e2/81/bbe28166deb75208b9193d1d89315eb3.jpg was preloaded using link preload but not used within a few seconds from the window's load event. Please make sure it has an appropriate `as` value and it is preloaded intentionally. @ https://kr.pinterest.com/:0
[  170075ms] [WARNING] The resource https://i.pinimg.com/474x/6a/d8/53/6ad8539c3a739a4b8e2d84bd290d3b79.jpg was preloaded using link preload but not used within a few seconds from the window's load event. Please make sure it has an appropriate `as` value and it is preloaded intentionally. @ https://kr.pinterest.com/:0
[  175410ms] [WARNING] The resource https://i.pinimg.com/236x/ee/23/2d/ee232db5d385af190427b563b499d380.jpg was preloaded using link preload but not used within a few seconds from the window's load event. Please make sure it has an appropriate `as` value and it is preloaded intentionally. @ https://kr.pinterest.com/:0
[  175410ms] [WARNING] The resource https://i.pinimg.com/474x/50/a4/08/50a408dd6a66974273728a70f78b5402.jpg was preloaded using link preload but not used within a few seconds from the window's load event. Please make sure it has an appropriate `as` value and it is preloaded intentionally. @ https://kr.pinterest.com/:0
[  175410ms] [WARNING] The resource https://i.pinimg.com/474x/9e/e0/6d/9ee06de8b44e9f7820eeda35de166e43.jpg was preloaded using link preload but not used within a few seconds from the window's load event. Please make sure it has an appropriate `as` value and it is preloaded intentionally. @ https://kr.pinterest.com/:0
[  175410ms] [WARNING] The resource https://i.pinimg.com/236x/2e/da/c6/2edac682cc0711795e91e381ded479f5.jpg was preloaded using link preload but not used within a few seconds from the window's load event. Please make sure it has an appropriate `as` value and it is preloaded intentionally. @ https://kr.pinterest.com/:0
[  175410ms] [WARNING] The resource https://i.pinimg.com/474x/00/b9/80/00b980476ea605ecfb1300a5e1f59e70.jpg was preloaded using link preload but not used within a few seconds from the window's load event. Please make sure it has an appropriate `as` value and it is preloaded intentionally. @ https://kr.pinterest.com/:0
[  175410ms] [WARNING] The resource https://i.pinimg.com/236x/07/94/67/07946780dde0f2e40c986b86ca2cc653.jpg was preloaded using link preload but not used within a few seconds from the window's load event. Please make sure it has an appropriate `as` value and it is preloaded intentionally. @ https://kr.pinterest.com/:0
[  175410ms] [WARNING] The resource https://i.pinimg.com/474x/a7/19/93/a719935209be09c74e38aa6e755515d1.jpg was preloaded using link preload but not used within a few seconds from the window's load event. Please make sure it has an appropriate `as` value and it is preloaded intentionally. @ https://kr.pinterest.com/:0
[  175410ms] [WARNING] The resource https://i.pinimg.com/474x/70/da/a7/70daa7903f383805ce9fd1d810d5231d.jpg was preloaded using link preload but not used within a few seconds from the window's load event. Please make sure it has an appropriate `as` value and it is preloaded intentionally. @ https://kr.pinterest.com/:0
[  175410ms] [WARNING] The resource https://i.pinimg.com/474x/89/b7/db/89b7dbba7bdf2c434cff4e261dd4b39d.jpg was preloaded using link preload but not used within a few seconds from the window's load event. Please make sure it has an appropriate `as` value and it is preloaded intentionally. @ https://kr.pinterest.com/:0
[  175410ms] [WARNING] The resource https://i.pinimg.com/236x/d6/15/eb/d615eb5ecd00f142bea8d700933e602a.jpg was preloaded using link preload but not used within a few seconds from the window's load event. Please make sure it has an appropriate `as` value and it is preloaded intentionally. @ https://kr.pinterest.com/:0
[  175410ms] [WARNING] The resource https://i.pinimg.com/236x/a5/1c/02/a51c02183396a35e73c91a8f51b1a132.jpg was preloaded using link preload but not used within a few seconds from the window's load event. Please make sure it has an appropriate `as` value and it is preloaded intentionally. @ https://kr.pinterest.com/:0
[  175410ms] [WARNING] The resource https://i.pinimg.com/236x/7f/c0/a7/7fc0a74c8f01257729566e5c524494d9.jpg was preloaded using link preload but not used within a few seconds from the window's load event. Please make sure it has an appropriate `as` value and it is preloaded intentionally. @ https://kr.pinterest.com/:0
[  175410ms] [WARNING] The resource https://i.pinimg.com/236x/25/4d/a1/254da18932097a43457d83bee029c2aa.jpg was preloaded using link preload but not used within a few seconds from the window's load event. Please make sure it has an appropriate `as` value and it is preloaded intentionally. @ https://kr.pinterest.com/:0
[  175410ms] [WARNING] The resource https://i.pinimg.com/236x/1b/7b/3b/1b7b3b9367976c2595bbd3d9bb4ee49d.jpg was preloaded using link preload but not used within a few seconds from the window's load event. Please make sure it has an appropriate `as` value and it is preloaded intentionally. @ https://kr.pinterest.com/:0
[  175410ms] [WARNING] The resource https://i.pinimg.com/474x/b6/d8/d8/b6d8d8b6f5148aeaf03da762c5153a8b.jpg was preloaded using link preload but not used within a few seconds from the window's load event. Please make sure it has an appropriate `as` value and it is preloaded intentionally. @ https://kr.pinterest.com/:0
[  175410ms] [WARNING] The resource https://i.pinimg.com/236x/0b/5c/97/0b5c973c59c28160bdb25d92f0544d33.jpg was preloaded using link preload but not used within a few seconds from the window's load event. Please make sure it has an appropriate `as` value and it is preloaded intentionally. @ https://kr.pinterest.com/:0
[  175410ms] [WARNING] The resource https://i.pinimg.com/236x/66/04/78/6604787a6521e8cee548eb6008f7a7ec.jpg was preloaded using link preload but not used within a few seconds from the window's load event. Please make sure it has an appropriate `as` value and it is preloaded intentionally. @ https://kr.pinterest.com/:0
[  175410ms] [WARNING] The resource https://i.pinimg.com/236x/ad/72/bf/ad72bffd03a1ad97775e4f8e8a08878c.jpg was preloaded using link preload but not used within a few seconds from the window's load event. Please make sure it has an appropriate `as` value and it is preloaded intentionally. @ https://kr.pinterest.com/:0
[  175410ms] [WARNING] The resource https://i.pinimg.com/236x/34/86/19/348619194f8731ee85bd70dbbafd0aa0.jpg was preloaded using link preload but not used within a few seconds from the window's load event. Please make sure it has an appropriate `as` value and it is preloaded intentionally. @ https://kr.pinterest.com/:0
[  175410ms] [WARNING] The resource https://i.pinimg.com/236x/96/86/8d/96868d31beb53576ff7df531ebaced18.jpg was preloaded using link preload but not used within a few seconds from the window's load event. Please make sure it has an appropriate `as` value and it is preloaded intentionally. @ https://kr.pinterest.com/:0
[  175410ms] [WARNING] The resource https://i.pinimg.com/474x/c0/b1/d8/c0b1d800bfbb4ae0ffea1e0669f2af14.jpg was preloaded using link preload but not used within a few seconds from the window's load event. Please make sure it has an appropriate `as` value and it is preloaded intentionally. @ https://kr.pinterest.com/:0
[  175410ms] [WARNING] The resource https://i.pinimg.com/236x/e6/c1/28/e6c128b58c4d24dda919fc0696a04e77.jpg was preloaded using link preload but not used within a few seconds from the window's load event. Please make sure it has an appropriate `as` value and it is preloaded intentionally. @ https://kr.pinterest.com/:0
[  175410ms] [WARNING] The resource https://i.pinimg.com/236x/01/86/b2/0186b2a08e4649069418921886abd622.jpg was preloaded using link preload but not used within a few seconds from the window's load event. Please make sure it has an appropriate `as` value and it is preloaded intentionally. @ https://kr.pinterest.com/:0
[  175410ms] [WARNING] The resource https://i.pinimg.com/236x/d4/e6/52/d4e652fa0e444c5585f2f0405d54c792.jpg was preloaded using link preload but not used within a few seconds from the window's load event. Please make sure it has an appropriate `as` value and it is preloaded intentionally. @ https://kr.pinterest.com/:0
[  175410ms] [WARNING] The resource https://i.pinimg.com/236x/3c/08/5f/3c085f5cd62821b6e3c7c34228180734.jpg was preloaded using link preload but not used within a few seconds from the window's load event. Please make sure it has an appropriate `as` value and it is preloaded intentionally. @ https://kr.pinterest.com/:0
[  175410ms] [WARNING] The resource https://i.pinimg.com/474x/85/7f/dd/857fdd2df62b1327ae9ed30a6ef60c49.jpg was preloaded using link preload but not used within a few seconds from the window's load event. Please make sure it has an appropriate `as` value and it is preloaded intentionally. @ https://kr.pinterest.com/:0
[  175410ms] [WARNING] The resource https://i.pinimg.com/474x/1b/7c/80/1b7c805d1bae9e4302742aef6afe4fee.jpg was preloaded using link preload but not used within a few seconds from the window's load event. Please make sure it has an appropriate `as` value and it is preloaded intentionally. @ https://kr.pinterest.com/:0
[  175410ms] [WARNING] The resource https://i.pinimg.com/236x/09/bd/f0/09bdf0d1036da833d4946112413e2d81.jpg was preloaded using link preload but not used within a few seconds from the window's load event. Please make sure it has an appropriate `as` value and it is preloaded intentionally. @ https://kr.pinterest.com/:0
[  175410ms] [WARNING] The resource https://i.pinimg.com/474x/09/81/ea/0981ea7dc74e0daf206ce8f504e661e0.jpg was preloaded using link preload but not used within a few seconds from the window's load event. Please make sure it has an appropriate `as` value and it is preloaded intentionally. @ https://kr.pinterest.com/:0
[  175410ms] [WARNING] The resource https://i.pinimg.com/474x/0f/69/b2/0f69b2aa87f46a1bd4dd9757f586d62b.jpg was preloaded using link preload but not used within a few seconds from the window's load event. Please make sure it has an appropriate `as` value and it is preloaded intentionally. @ https://kr.pinterest.com/:0
[  175410ms] [WARNING] The resource https://i.pinimg.com/474x/25/b0/4d/25b04d11417944c80ea1a9e48d26e0b7.jpg was preloaded using link preload but not used within a few seconds from the window's load event. Please make sure it has an appropriate `as` value and it is preloaded intentionally. @ https://kr.pinterest.com/:0
[  175410ms] [WARNING] The resource https://i.pinimg.com/236x/83/21/de/8321de1cfbb7a481c3c5a9c4081bb93b.jpg was preloaded using link preload but not used within a few seconds from the window's load event. Please make sure it has an appropriate `as` value and it is preloaded intentionally. @ https://kr.pinterest.com/:0
[  175410ms] [WARNING] The resource https://i.pinimg.com/236x/2b/21/12/2b21129bed9ffcf273ac8ce44ae353b5.jpg was preloaded using link preload but not used within a few seconds from the window's load event. Please make sure it has an appropriate `as` value and it is preloaded intentionally. @ https://kr.pinterest.com/:0
[  175410ms] [WARNING] The resource https://i.pinimg.com/236x/27/8d/5a/278d5aa26c03cd1df82cd7309f08a631.jpg was preloaded using link preload but not used within a few seconds from the window's load event. Please make sure it has an appropriate `as` value and it is preloaded intentionally. @ https://kr.pinterest.com/:0
[  175410ms] [WARNING] The resource https://i.pinimg.com/236x/08/f0/5a/08f05af36f156e71e8ae321a11100764.jpg was preloaded using link preload but not used within a few seconds from the window's load event. Please make sure it has an appropriate `as` value and it is preloaded intentionally. @ https://kr.pinterest.com/:0
[  175410ms] [WARNING] The resource https://i.pinimg.com/236x/28/c8/75/28c87527c5bd7236a22e720fb2d44d45.jpg was preloaded using link preload but not used within a few seconds from the window's load event. Please make sure it has an appropriate `as` value and it is preloaded intentionally. @ https://kr.pinterest.com/:0
[  175410ms] [WARNING] The resource https://i.pinimg.com/236x/9e/87/69/9e8769c56f1c6aba3b8c3114c7cbff70.jpg was preloaded using link preload but not used within a few seconds from the window's load event. Please make sure it has an appropriate `as` value and it is preloaded intentionally. @ https://kr.pinterest.com/:0
[  175410ms] [WARNING] The resource https://i.pinimg.com/236x/e7/fa/86/e7fa8622724c4d61c72de955d0b81387.jpg was preloaded using link preload but not used within a few seconds from the window's load event. Please make sure it has an appropriate `as` value and it is preloaded intentionally. @ https://kr.pinterest.com/:0
[  175410ms] [WARNING] The resource https://i.pinimg.com/474x/34/e2/7e/34e27efc47591946303d5600c0a9ec81.jpg was preloaded using link preload but not used within a few seconds from the window's load event. Please make sure it has an appropriate `as` value and it is preloaded intentionally. @ https://kr.pinterest.com/:0
[  175410ms] [WARNING] The resource https://i.pinimg.com/236x/43/1a/95/431a956c16e8d8d00a682d1c6d03a8fb.jpg was preloaded using link preload but not used within a few seconds from the window's load event. Please make sure it has an appropriate `as` value and it is preloaded intentionally. @ https://kr.pinterest.com/:0
[  175410ms] [WARNING] The resource https://i.pinimg.com/236x/1d/a4/2a/1da42afb423ee13fca6bf6c7bd68fd15.jpg was preloaded using link preload but not used within a few seconds from the window's load event. Please make sure it has an appropriate `as` value and it is preloaded intentionally. @ https://kr.pinterest.com/:0
[  175410ms] [WARNING] The resource https://i.pinimg.com/474x/14/50/c2/1450c286972ab72ee8ec801322ed7cbc.jpg was preloaded using link preload but not used within a few seconds from the window's load event. Please make sure it has an appropriate `as` value and it is preloaded intentionally. @ https://kr.pinterest.com/:0
[  175410ms] [WARNING] The resource https://i.pinimg.com/236x/92/ff/47/92ff47314e39dbc44b3dba7ddaae37de.jpg was preloaded using link preload but not used within a few seconds from the window's load event. Please make sure it has an appropriate `as` value and it is preloaded intentionally. @ https://kr.pinterest.com/:0
[  175410ms] [WARNING] The resource https://i.pinimg.com/474x/bb/e2/81/bbe28166deb75208b9193d1d89315eb3.jpg was preloaded using link preload but not used within a few seconds from the window's load event. Please make sure it has an appropriate `as` value and it is preloaded intentionally. @ https://kr.pinterest.com/:0
[  175410ms] [WARNING] The resource https://i.pinimg.com/474x/6a/d8/53/6ad8539c3a739a4b8e2d84bd290d3b79.jpg was preloaded using link preload but not used within a few seconds from the window's load event. Please make sure it has an appropriate `as` value and it is preloaded intentionally. @ https://kr.pinterest.com/:0
[  180360ms] [WARNING] The resource https://i.pinimg.com/236x/ee/23/2d/ee232db5d385af190427b563b499d380.jpg was preloaded using link preload but not used within a few seconds from the window's load event. Please make sure it has an appropriate `as` value and it is preloaded intentionally. @ https://kr.pinterest.com/:0
[  180361ms] [WARNING] The resource https://i.pinimg.com/474x/50/a4/08/50a408dd6a66974273728a70f78b5402.jpg was preloaded using link preload but not used within a few seconds from the window's load event. Please make sure it has an appropriate `as` value and it is preloaded intentionally. @ https://kr.pinterest.com/:0
[  180361ms] [WARNING] The resource https://i.pinimg.com/474x/9e/e0/6d/9ee06de8b44e9f7820eeda35de166e43.jpg was preloaded using link preload but not used within a few seconds from the window's load event. Please make sure it has an appropriate `as` value and it is preloaded intentionally. @ https://kr.pinterest.com/:0
[  180361ms] [WARNING] The resource https://i.pinimg.com/236x/2e/da/c6/2edac682cc0711795e91e381ded479f5.jpg was preloaded using link preload but not used within a few seconds from the window's load event. Please make sure it has an appropriate `as` value and it is preloaded intentionally. @ https://kr.pinterest.com/:0
[  180361ms] [WARNING] The resource https://i.pinimg.com/474x/00/b9/80/00b980476ea605ecfb1300a5e1f59e70.jpg was preloaded using link preload but not used within a few seconds from the window's load event. Please make sure it has an appropriate `as` value and it is preloaded intentionally. @ https://kr.pinterest.com/:0
[  180361ms] [WARNING] The resource https://i.pinimg.com/236x/07/94/67/07946780dde0f2e40c986b86ca2cc653.jpg was preloaded using link preload but not used within a few seconds from the window's load event. Please make sure it has an appropriate `as` value and it is preloaded intentionally. @ https://kr.pinterest.com/:0
[  180361ms] [WARNING] The resource https://i.pinimg.com/474x/a7/19/93/a719935209be09c74e38aa6e755515d1.jpg was preloaded using link preload but not used within a few seconds from the window's load event. Please make sure it has an appropriate `as` value and it is preloaded intentionally. @ https://kr.pinterest.com/:0
[  180361ms] [WARNING] The resource https://i.pinimg.com/474x/70/da/a7/70daa7903f383805ce9fd1d810d5231d.jpg was preloaded using link preload but not used within a few seconds from the window's load event. Please make sure it has an appropriate `as` value and it is preloaded intentionally. @ https://kr.pinterest.com/:0
[  180361ms] [WARNING] The resource https://i.pinimg.com/474x/89/b7/db/89b7dbba7bdf2c434cff4e261dd4b39d.jpg was preloaded using link preload but not used within a few seconds from the window's load event. Please make sure it has an appropriate `as` value and it is preloaded intentionally. @ https://kr.pinterest.com/:0
[  180361ms] [WARNING] The resource https://i.pinimg.com/236x/d6/15/eb/d615eb5ecd00f142bea8d700933e602a.jpg was preloaded using link preload but not used within a few seconds from the window's load event. Please make sure it has an appropriate `as` value and it is preloaded intentionally. @ https://kr.pinterest.com/:0
[  180361ms] [WARNING] The resource https://i.pinimg.com/236x/a5/1c/02/a51c02183396a35e73c91a8f51b1a132.jpg was preloaded using link preload but not used within a few seconds from the window's load event. Please make sure it has an appropriate `as` value and it is preloaded intentionally. @ https://kr.pinterest.com/:0
[  180361ms] [WARNING] The resource https://i.pinimg.com/236x/7f/c0/a7/7fc0a74c8f01257729566e5c524494d9.jpg was preloaded using link preload but not used within a few seconds from the window's load event. Please make sure it has an appropriate `as` value and it is preloaded intentionally. @ https://kr.pinterest.com/:0
[  180361ms] [WARNING] The resource https://i.pinimg.com/236x/25/4d/a1/254da18932097a43457d83bee029c2aa.jpg was preloaded using link preload but not used within a few seconds from the window's load event. Please make sure it has an appropriate `as` value and it is preloaded intentionally. @ https://kr.pinterest.com/:0
[  180361ms] [WARNING] The resource https://i.pinimg.com/236x/1b/7b/3b/1b7b3b9367976c2595bbd3d9bb4ee49d.jpg was preloaded using link preload but not used within a few seconds from the window's load event. Please make sure it has an appropriate `as` value and it is preloaded intentionally. @ https://kr.pinterest.com/:0
[  180361ms] [WARNING] The resource https://i.pinimg.com/474x/b6/d8/d8/b6d8d8b6f5148aeaf03da762c5153a8b.jpg was preloaded using link preload but not used within a few seconds from the window's load event. Please make sure it has an appropriate `as` value and it is preloaded intentionally. @ https://kr.pinterest.com/:0
[  180361ms] [WARNING] The resource https://i.pinimg.com/236x/0b/5c/97/0b5c973c59c28160bdb25d92f0544d33.jpg was preloaded using link preload but not used within a few seconds from the window's load event. Please make sure it has an appropriate `as` value and it is preloaded intentionally. @ https://kr.pinterest.com/:0
[  180361ms] [WARNING] The resource https://i.pinimg.com/236x/66/04/78/6604787a6521e8cee548eb6008f7a7ec.jpg was preloaded using link preload but not used within a few seconds from the window's load event. Please make sure it has an appropriate `as` value and it is preloaded intentionally. @ https://kr.pinterest.com/:0
[  180361ms] [WARNING] The resource https://i.pinimg.com/236x/ad/72/bf/ad72bffd03a1ad97775e4f8e8a08878c.jpg was preloaded using link preload but not used within a few seconds from the window's load event. Please make sure it has an appropriate `as` value and it is preloaded intentionally. @ https://kr.pinterest.com/:0
[  180361ms] [WARNING] The resource https://i.pinimg.com/236x/34/86/19/348619194f8731ee85bd70dbbafd0aa0.jpg was preloaded using link preload but not used within a few seconds from the window's load event. Please make sure it has an appropriate `as` value and it is preloaded intentionally. @ https://kr.pinterest.com/:0
[  180361ms] [WARNING] The resource https://i.pinimg.com/236x/96/86/8d/96868d31beb53576ff7df531ebaced18.jpg was preloaded using link preload but not used within a few seconds from the window's load event. Please make sure it has an appropriate `as` value and it is preloaded intentionally. @ https://kr.pinterest.com/:0
[  180361ms] [WARNING] The resource https://i.pinimg.com/474x/c0/b1/d8/c0b1d800bfbb4ae0ffea1e0669f2af14.jpg was preloaded using link preload but not used within a few seconds from the window's load event. Please make sure it has an appropriate `as` value and it is preloaded intentionally. @ https://kr.pinterest.com/:0
[  180361ms] [WARNING] The resource https://i.pinimg.com/236x/e6/c1/28/e6c128b58c4d24dda919fc0696a04e77.jpg was preloaded using link preload but not used within a few seconds from the window's load event. Please make sure it has an appropriate `as` value and it is preloaded intentionally. @ https://kr.pinterest.com/:0
[  180361ms] [WARNING] The resource https://i.pinimg.com/236x/01/86/b2/0186b2a08e4649069418921886abd622.jpg was preloaded using link preload but not used within a few seconds from the window's load event. Please make sure it has an appropriate `as` value and it is preloaded intentionally. @ https://kr.pinterest.com/:0
[  180361ms] [WARNING] The resource https://i.pinimg.com/236x/d4/e6/52/d4e652fa0e444c5585f2f0405d54c792.jpg was preloaded using link preload but not used within a few seconds from the window's load event. Please make sure it has an appropriate `as` value and it is preloaded intentionally. @ https://kr.pinterest.com/:0
[  180361ms] [WARNING] The resource https://i.pinimg.com/236x/3c/08/5f/3c085f5cd62821b6e3c7c34228180734.jpg was preloaded using link preload but not used within a few seconds from the window's load event. Please make sure it has an appropriate `as` value and it is preloaded intentionally. @ https://kr.pinterest.com/:0
[  180361ms] [WARNING] The resource https://i.pinimg.com/474x/85/7f/dd/857fdd2df62b1327ae9ed30a6ef60c49.jpg was preloaded using link preload but not used within a few seconds from the window's load event. Please make sure it has an appropriate `as` value and it is preloaded intentionally. @ https://kr.pinterest.com/:0
[  180361ms] [WARNING] The resource https://i.pinimg.com/474x/1b/7c/80/1b7c805d1bae9e4302742aef6afe4fee.jpg was preloaded using link preload but not used within a few seconds from the window's load event. Please make sure it has an appropriate `as` value and it is preloaded intentionally. @ https://kr.pinterest.com/:0
[  180361ms] [WARNING] The resource https://i.pinimg.com/236x/09/bd/f0/09bdf0d1036da833d4946112413e2d81.jpg was preloaded using link preload but not used within a few seconds from the window's load event. Please make sure it has an appropriate `as` value and it is preloaded intentionally. @ https://kr.pinterest.com/:0
[  180361ms] [WARNING] The resource https://i.pinimg.com/474x/09/81/ea/0981ea7dc74e0daf206ce8f504e661e0.jpg was preloaded using link preload but not used within a few seconds from the window's load event. Please make sure it has an appropriate `as` value and it is preloaded intentionally. @ https://kr.pinterest.com/:0
[  180361ms] [WARNING] The resource https://i.pinimg.com/474x/0f/69/b2/0f69b2aa87f46a1bd4dd9757f586d62b.jpg was preloaded using link preload but not used within a few seconds from the window's load event. Please make sure it has an appropriate `as` value and it is preloaded intentionally. @ https://kr.pinterest.com/:0
[  180361ms] [WARNING] The resource https://i.pinimg.com/474x/25/b0/4d/25b04d11417944c80ea1a9e48d26e0b7.jpg was preloaded using link preload but not used within a few seconds from the window's load event. Please make sure it has an appropriate `as` value and it is preloaded intentionally. @ https://kr.pinterest.com/:0
[  180361ms] [WARNING] The resource https://i.pinimg.com/236x/83/21/de/8321de1cfbb7a481c3c5a9c4081bb93b.jpg was preloaded using link preload but not used within a few seconds from the window's load event. Please make sure it has an appropriate `as` value and it is preloaded intentionally. @ https://kr.pinterest.com/:0
[  180361ms] [WARNING] The resource https://i.pinimg.com/236x/2b/21/12/2b21129bed9ffcf273ac8ce44ae353b5.jpg was preloaded using link preload but not used within a few seconds from the window's load event. Please make sure it has an appropriate `as` value and it is preloaded intentionally. @ https://kr.pinterest.com/:0
[  180361ms] [WARNING] The resource https://i.pinimg.com/236x/27/8d/5a/278d5aa26c03cd1df82cd7309f08a631.jpg was preloaded using link preload but not used within a few seconds from the window's load event. Please make sure it has an appropriate `as` value and it is preloaded intentionally. @ https://kr.pinterest.com/:0
[  180361ms] [WARNING] The resource https://i.pinimg.com/236x/08/f0/5a/08f05af36f156e71e8ae321a11100764.jpg was preloaded using link preload but not used within a few seconds from the window's load event. Please make sure it has an appropriate `as` value and it is preloaded intentionally. @ https://kr.pinterest.com/:0
[  180361ms] [WARNING] The resource https://i.pinimg.com/236x/28/c8/75/28c87527c5bd7236a22e720fb2d44d45.jpg was preloaded using link preload but not used within a few seconds from the window's load event. Please make sure it has an appropriate `as` value and it is preloaded intentionally. @ https://kr.pinterest.com/:0
[  180361ms] [WARNING] The resource https://i.pinimg.com/236x/9e/87/69/9e8769c56f1c6aba3b8c3114c7cbff70.jpg was preloaded using link preload but not used within a few seconds from the window's load event. Please make sure it has an appropriate `as` value and it is preloaded intentionally. @ https://kr.pinterest.com/:0
[  180361ms] [WARNING] The resource https://i.pinimg.com/236x/e7/fa/86/e7fa8622724c4d61c72de955d0b81387.jpg was preloaded using link preload but not used within a few seconds from the window's load event. Please make sure it has an appropriate `as` value and it is preloaded intentionally. @ https://kr.pinterest.com/:0
[  180361ms] [WARNING] The resource https://i.pinimg.com/474x/34/e2/7e/34e27efc47591946303d5600c0a9ec81.jpg was preloaded using link preload but not used within a few seconds from the window's load event. Please make sure it has an appropriate `as` value and it is preloaded intentionally. @ https://kr.pinterest.com/:0
[  180361ms] [WARNING] The resource https://i.pinimg.com/236x/43/1a/95/431a956c16e8d8d00a682d1c6d03a8fb.jpg was preloaded using link preload but not used within a few seconds from the window's load event. Please make sure it has an appropriate `as` value and it is preloaded intentionally. @ https://kr.pinterest.com/:0
[  180361ms] [WARNING] The resource https://i.pinimg.com/236x/1d/a4/2a/1da42afb423ee13fca6bf6c7bd68fd15.jpg was preloaded using link preload but not used within a few seconds from the window's load event. Please make sure it has an appropriate `as` value and it is preloaded intentionally. @ https://kr.pinterest.com/:0
[  180361ms] [WARNING] The resource https://i.pinimg.com/474x/14/50/c2/1450c286972ab72ee8ec801322ed7cbc.jpg was preloaded using link preload but not used within a few seconds from the window's load event. Please make sure it has an appropriate `as` value and it is preloaded intentionally. @ https://kr.pinterest.com/:0
[  180361ms] [WARNING] The resource https://i.pinimg.com/236x/92/ff/47/92ff47314e39dbc44b3dba7ddaae37de.jpg was preloaded using link preload but not used within a few seconds from the window's load event. Please make sure it has an appropriate `as` value and it is preloaded intentionally. @ https://kr.pinterest.com/:0
[  180361ms] [WARNING] The resource https://i.pinimg.com/474x/bb/e2/81/bbe28166deb75208b9193d1d89315eb3.jpg was preloaded using link preload but not used within a few seconds from the window's load event. Please make sure it has an appropriate `as` value and it is preloaded intentionally. @ https://kr.pinterest.com/:0
[  180361ms] [WARNING] The resource https://i.pinimg.com/474x/6a/d8/53/6ad8539c3a739a4b8e2d84bd290d3b79.jpg was preloaded using link preload but not used within a few seconds from the window's load event. Please make sure it has an appropriate `as` value and it is preloaded intentionally. @ https://kr.pinterest.com/:0
[  185787ms] [WARNING] The resource https://i.pinimg.com/236x/ee/23/2d/ee232db5d385af190427b563b499d380.jpg was preloaded using link preload but not used within a few seconds from the window's load event. Please make sure it has an appropriate `as` value and it is preloaded intentionally. @ https://kr.pinterest.com/:0
[  185787ms] [WARNING] The resource https://i.pinimg.com/474x/50/a4/08/50a408dd6a66974273728a70f78b5402.jpg was preloaded using link preload but not used within a few seconds from the window's load event. Please make sure it has an appropriate `as` value and it is preloaded intentionally. @ https://kr.pinterest.com/:0
[  185787ms] [WARNING] The resource https://i.pinimg.com/474x/9e/e0/6d/9ee06de8b44e9f7820eeda35de166e43.jpg was preloaded using link preload but not used within a few seconds from the window's load event. Please make sure it has an appropriate `as` value and it is preloaded intentionally. @ https://kr.pinterest.com/:0
[  185787ms] [WARNING] The resource https://i.pinimg.com/236x/2e/da/c6/2edac682cc0711795e91e381ded479f5.jpg was preloaded using link preload but not used within a few seconds from the window's load event. Please make sure it has an appropriate `as` value and it is preloaded intentionally. @ https://kr.pinterest.com/:0
[  185787ms] [WARNING] The resource https://i.pinimg.com/474x/00/b9/80/00b980476ea605ecfb1300a5e1f59e70.jpg was preloaded using link preload but not used within a few seconds from the window's load event. Please make sure it has an appropriate `as` value and it is preloaded intentionally. @ https://kr.pinterest.com/:0
[  185787ms] [WARNING] The resource https://i.pinimg.com/236x/07/94/67/07946780dde0f2e40c986b86ca2cc653.jpg was preloaded using link preload but not used within a few seconds from the window's load event. Please make sure it has an appropriate `as` value and it is preloaded intentionally. @ https://kr.pinterest.com/:0
[  185787ms] [WARNING] The resource https://i.pinimg.com/474x/a7/19/93/a719935209be09c74e38aa6e755515d1.jpg was preloaded using link preload but not used within a few seconds from the window's load event. Please make sure it has an appropriate `as` value and it is preloaded intentionally. @ https://kr.pinterest.com/:0
[  185787ms] [WARNING] The resource https://i.pinimg.com/474x/70/da/a7/70daa7903f383805ce9fd1d810d5231d.jpg was preloaded using link preload but not used within a few seconds from the window's load event. Please make sure it has an appropriate `as` value and it is preloaded intentionally. @ https://kr.pinterest.com/:0
[  185787ms] [WARNING] The resource https://i.pinimg.com/474x/89/b7/db/89b7dbba7bdf2c434cff4e261dd4b39d.jpg was preloaded using link preload but not used within a few seconds from the window's load event. Please make sure it has an appropriate `as` value and it is preloaded intentionally. @ https://kr.pinterest.com/:0
[  185787ms] [WARNING] The resource https://i.pinimg.com/236x/d6/15/eb/d615eb5ecd00f142bea8d700933e602a.jpg was preloaded using link preload but not used within a few seconds from the window's load event. Please make sure it has an appropriate `as` value and it is preloaded intentionally. @ https://kr.pinterest.com/:0
[  185787ms] [WARNING] The resource https://i.pinimg.com/236x/a5/1c/02/a51c02183396a35e73c91a8f51b1a132.jpg was preloaded using link preload but not used within a few seconds from the window's load event. Please make sure it has an appropriate `as` value and it is preloaded intentionally. @ https://kr.pinterest.com/:0
[  185787ms] [WARNING] The resource https://i.pinimg.com/236x/7f/c0/a7/7fc0a74c8f01257729566e5c524494d9.jpg was preloaded using link preload but not used within a few seconds from the window's load event. Please make sure it has an appropriate `as` value and it is preloaded intentionally. @ https://kr.pinterest.com/:0
[  185787ms] [WARNING] The resource https://i.pinimg.com/236x/25/4d/a1/254da18932097a43457d83bee029c2aa.jpg was preloaded using link preload but not used within a few seconds from the window's load event. Please make sure it has an appropriate `as` value and it is preloaded intentionally. @ https://kr.pinterest.com/:0
[  185787ms] [WARNING] The resource https://i.pinimg.com/236x/1b/7b/3b/1b7b3b9367976c2595bbd3d9bb4ee49d.jpg was preloaded using link preload but not used within a few seconds from the window's load event. Please make sure it has an appropriate `as` value and it is preloaded intentionally. @ https://kr.pinterest.com/:0
[  185787ms] [WARNING] The resource https://i.pinimg.com/474x/b6/d8/d8/b6d8d8b6f5148aeaf03da762c5153a8b.jpg was preloaded using link preload but not used within a few seconds from the window's load event. Please make sure it has an appropriate `as` value and it is preloaded intentionally. @ https://kr.pinterest.com/:0
[  185787ms] [WARNING] The resource https://i.pinimg.com/236x/0b/5c/97/0b5c973c59c28160bdb25d92f0544d33.jpg was preloaded using link preload but not used within a few seconds from the window's load event. Please make sure it has an appropriate `as` value and it is preloaded intentionally. @ https://kr.pinterest.com/:0
[  185787ms] [WARNING] The resource https://i.pinimg.com/236x/66/04/78/6604787a6521e8cee548eb6008f7a7ec.jpg was preloaded using link preload but not used within a few seconds from the window's load event. Please make sure it has an appropriate `as` value and it is preloaded intentionally. @ https://kr.pinterest.com/:0
[  185787ms] [WARNING] The resource https://i.pinimg.com/236x/ad/72/bf/ad72bffd03a1ad97775e4f8e8a08878c.jpg was preloaded using link preload but not used within a few seconds from the window's load event. Please make sure it has an appropriate `as` value and it is preloaded intentionally. @ https://kr.pinterest.com/:0
[  185788ms] [WARNING] The resource https://i.pinimg.com/236x/34/86/19/348619194f8731ee85bd70dbbafd0aa0.jpg was preloaded using link preload but not used within a few seconds from the window's load event. Please make sure it has an appropriate `as` value and it is preloaded intentionally. @ https://kr.pinterest.com/:0
[  185788ms] [WARNING] The resource https://i.pinimg.com/236x/96/86/8d/96868d31beb53576ff7df531ebaced18.jpg was preloaded using link preload but not used within a few seconds from the window's load event. Please make sure it has an appropriate `as` value and it is preloaded intentionally. @ https://kr.pinterest.com/:0
[  185788ms] [WARNING] The resource https://i.pinimg.com/474x/c0/b1/d8/c0b1d800bfbb4ae0ffea1e0669f2af14.jpg was preloaded using link preload but not used within a few seconds from the window's load event. Please make sure it has an appropriate `as` value and it is preloaded intentionally. @ https://kr.pinterest.com/:0
[  185788ms] [WARNING] The resource https://i.pinimg.com/236x/e6/c1/28/e6c128b58c4d24dda919fc0696a04e77.jpg was preloaded using link preload but not used within a few seconds from the window's load event. Please make sure it has an appropriate `as` value and it is preloaded intentionally. @ https://kr.pinterest.com/:0
[  185788ms] [WARNING] The resource https://i.pinimg.com/236x/01/86/b2/0186b2a08e4649069418921886abd622.jpg was preloaded using link preload but not used within a few seconds from the window's load event. Please make sure it has an appropriate `as` value and it is preloaded intentionally. @ https://kr.pinterest.com/:0
[  185788ms] [WARNING] The resource https://i.pinimg.com/236x/d4/e6/52/d4e652fa0e444c5585f2f0405d54c792.jpg was preloaded using link preload but not used within a few seconds from the window's load event. Please make sure it has an appropriate `as` value and it is preloaded intentionally. @ https://kr.pinterest.com/:0
[  185788ms] [WARNING] The resource https://i.pinimg.com/236x/3c/08/5f/3c085f5cd62821b6e3c7c34228180734.jpg was preloaded using link preload but not used within a few seconds from the window's load event. Please make sure it has an appropriate `as` value and it is preloaded intentionally. @ https://kr.pinterest.com/:0
[  185788ms] [WARNING] The resource https://i.pinimg.com/474x/85/7f/dd/857fdd2df62b1327ae9ed30a6ef60c49.jpg was preloaded using link preload but not used within a few seconds from the window's load event. Please make sure it has an appropriate `as` value and it is preloaded intentionally. @ https://kr.pinterest.com/:0
[  185788ms] [WARNING] The resource https://i.pinimg.com/474x/1b/7c/80/1b7c805d1bae9e4302742aef6afe4fee.jpg was preloaded using link preload but not used within a few seconds from the window's load event. Please make sure it has an appropriate `as` value and it is preloaded intentionally. @ https://kr.pinterest.com/:0
[  185788ms] [WARNING] The resource https://i.pinimg.com/236x/09/bd/f0/09bdf0d1036da833d4946112413e2d81.jpg was preloaded using link preload but not used within a few seconds from the window's load event. Please make sure it has an appropriate `as` value and it is preloaded intentionally. @ https://kr.pinterest.com/:0
[  185788ms] [WARNING] The resource https://i.pinimg.com/474x/09/81/ea/0981ea7dc74e0daf206ce8f504e661e0.jpg was preloaded using link preload but not used within a few seconds from the window's load event. Please make sure it has an appropriate `as` value and it is preloaded intentionally. @ https://kr.pinterest.com/:0
[  185788ms] [WARNING] The resource https://i.pinimg.com/474x/0f/69/b2/0f69b2aa87f46a1bd4dd9757f586d62b.jpg was preloaded using link preload but not used within a few seconds from the window's load event. Please make sure it has an appropriate `as` value and it is preloaded intentionally. @ https://kr.pinterest.com/:0
[  185788ms] [WARNING] The resource https://i.pinimg.com/474x/25/b0/4d/25b04d11417944c80ea1a9e48d26e0b7.jpg was preloaded using link preload but not used within a few seconds from the window's load event. Please make sure it has an appropriate `as` value and it is preloaded intentionally. @ https://kr.pinterest.com/:0
[  185788ms] [WARNING] The resource https://i.pinimg.com/236x/83/21/de/8321de1cfbb7a481c3c5a9c4081bb93b.jpg was preloaded using link preload but not used within a few seconds from the window's load event. Please make sure it has an appropriate `as` value and it is preloaded intentionally. @ https://kr.pinterest.com/:0
[  185788ms] [WARNING] The resource https://i.pinimg.com/236x/2b/21/12/2b21129bed9ffcf273ac8ce44ae353b5.jpg was preloaded using link preload but not used within a few seconds from the window's load event. Please make sure it has an appropriate `as` value and it is preloaded intentionally. @ https://kr.pinterest.com/:0
[  185788ms] [WARNING] The resource https://i.pinimg.com/236x/27/8d/5a/278d5aa26c03cd1df82cd7309f08a631.jpg was preloaded using link preload but not used within a few seconds from the window's load event. Please make sure it has an appropriate `as` value and it is preloaded intentionally. @ https://kr.pinterest.com/:0
[  185788ms] [WARNING] The resource https://i.pinimg.com/236x/08/f0/5a/08f05af36f156e71e8ae321a11100764.jpg was preloaded using link preload but not used within a few seconds from the window's load event. Please make sure it has an appropriate `as` value and it is preloaded intentionally. @ https://kr.pinterest.com/:0
[  185788ms] [WARNING] The resource https://i.pinimg.com/236x/28/c8/75/28c87527c5bd7236a22e720fb2d44d45.jpg was preloaded using link preload but not used within a few seconds from the window's load event. Please make sure it has an appropriate `as` value and it is preloaded intentionally. @ https://kr.pinterest.com/:0
[  185788ms] [WARNING] The resource https://i.pinimg.com/236x/9e/87/69/9e8769c56f1c6aba3b8c3114c7cbff70.jpg was preloaded using link preload but not used within a few seconds from the window's load event. Please make sure it has an appropriate `as` value and it is preloaded intentionally. @ https://kr.pinterest.com/:0
[  185788ms] [WARNING] The resource https://i.pinimg.com/236x/e7/fa/86/e7fa8622724c4d61c72de955d0b81387.jpg was preloaded using link preload but not used within a few seconds from the window's load event. Please make sure it has an appropriate `as` value and it is preloaded intentionally. @ https://kr.pinterest.com/:0
[  185788ms] [WARNING] The resource https://i.pinimg.com/474x/34/e2/7e/34e27efc47591946303d5600c0a9ec81.jpg was preloaded using link preload but not used within a few seconds from the window's load event. Please make sure it has an appropriate `as` value and it is preloaded intentionally. @ https://kr.pinterest.com/:0
[  185788ms] [WARNING] The resource https://i.pinimg.com/236x/43/1a/95/431a956c16e8d8d00a682d1c6d03a8fb.jpg was preloaded using link preload but not used within a few seconds from the window's load event. Please make sure it has an appropriate `as` value and it is preloaded intentionally. @ https://kr.pinterest.com/:0
[  185788ms] [WARNING] The resource https://i.pinimg.com/236x/1d/a4/2a/1da42afb423ee13fca6bf6c7bd68fd15.jpg was preloaded using link preload but not used within a few seconds from the window's load event. Please make sure it has an appropriate `as` value and it is preloaded intentionally. @ https://kr.pinterest.com/:0
[  185788ms] [WARNING] The resource https://i.pinimg.com/474x/14/50/c2/1450c286972ab72ee8ec801322ed7cbc.jpg was preloaded using link preload but not used within a few seconds from the window's load event. Please make sure it has an appropriate `as` value and it is preloaded intentionally. @ https://kr.pinterest.com/:0
[  185788ms] [WARNING] The resource https://i.pinimg.com/236x/92/ff/47/92ff47314e39dbc44b3dba7ddaae37de.jpg was preloaded using link preload but not used within a few seconds from the window's load event. Please make sure it has an appropriate `as` value and it is preloaded intentionally. @ https://kr.pinterest.com/:0
[  185788ms] [WARNING] The resource https://i.pinimg.com/474x/bb/e2/81/bbe28166deb75208b9193d1d89315eb3.jpg was preloaded using link preload but not used within a few seconds from the window's load event. Please make sure it has an appropriate `as` value and it is preloaded intentionally. @ https://kr.pinterest.com/:0
[  185788ms] [WARNING] The resource https://i.pinimg.com/474x/6a/d8/53/6ad8539c3a739a4b8e2d84bd290d3b79.jpg was preloaded using link preload but not used within a few seconds from the window's load event. Please make sure it has an appropriate `as` value and it is preloaded intentionally. @ https://kr.pinterest.com/:0
[  190271ms] [WARNING] The resource https://i.pinimg.com/236x/ee/23/2d/ee232db5d385af190427b563b499d380.jpg was preloaded using link preload but not used within a few seconds from the window's load event. Please make sure it has an appropriate `as` value and it is preloaded intentionally. @ https://kr.pinterest.com/:0
[  190271ms] [WARNING] The resource https://i.pinimg.com/474x/50/a4/08/50a408dd6a66974273728a70f78b5402.jpg was preloaded using link preload but not used within a few seconds from the window's load event. Please make sure it has an appropriate `as` value and it is preloaded intentionally. @ https://kr.pinterest.com/:0
[  190271ms] [WARNING] The resource https://i.pinimg.com/474x/9e/e0/6d/9ee06de8b44e9f7820eeda35de166e43.jpg was preloaded using link preload but not used within a few seconds from the window's load event. Please make sure it has an appropriate `as` value and it is preloaded intentionally. @ https://kr.pinterest.com/:0
[  190271ms] [WARNING] The resource https://i.pinimg.com/236x/2e/da/c6/2edac682cc0711795e91e381ded479f5.jpg was preloaded using link preload but not used within a few seconds from the window's load event. Please make sure it has an appropriate `as` value and it is preloaded intentionally. @ https://kr.pinterest.com/:0
[  190271ms] [WARNING] The resource https://i.pinimg.com/474x/00/b9/80/00b980476ea605ecfb1300a5e1f59e70.jpg was preloaded using link preload but not used within a few seconds from the window's load event. Please make sure it has an appropriate `as` value and it is preloaded intentionally. @ https://kr.pinterest.com/:0
[  190271ms] [WARNING] The resource https://i.pinimg.com/236x/07/94/67/07946780dde0f2e40c986b86ca2cc653.jpg was preloaded using link preload but not used within a few seconds from the window's load event. Please make sure it has an appropriate `as` value and it is preloaded intentionally. @ https://kr.pinterest.com/:0
[  190271ms] [WARNING] The resource https://i.pinimg.com/474x/a7/19/93/a719935209be09c74e38aa6e755515d1.jpg was preloaded using link preload but not used within a few seconds from the window's load event. Please make sure it has an appropriate `as` value and it is preloaded intentionally. @ https://kr.pinterest.com/:0
[  190271ms] [WARNING] The resource https://i.pinimg.com/474x/70/da/a7/70daa7903f383805ce9fd1d810d5231d.jpg was preloaded using link preload but not used within a few seconds from the window's load event. Please make sure it has an appropriate `as` value and it is preloaded intentionally. @ https://kr.pinterest.com/:0
[  190271ms] [WARNING] The resource https://i.pinimg.com/474x/89/b7/db/89b7dbba7bdf2c434cff4e261dd4b39d.jpg was preloaded using link preload but not used within a few seconds from the window's load event. Please make sure it has an appropriate `as` value and it is preloaded intentionally. @ https://kr.pinterest.com/:0
[  190271ms] [WARNING] The resource https://i.pinimg.com/236x/d6/15/eb/d615eb5ecd00f142bea8d700933e602a.jpg was preloaded using link preload but not used within a few seconds from the window's load event. Please make sure it has an appropriate `as` value and it is preloaded intentionally. @ https://kr.pinterest.com/:0
[  190271ms] [WARNING] The resource https://i.pinimg.com/236x/a5/1c/02/a51c02183396a35e73c91a8f51b1a132.jpg was preloaded using link preload but not used within a few seconds from the window's load event. Please make sure it has an appropriate `as` value and it is preloaded intentionally. @ https://kr.pinterest.com/:0
[  190271ms] [WARNING] The resource https://i.pinimg.com/236x/7f/c0/a7/7fc0a74c8f01257729566e5c524494d9.jpg was preloaded using link preload but not used within a few seconds from the window's load event. Please make sure it has an appropriate `as` value and it is preloaded intentionally. @ https://kr.pinterest.com/:0
[  190271ms] [WARNING] The resource https://i.pinimg.com/236x/25/4d/a1/254da18932097a43457d83bee029c2aa.jpg was preloaded using link preload but not used within a few seconds from the window's load event. Please make sure it has an appropriate `as` value and it is preloaded intentionally. @ https://kr.pinterest.com/:0
[  190271ms] [WARNING] The resource https://i.pinimg.com/236x/1b/7b/3b/1b7b3b9367976c2595bbd3d9bb4ee49d.jpg was preloaded using link preload but not used within a few seconds from the window's load event. Please make sure it has an appropriate `as` value and it is preloaded intentionally. @ https://kr.pinterest.com/:0
[  190271ms] [WARNING] The resource https://i.pinimg.com/474x/b6/d8/d8/b6d8d8b6f5148aeaf03da762c5153a8b.jpg was preloaded using link preload but not used within a few seconds from the window's load event. Please make sure it has an appropriate `as` value and it is preloaded intentionally. @ https://kr.pinterest.com/:0
[  190271ms] [WARNING] The resource https://i.pinimg.com/236x/0b/5c/97/0b5c973c59c28160bdb25d92f0544d33.jpg was preloaded using link preload but not used within a few seconds from the window's load event. Please make sure it has an appropriate `as` value and it is preloaded intentionally. @ https://kr.pinterest.com/:0
[  190271ms] [WARNING] The resource https://i.pinimg.com/236x/66/04/78/6604787a6521e8cee548eb6008f7a7ec.jpg was preloaded using link preload but not used within a few seconds from the window's load event. Please make sure it has an appropriate `as` value and it is preloaded intentionally. @ https://kr.pinterest.com/:0
[  190271ms] [WARNING] The resource https://i.pinimg.com/236x/ad/72/bf/ad72bffd03a1ad97775e4f8e8a08878c.jpg was preloaded using link preload but not used within a few seconds from the window's load event. Please make sure it has an appropriate `as` value and it is preloaded intentionally. @ https://kr.pinterest.com/:0
[  190271ms] [WARNING] The resource https://i.pinimg.com/236x/34/86/19/348619194f8731ee85bd70dbbafd0aa0.jpg was preloaded using link preload but not used within a few seconds from the window's load event. Please make sure it has an appropriate `as` value and it is preloaded intentionally. @ https://kr.pinterest.com/:0
[  190271ms] [WARNING] The resource https://i.pinimg.com/236x/96/86/8d/96868d31beb53576ff7df531ebaced18.jpg was preloaded using link preload but not used within a few seconds from the window's load event. Please make sure it has an appropriate `as` value and it is preloaded intentionally. @ https://kr.pinterest.com/:0
[  190271ms] [WARNING] The resource https://i.pinimg.com/474x/c0/b1/d8/c0b1d800bfbb4ae0ffea1e0669f2af14.jpg was preloaded using link preload but not used within a few seconds from the window's load event. Please make sure it has an appropriate `as` value and it is preloaded intentionally. @ https://kr.pinterest.com/:0
[  190271ms] [WARNING] The resource https://i.pinimg.com/236x/e6/c1/28/e6c128b58c4d24dda919fc0696a04e77.jpg was preloaded using link preload but not used within a few seconds from the window's load event. Please make sure it has an appropriate `as` value and it is preloaded intentionally. @ https://kr.pinterest.com/:0
[  190271ms] [WARNING] The resource https://i.pinimg.com/236x/01/86/b2/0186b2a08e4649069418921886abd622.jpg was preloaded using link preload but not used within a few seconds from the window's load event. Please make sure it has an appropriate `as` value and it is preloaded intentionally. @ https://kr.pinterest.com/:0
[  190271ms] [WARNING] The resource https://i.pinimg.com/236x/d4/e6/52/d4e652fa0e444c5585f2f0405d54c792.jpg was preloaded using link preload but not used within a few seconds from the window's load event. Please make sure it has an appropriate `as` value and it is preloaded intentionally. @ https://kr.pinterest.com/:0
[  190271ms] [WARNING] The resource https://i.pinimg.com/236x/3c/08/5f/3c085f5cd62821b6e3c7c34228180734.jpg was preloaded using link preload but not used within a few seconds from the window's load event. Please make sure it has an appropriate `as` value and it is preloaded intentionally. @ https://kr.pinterest.com/:0
[  190271ms] [WARNING] The resource https://i.pinimg.com/474x/85/7f/dd/857fdd2df62b1327ae9ed30a6ef60c49.jpg was preloaded using link preload but not used within a few seconds from the window's load event. Please make sure it has an appropriate `as` value and it is preloaded intentionally. @ https://kr.pinterest.com/:0
[  190271ms] [WARNING] The resource https://i.pinimg.com/474x/1b/7c/80/1b7c805d1bae9e4302742aef6afe4fee.jpg was preloaded using link preload but not used within a few seconds from the window's load event. Please make sure it has an appropriate `as` value and it is preloaded intentionally. @ https://kr.pinterest.com/:0
[  190271ms] [WARNING] The resource https://i.pinimg.com/236x/09/bd/f0/09bdf0d1036da833d4946112413e2d81.jpg was preloaded using link preload but not used within a few seconds from the window's load event. Please make sure it has an appropriate `as` value and it is preloaded intentionally. @ https://kr.pinterest.com/:0
[  190271ms] [WARNING] The resource https://i.pinimg.com/474x/09/81/ea/0981ea7dc74e0daf206ce8f504e661e0.jpg was preloaded using link preload but not used within a few seconds from the window's load event. Please make sure it has an appropriate `as` value and it is preloaded intentionally. @ https://kr.pinterest.com/:0
[  190271ms] [WARNING] The resource https://i.pinimg.com/474x/0f/69/b2/0f69b2aa87f46a1bd4dd9757f586d62b.jpg was preloaded using link preload but not used within a few seconds from the window's load event. Please make sure it has an appropriate `as` value and it is preloaded intentionally. @ https://kr.pinterest.com/:0
[  190271ms] [WARNING] The resource https://i.pinimg.com/474x/25/b0/4d/25b04d11417944c80ea1a9e48d26e0b7.jpg was preloaded using link preload but not used within a few seconds from the window's load event. Please make sure it has an appropriate `as` value and it is preloaded intentionally. @ https://kr.pinterest.com/:0
[  190271ms] [WARNING] The resource https://i.pinimg.com/236x/83/21/de/8321de1cfbb7a481c3c5a9c4081bb93b.jpg was preloaded using link preload but not used within a few seconds from the window's load event. Please make sure it has an appropriate `as` value and it is preloaded intentionally. @ https://kr.pinterest.com/:0
[  190271ms] [WARNING] The resource https://i.pinimg.com/236x/2b/21/12/2b21129bed9ffcf273ac8ce44ae353b5.jpg was preloaded using link preload but not used within a few seconds from the window's load event. Please make sure it has an appropriate `as` value and it is preloaded intentionally. @ https://kr.pinterest.com/:0
[  190271ms] [WARNING] The resource https://i.pinimg.com/236x/27/8d/5a/278d5aa26c03cd1df82cd7309f08a631.jpg was preloaded using link preload but not used within a few seconds from the window's load event. Please make sure it has an appropriate `as` value and it is preloaded intentionally. @ https://kr.pinterest.com/:0
[  190271ms] [WARNING] The resource https://i.pinimg.com/236x/08/f0/5a/08f05af36f156e71e8ae321a11100764.jpg was preloaded using link preload but not used within a few seconds from the window's load event. Please make sure it has an appropriate `as` value and it is preloaded intentionally. @ https://kr.pinterest.com/:0
[  190271ms] [WARNING] The resource https://i.pinimg.com/236x/28/c8/75/28c87527c5bd7236a22e720fb2d44d45.jpg was preloaded using link preload but not used within a few seconds from the window's load event. Please make sure it has an appropriate `as` value and it is preloaded intentionally. @ https://kr.pinterest.com/:0
[  190271ms] [WARNING] The resource https://i.pinimg.com/236x/9e/87/69/9e8769c56f1c6aba3b8c3114c7cbff70.jpg was preloaded using link preload but not used within a few seconds from the window's load event. Please make sure it has an appropriate `as` value and it is preloaded intentionally. @ https://kr.pinterest.com/:0
[  190271ms] [WARNING] The resource https://i.pinimg.com/236x/e7/fa/86/e7fa8622724c4d61c72de955d0b81387.jpg was preloaded using link preload but not used within a few seconds from the window's load event. Please make sure it has an appropriate `as` value and it is preloaded intentionally. @ https://kr.pinterest.com/:0
[  190271ms] [WARNING] The resource https://i.pinimg.com/474x/34/e2/7e/34e27efc47591946303d5600c0a9ec81.jpg was preloaded using link preload but not used within a few seconds from the window's load event. Please make sure it has an appropriate `as` value and it is preloaded intentionally. @ https://kr.pinterest.com/:0
[  190271ms] [WARNING] The resource https://i.pinimg.com/236x/43/1a/95/431a956c16e8d8d00a682d1c6d03a8fb.jpg was preloaded using link preload but not used within a few seconds from the window's load event. Please make sure it has an appropriate `as` value and it is preloaded intentionally. @ https://kr.pinterest.com/:0
[  190271ms] [WARNING] The resource https://i.pinimg.com/236x/1d/a4/2a/1da42afb423ee13fca6bf6c7bd68fd15.jpg was preloaded using link preload but not used within a few seconds from the window's load event. Please make sure it has an appropriate `as` value and it is preloaded intentionally. @ https://kr.pinterest.com/:0
[  190271ms] [WARNING] The resource https://i.pinimg.com/474x/14/50/c2/1450c286972ab72ee8ec801322ed7cbc.jpg was preloaded using link preload but not used within a few seconds from the window's load event. Please make sure it has an appropriate `as` value and it is preloaded intentionally. @ https://kr.pinterest.com/:0
[  190271ms] [WARNING] The resource https://i.pinimg.com/236x/92/ff/47/92ff47314e39dbc44b3dba7ddaae37de.jpg was preloaded using link preload but not used within a few seconds from the window's load event. Please make sure it has an appropriate `as` value and it is preloaded intentionally. @ https://kr.pinterest.com/:0
[  190271ms] [WARNING] The resource https://i.pinimg.com/474x/bb/e2/81/bbe28166deb75208b9193d1d89315eb3.jpg was preloaded using link preload but not used within a few seconds from the window's load event. Please make sure it has an appropriate `as` value and it is preloaded intentionally. @ https://kr.pinterest.com/:0
[  190271ms] [WARNING] The resource https://i.pinimg.com/474x/6a/d8/53/6ad8539c3a739a4b8e2d84bd290d3b79.jpg was preloaded using link preload but not used within a few seconds from the window's load event. Please make sure it has an appropriate `as` value and it is preloaded intentionally. @ https://kr.pinterest.com/:0
[  196044ms] [WARNING] The resource https://i.pinimg.com/236x/ee/23/2d/ee232db5d385af190427b563b499d380.jpg was preloaded using link preload but not used within a few seconds from the window's load event. Please make sure it has an appropriate `as` value and it is preloaded intentionally. @ https://kr.pinterest.com/:0
[  196044ms] [WARNING] The resource https://i.pinimg.com/474x/50/a4/08/50a408dd6a66974273728a70f78b5402.jpg was preloaded using link preload but not used within a few seconds from the window's load event. Please make sure it has an appropriate `as` value and it is preloaded intentionally. @ https://kr.pinterest.com/:0
[  196044ms] [WARNING] The resource https://i.pinimg.com/474x/9e/e0/6d/9ee06de8b44e9f7820eeda35de166e43.jpg was preloaded using link preload but not used within a few seconds from the window's load event. Please make sure it has an appropriate `as` value and it is preloaded intentionally. @ https://kr.pinterest.com/:0
[  196044ms] [WARNING] The resource https://i.pinimg.com/236x/2e/da/c6/2edac682cc0711795e91e381ded479f5.jpg was preloaded using link preload but not used within a few seconds from the window's load event. Please make sure it has an appropriate `as` value and it is preloaded intentionally. @ https://kr.pinterest.com/:0
[  196044ms] [WARNING] The resource https://i.pinimg.com/474x/00/b9/80/00b980476ea605ecfb1300a5e1f59e70.jpg was preloaded using link preload but not used within a few seconds from the window's load event. Please make sure it has an appropriate `as` value and it is preloaded intentionally. @ https://kr.pinterest.com/:0
[  196044ms] [WARNING] The resource https://i.pinimg.com/236x/07/94/67/07946780dde0f2e40c986b86ca2cc653.jpg was preloaded using link preload but not used within a few seconds from the window's load event. Please make sure it has an appropriate `as` value and it is preloaded intentionally. @ https://kr.pinterest.com/:0
[  196044ms] [WARNING] The resource https://i.pinimg.com/474x/a7/19/93/a719935209be09c74e38aa6e755515d1.jpg was preloaded using link preload but not used within a few seconds from the window's load event. Please make sure it has an appropriate `as` value and it is preloaded intentionally. @ https://kr.pinterest.com/:0
[  196044ms] [WARNING] The resource https://i.pinimg.com/474x/70/da/a7/70daa7903f383805ce9fd1d810d5231d.jpg was preloaded using link preload but not used within a few seconds from the window's load event. Please make sure it has an appropriate `as` value and it is preloaded intentionally. @ https://kr.pinterest.com/:0
[  196044ms] [WARNING] The resource https://i.pinimg.com/474x/89/b7/db/89b7dbba7bdf2c434cff4e261dd4b39d.jpg was preloaded using link preload but not used within a few seconds from the window's load event. Please make sure it has an appropriate `as` value and it is preloaded intentionally. @ https://kr.pinterest.com/:0
[  196044ms] [WARNING] The resource https://i.pinimg.com/236x/d6/15/eb/d615eb5ecd00f142bea8d700933e602a.jpg was preloaded using link preload but not used within a few seconds from the window's load event. Please make sure it has an appropriate `as` value and it is preloaded intentionally. @ https://kr.pinterest.com/:0
[  196044ms] [WARNING] The resource https://i.pinimg.com/236x/a5/1c/02/a51c02183396a35e73c91a8f51b1a132.jpg was preloaded using link preload but not used within a few seconds from the window's load event. Please make sure it has an appropriate `as` value and it is preloaded intentionally. @ https://kr.pinterest.com/:0
[  196044ms] [WARNING] The resource https://i.pinimg.com/236x/7f/c0/a7/7fc0a74c8f01257729566e5c524494d9.jpg was preloaded using link preload but not used within a few seconds from the window's load event. Please make sure it has an appropriate `as` value and it is preloaded intentionally. @ https://kr.pinterest.com/:0
[  196044ms] [WARNING] The resource https://i.pinimg.com/236x/25/4d/a1/254da18932097a43457d83bee029c2aa.jpg was preloaded using link preload but not used within a few seconds from the window's load event. Please make sure it has an appropriate `as` value and it is preloaded intentionally. @ https://kr.pinterest.com/:0
[  196044ms] [WARNING] The resource https://i.pinimg.com/236x/1b/7b/3b/1b7b3b9367976c2595bbd3d9bb4ee49d.jpg was preloaded using link preload but not used within a few seconds from the window's load event. Please make sure it has an appropriate `as` value and it is preloaded intentionally. @ https://kr.pinterest.com/:0
[  196044ms] [WARNING] The resource https://i.pinimg.com/474x/b6/d8/d8/b6d8d8b6f5148aeaf03da762c5153a8b.jpg was preloaded using link preload but not used within a few seconds from the window's load event. Please make sure it has an appropriate `as` value and it is preloaded intentionally. @ https://kr.pinterest.com/:0
[  196044ms] [WARNING] The resource https://i.pinimg.com/236x/0b/5c/97/0b5c973c59c28160bdb25d92f0544d33.jpg was preloaded using link preload but not used within a few seconds from the window's load event. Please make sure it has an appropriate `as` value and it is preloaded intentionally. @ https://kr.pinterest.com/:0
[  196044ms] [WARNING] The resource https://i.pinimg.com/236x/66/04/78/6604787a6521e8cee548eb6008f7a7ec.jpg was preloaded using link preload but not used within a few seconds from the window's load event. Please make sure it has an appropriate `as` value and it is preloaded intentionally. @ https://kr.pinterest.com/:0
[  196044ms] [WARNING] The resource https://i.pinimg.com/236x/ad/72/bf/ad72bffd03a1ad97775e4f8e8a08878c.jpg was preloaded using link preload but not used within a few seconds from the window's load event. Please make sure it has an appropriate `as` value and it is preloaded intentionally. @ https://kr.pinterest.com/:0
[  196044ms] [WARNING] The resource https://i.pinimg.com/236x/34/86/19/348619194f8731ee85bd70dbbafd0aa0.jpg was preloaded using link preload but not used within a few seconds from the window's load event. Please make sure it has an appropriate `as` value and it is preloaded intentionally. @ https://kr.pinterest.com/:0
[  196044ms] [WARNING] The resource https://i.pinimg.com/236x/96/86/8d/96868d31beb53576ff7df531ebaced18.jpg was preloaded using link preload but not used within a few seconds from the window's load event. Please make sure it has an appropriate `as` value and it is preloaded intentionally. @ https://kr.pinterest.com/:0
[  196044ms] [WARNING] The resource https://i.pinimg.com/474x/c0/b1/d8/c0b1d800bfbb4ae0ffea1e0669f2af14.jpg was preloaded using link preload but not used within a few seconds from the window's load event. Please make sure it has an appropriate `as` value and it is preloaded intentionally. @ https://kr.pinterest.com/:0
[  196044ms] [WARNING] The resource https://i.pinimg.com/236x/e6/c1/28/e6c128b58c4d24dda919fc0696a04e77.jpg was preloaded using link preload but not used within a few seconds from the window's load event. Please make sure it has an appropriate `as` value and it is preloaded intentionally. @ https://kr.pinterest.com/:0
[  196044ms] [WARNING] The resource https://i.pinimg.com/236x/01/86/b2/0186b2a08e4649069418921886abd622.jpg was preloaded using link preload but not used within a few seconds from the window's load event. Please make sure it has an appropriate `as` value and it is preloaded intentionally. @ https://kr.pinterest.com/:0
[  196044ms] [WARNING] The resource https://i.pinimg.com/236x/d4/e6/52/d4e652fa0e444c5585f2f0405d54c792.jpg was preloaded using link preload but not used within a few seconds from the window's load event. Please make sure it has an appropriate `as` value and it is preloaded intentionally. @ https://kr.pinterest.com/:0
[  196044ms] [WARNING] The resource https://i.pinimg.com/236x/3c/08/5f/3c085f5cd62821b6e3c7c34228180734.jpg was preloaded using link preload but not used within a few seconds from the window's load event. Please make sure it has an appropriate `as` value and it is preloaded intentionally. @ https://kr.pinterest.com/:0
[  196044ms] [WARNING] The resource https://i.pinimg.com/474x/85/7f/dd/857fdd2df62b1327ae9ed30a6ef60c49.jpg was preloaded using link preload but not used within a few seconds from the window's load event. Please make sure it has an appropriate `as` value and it is preloaded intentionally. @ https://kr.pinterest.com/:0
[  196044ms] [WARNING] The resource https://i.pinimg.com/474x/1b/7c/80/1b7c805d1bae9e4302742aef6afe4fee.jpg was preloaded using link preload but not used within a few seconds from the window's load event. Please make sure it has an appropriate `as` value and it is preloaded intentionally. @ https://kr.pinterest.com/:0
[  196044ms] [WARNING] The resource https://i.pinimg.com/236x/09/bd/f0/09bdf0d1036da833d4946112413e2d81.jpg was preloaded using link preload but not used within a few seconds from the window's load event. Please make sure it has an appropriate `as` value and it is preloaded intentionally. @ https://kr.pinterest.com/:0
[  196044ms] [WARNING] The resource https://i.pinimg.com/474x/09/81/ea/0981ea7dc74e0daf206ce8f504e661e0.jpg was preloaded using link preload but not used within a few seconds from the window's load event. Please make sure it has an appropriate `as` value and it is preloaded intentionally. @ https://kr.pinterest.com/:0
[  196044ms] [WARNING] The resource https://i.pinimg.com/474x/0f/69/b2/0f69b2aa87f46a1bd4dd9757f586d62b.jpg was preloaded using link preload but not used within a few seconds from the window's load event. Please make sure it has an appropriate `as` value and it is preloaded intentionally. @ https://kr.pinterest.com/:0
[  196044ms] [WARNING] The resource https://i.pinimg.com/474x/25/b0/4d/25b04d11417944c80ea1a9e48d26e0b7.jpg was preloaded using link preload but not used within a few seconds from the window's load event. Please make sure it has an appropriate `as` value and it is preloaded intentionally. @ https://kr.pinterest.com/:0
[  196044ms] [WARNING] The resource https://i.pinimg.com/236x/83/21/de/8321de1cfbb7a481c3c5a9c4081bb93b.jpg was preloaded using link preload but not used within a few seconds from the window's load event. Please make sure it has an appropriate `as` value and it is preloaded intentionally. @ https://kr.pinterest.com/:0
[  196044ms] [WARNING] The resource https://i.pinimg.com/236x/2b/21/12/2b21129bed9ffcf273ac8ce44ae353b5.jpg was preloaded using link preload but not used within a few seconds from the window's load event. Please make sure it has an appropriate `as` value and it is preloaded intentionally. @ https://kr.pinterest.com/:0
[  196044ms] [WARNING] The resource https://i.pinimg.com/236x/27/8d/5a/278d5aa26c03cd1df82cd7309f08a631.jpg was preloaded using link preload but not used within a few seconds from the window's load event. Please make sure it has an appropriate `as` value and it is preloaded intentionally. @ https://kr.pinterest.com/:0
[  196044ms] [WARNING] The resource https://i.pinimg.com/236x/08/f0/5a/08f05af36f156e71e8ae321a11100764.jpg was preloaded using link preload but not used within a few seconds from the window's load event. Please make sure it has an appropriate `as` value and it is preloaded intentionally. @ https://kr.pinterest.com/:0
[  196044ms] [WARNING] The resource https://i.pinimg.com/236x/28/c8/75/28c87527c5bd7236a22e720fb2d44d45.jpg was preloaded using link preload but not used within a few seconds from the window's load event. Please make sure it has an appropriate `as` value and it is preloaded intentionally. @ https://kr.pinterest.com/:0
[  196044ms] [WARNING] The resource https://i.pinimg.com/236x/9e/87/69/9e8769c56f1c6aba3b8c3114c7cbff70.jpg was preloaded using link preload but not used within a few seconds from the window's load event. Please make sure it has an appropriate `as` value and it is preloaded intentionally. @ https://kr.pinterest.com/:0
[  196044ms] [WARNING] The resource https://i.pinimg.com/236x/e7/fa/86/e7fa8622724c4d61c72de955d0b81387.jpg was preloaded using link preload but not used within a few seconds from the window's load event. Please make sure it has an appropriate `as` value and it is preloaded intentionally. @ https://kr.pinterest.com/:0
[  196044ms] [WARNING] The resource https://i.pinimg.com/474x/34/e2/7e/34e27efc47591946303d5600c0a9ec81.jpg was preloaded using link preload but not used within a few seconds from the window's load event. Please make sure it has an appropriate `as` value and it is preloaded intentionally. @ https://kr.pinterest.com/:0
[  196044ms] [WARNING] The resource https://i.pinimg.com/236x/43/1a/95/431a956c16e8d8d00a682d1c6d03a8fb.jpg was preloaded using link preload but not used within a few seconds from the window's load event. Please make sure it has an appropriate `as` value and it is preloaded intentionally. @ https://kr.pinterest.com/:0
[  196044ms] [WARNING] The resource https://i.pinimg.com/236x/1d/a4/2a/1da42afb423ee13fca6bf6c7bd68fd15.jpg was preloaded using link preload but not used within a few seconds from the window's load event. Please make sure it has an appropriate `as` value and it is preloaded intentionally. @ https://kr.pinterest.com/:0
[  196044ms] [WARNING] The resource https://i.pinimg.com/474x/14/50/c2/1450c286972ab72ee8ec801322ed7cbc.jpg was preloaded using link preload but not used within a few seconds from the window's load event. Please make sure it has an appropriate `as` value and it is preloaded intentionally. @ https://kr.pinterest.com/:0
[  196044ms] [WARNING] The resource https://i.pinimg.com/236x/92/ff/47/92ff47314e39dbc44b3dba7ddaae37de.jpg was preloaded using link preload but not used within a few seconds from the window's load event. Please make sure it has an appropriate `as` value and it is preloaded intentionally. @ https://kr.pinterest.com/:0
[  196044ms] [WARNING] The resource https://i.pinimg.com/474x/bb/e2/81/bbe28166deb75208b9193d1d89315eb3.jpg was preloaded using link preload but not used within a few seconds from the window's load event. Please make sure it has an appropriate `as` value and it is preloaded intentionally. @ https://kr.pinterest.com/:0
[  196044ms] [WARNING] The resource https://i.pinimg.com/474x/6a/d8/53/6ad8539c3a739a4b8e2d84bd290d3b79.jpg was preloaded using link preload but not used within a few seconds from the window's load event. Please make sure it has an appropriate `as` value and it is preloaded intentionally. @ https://kr.pinterest.com/:0
[  202173ms] [WARNING] The resource https://i.pinimg.com/236x/ee/23/2d/ee232db5d385af190427b563b499d380.jpg was preloaded using link preload but not used within a few seconds from the window's load event. Please make sure it has an appropriate `as` value and it is preloaded intentionally. @ https://kr.pinterest.com/:0
[  202173ms] [WARNING] The resource https://i.pinimg.com/474x/50/a4/08/50a408dd6a66974273728a70f78b5402.jpg was preloaded using link preload but not used within a few seconds from the window's load event. Please make sure it has an appropriate `as` value and it is preloaded intentionally. @ https://kr.pinterest.com/:0
[  202173ms] [WARNING] The resource https://i.pinimg.com/474x/9e/e0/6d/9ee06de8b44e9f7820eeda35de166e43.jpg was preloaded using link preload but not used within a few seconds from the window's load event. Please make sure it has an appropriate `as` value and it is preloaded intentionally. @ https://kr.pinterest.com/:0
[  202173ms] [WARNING] The resource https://i.pinimg.com/236x/2e/da/c6/2edac682cc0711795e91e381ded479f5.jpg was preloaded using link preload but not used within a few seconds from the window's load event. Please make sure it has an appropriate `as` value and it is preloaded intentionally. @ https://kr.pinterest.com/:0
[  202174ms] [WARNING] The resource https://i.pinimg.com/474x/00/b9/80/00b980476ea605ecfb1300a5e1f59e70.jpg was preloaded using link preload but not used within a few seconds from the window's load event. Please make sure it has an appropriate `as` value and it is preloaded intentionally. @ https://kr.pinterest.com/:0
[  202174ms] [WARNING] The resource https://i.pinimg.com/236x/07/94/67/07946780dde0f2e40c986b86ca2cc653.jpg was preloaded using link preload but not used within a few seconds from the window's load event. Please make sure it has an appropriate `as` value and it is preloaded intentionally. @ https://kr.pinterest.com/:0
[  202174ms] [WARNING] The resource https://i.pinimg.com/474x/a7/19/93/a719935209be09c74e38aa6e755515d1.jpg was preloaded using link preload but not used within a few seconds from the window's load event. Please make sure it has an appropriate `as` value and it is preloaded intentionally. @ https://kr.pinterest.com/:0
[  202174ms] [WARNING] The resource https://i.pinimg.com/474x/70/da/a7/70daa7903f383805ce9fd1d810d5231d.jpg was preloaded using link preload but not used within a few seconds from the window's load event. Please make sure it has an appropriate `as` value and it is preloaded intentionally. @ https://kr.pinterest.com/:0
[  202174ms] [WARNING] The resource https://i.pinimg.com/474x/89/b7/db/89b7dbba7bdf2c434cff4e261dd4b39d.jpg was preloaded using link preload but not used within a few seconds from the window's load event. Please make sure it has an appropriate `as` value and it is preloaded intentionally. @ https://kr.pinterest.com/:0
[  202174ms] [WARNING] The resource https://i.pinimg.com/236x/d6/15/eb/d615eb5ecd00f142bea8d700933e602a.jpg was preloaded using link preload but not used within a few seconds from the window's load event. Please make sure it has an appropriate `as` value and it is preloaded intentionally. @ https://kr.pinterest.com/:0
[  202174ms] [WARNING] The resource https://i.pinimg.com/236x/a5/1c/02/a51c02183396a35e73c91a8f51b1a132.jpg was preloaded using link preload but not used within a few seconds from the window's load event. Please make sure it has an appropriate `as` value and it is preloaded intentionally. @ https://kr.pinterest.com/:0
[  202174ms] [WARNING] The resource https://i.pinimg.com/236x/7f/c0/a7/7fc0a74c8f01257729566e5c524494d9.jpg was preloaded using link preload but not used within a few seconds from the window's load event. Please make sure it has an appropriate `as` value and it is preloaded intentionally. @ https://kr.pinterest.com/:0
[  202174ms] [WARNING] The resource https://i.pinimg.com/236x/25/4d/a1/254da18932097a43457d83bee029c2aa.jpg was preloaded using link preload but not used within a few seconds from the window's load event. Please make sure it has an appropriate `as` value and it is preloaded intentionally. @ https://kr.pinterest.com/:0
[  202174ms] [WARNING] The resource https://i.pinimg.com/236x/1b/7b/3b/1b7b3b9367976c2595bbd3d9bb4ee49d.jpg was preloaded using link preload but not used within a few seconds from the window's load event. Please make sure it has an appropriate `as` value and it is preloaded intentionally. @ https://kr.pinterest.com/:0
[  202174ms] [WARNING] The resource https://i.pinimg.com/474x/b6/d8/d8/b6d8d8b6f5148aeaf03da762c5153a8b.jpg was preloaded using link preload but not used within a few seconds from the window's load event. Please make sure it has an appropriate `as` value and it is preloaded intentionally. @ https://kr.pinterest.com/:0
[  202174ms] [WARNING] The resource https://i.pinimg.com/236x/0b/5c/97/0b5c973c59c28160bdb25d92f0544d33.jpg was preloaded using link preload but not used within a few seconds from the window's load event. Please make sure it has an appropriate `as` value and it is preloaded intentionally. @ https://kr.pinterest.com/:0
[  202174ms] [WARNING] The resource https://i.pinimg.com/236x/66/04/78/6604787a6521e8cee548eb6008f7a7ec.jpg was preloaded using link preload but not used within a few seconds from the window's load event. Please make sure it has an appropriate `as` value and it is preloaded intentionally. @ https://kr.pinterest.com/:0
[  202174ms] [WARNING] The resource https://i.pinimg.com/236x/ad/72/bf/ad72bffd03a1ad97775e4f8e8a08878c.jpg was preloaded using link preload but not used within a few seconds from the window's load event. Please make sure it has an appropriate `as` value and it is preloaded intentionally. @ https://kr.pinterest.com/:0
[  202174ms] [WARNING] The resource https://i.pinimg.com/236x/34/86/19/348619194f8731ee85bd70dbbafd0aa0.jpg was preloaded using link preload but not used within a few seconds from the window's load event. Please make sure it has an appropriate `as` value and it is preloaded intentionally. @ https://kr.pinterest.com/:0
[  202174ms] [WARNING] The resource https://i.pinimg.com/236x/96/86/8d/96868d31beb53576ff7df531ebaced18.jpg was preloaded using link preload but not used within a few seconds from the window's load event. Please make sure it has an appropriate `as` value and it is preloaded intentionally. @ https://kr.pinterest.com/:0
[  202174ms] [WARNING] The resource https://i.pinimg.com/474x/c0/b1/d8/c0b1d800bfbb4ae0ffea1e0669f2af14.jpg was preloaded using link preload but not used within a few seconds from the window's load event. Please make sure it has an appropriate `as` value and it is preloaded intentionally. @ https://kr.pinterest.com/:0
[  202174ms] [WARNING] The resource https://i.pinimg.com/236x/e6/c1/28/e6c128b58c4d24dda919fc0696a04e77.jpg was preloaded using link preload but not used within a few seconds from the window's load event. Please make sure it has an appropriate `as` value and it is preloaded intentionally. @ https://kr.pinterest.com/:0
[  202174ms] [WARNING] The resource https://i.pinimg.com/236x/01/86/b2/0186b2a08e4649069418921886abd622.jpg was preloaded using link preload but not used within a few seconds from the window's load event. Please make sure it has an appropriate `as` value and it is preloaded intentionally. @ https://kr.pinterest.com/:0
[  202174ms] [WARNING] The resource https://i.pinimg.com/236x/d4/e6/52/d4e652fa0e444c5585f2f0405d54c792.jpg was preloaded using link preload but not used within a few seconds from the window's load event. Please make sure it has an appropriate `as` value and it is preloaded intentionally. @ https://kr.pinterest.com/:0
[  202174ms] [WARNING] The resource https://i.pinimg.com/236x/3c/08/5f/3c085f5cd62821b6e3c7c34228180734.jpg was preloaded using link preload but not used within a few seconds from the window's load event. Please make sure it has an appropriate `as` value and it is preloaded intentionally. @ https://kr.pinterest.com/:0
[  202174ms] [WARNING] The resource https://i.pinimg.com/474x/85/7f/dd/857fdd2df62b1327ae9ed30a6ef60c49.jpg was preloaded using link preload but not used within a few seconds from the window's load event. Please make sure it has an appropriate `as` value and it is preloaded intentionally. @ https://kr.pinterest.com/:0
[  202174ms] [WARNING] The resource https://i.pinimg.com/474x/1b/7c/80/1b7c805d1bae9e4302742aef6afe4fee.jpg was preloaded using link preload but not used within a few seconds from the window's load event. Please make sure it has an appropriate `as` value and it is preloaded intentionally. @ https://kr.pinterest.com/:0
[  202174ms] [WARNING] The resource https://i.pinimg.com/236x/09/bd/f0/09bdf0d1036da833d4946112413e2d81.jpg was preloaded using link preload but not used within a few seconds from the window's load event. Please make sure it has an appropriate `as` value and it is preloaded intentionally. @ https://kr.pinterest.com/:0
[  202174ms] [WARNING] The resource https://i.pinimg.com/474x/09/81/ea/0981ea7dc74e0daf206ce8f504e661e0.jpg was preloaded using link preload but not used within a few seconds from the window's load event. Please make sure it has an appropriate `as` value and it is preloaded intentionally. @ https://kr.pinterest.com/:0
[  202174ms] [WARNING] The resource https://i.pinimg.com/474x/0f/69/b2/0f69b2aa87f46a1bd4dd9757f586d62b.jpg was preloaded using link preload but not used within a few seconds from the window's load event. Please make sure it has an appropriate `as` value and it is preloaded intentionally. @ https://kr.pinterest.com/:0
[  202174ms] [WARNING] The resource https://i.pinimg.com/474x/25/b0/4d/25b04d11417944c80ea1a9e48d26e0b7.jpg was preloaded using link preload but not used within a few seconds from the window's load event. Please make sure it has an appropriate `as` value and it is preloaded intentionally. @ https://kr.pinterest.com/:0
[  202174ms] [WARNING] The resource https://i.pinimg.com/236x/83/21/de/8321de1cfbb7a481c3c5a9c4081bb93b.jpg was preloaded using link preload but not used within a few seconds from the window's load event. Please make sure it has an appropriate `as` value and it is preloaded intentionally. @ https://kr.pinterest.com/:0
[  202174ms] [WARNING] The resource https://i.pinimg.com/236x/2b/21/12/2b21129bed9ffcf273ac8ce44ae353b5.jpg was preloaded using link preload but not used within a few seconds from the window's load event. Please make sure it has an appropriate `as` value and it is preloaded intentionally. @ https://kr.pinterest.com/:0
[  202174ms] [WARNING] The resource https://i.pinimg.com/236x/27/8d/5a/278d5aa26c03cd1df82cd7309f08a631.jpg was preloaded using link preload but not used within a few seconds from the window's load event. Please make sure it has an appropriate `as` value and it is preloaded intentionally. @ https://kr.pinterest.com/:0
[  202174ms] [WARNING] The resource https://i.pinimg.com/236x/08/f0/5a/08f05af36f156e71e8ae321a11100764.jpg was preloaded using link preload but not used within a few seconds from the window's load event. Please make sure it has an appropriate `as` value and it is preloaded intentionally. @ https://kr.pinterest.com/:0
[  202174ms] [WARNING] The resource https://i.pinimg.com/236x/28/c8/75/28c87527c5bd7236a22e720fb2d44d45.jpg was preloaded using link preload but not used within a few seconds from the window's load event. Please make sure it has an appropriate `as` value and it is preloaded intentionally. @ https://kr.pinterest.com/:0
[  202174ms] [WARNING] The resource https://i.pinimg.com/236x/9e/87/69/9e8769c56f1c6aba3b8c3114c7cbff70.jpg was preloaded using link preload but not used within a few seconds from the window's load event. Please make sure it has an appropriate `as` value and it is preloaded intentionally. @ https://kr.pinterest.com/:0
[  202174ms] [WARNING] The resource https://i.pinimg.com/236x/e7/fa/86/e7fa8622724c4d61c72de955d0b81387.jpg was preloaded using link preload but not used within a few seconds from the window's load event. Please make sure it has an appropriate `as` value and it is preloaded intentionally. @ https://kr.pinterest.com/:0
[  202174ms] [WARNING] The resource https://i.pinimg.com/474x/34/e2/7e/34e27efc47591946303d5600c0a9ec81.jpg was preloaded using link preload but not used within a few seconds from the window's load event. Please make sure it has an appropriate `as` value and it is preloaded intentionally. @ https://kr.pinterest.com/:0
[  202174ms] [WARNING] The resource https://i.pinimg.com/236x/43/1a/95/431a956c16e8d8d00a682d1c6d03a8fb.jpg was preloaded using link preload but not used within a few seconds from the window's load event. Please make sure it has an appropriate `as` value and it is preloaded intentionally. @ https://kr.pinterest.com/:0
[  202174ms] [WARNING] The resource https://i.pinimg.com/236x/1d/a4/2a/1da42afb423ee13fca6bf6c7bd68fd15.jpg was preloaded using link preload but not used within a few seconds from the window's load event. Please make sure it has an appropriate `as` value and it is preloaded intentionally. @ https://kr.pinterest.com/:0
[  202174ms] [WARNING] The resource https://i.pinimg.com/474x/14/50/c2/1450c286972ab72ee8ec801322ed7cbc.jpg was preloaded using link preload but not used within a few seconds from the window's load event. Please make sure it has an appropriate `as` value and it is preloaded intentionally. @ https://kr.pinterest.com/:0
[  202174ms] [WARNING] The resource https://i.pinimg.com/236x/92/ff/47/92ff47314e39dbc44b3dba7ddaae37de.jpg was preloaded using link preload but not used within a few seconds from the window's load event. Please make sure it has an appropriate `as` value and it is preloaded intentionally. @ https://kr.pinterest.com/:0
[  202174ms] [WARNING] The resource https://i.pinimg.com/474x/bb/e2/81/bbe28166deb75208b9193d1d89315eb3.jpg was preloaded using link preload but not used within a few seconds from the window's load event. Please make sure it has an appropriate `as` value and it is preloaded intentionally. @ https://kr.pinterest.com/:0
[  202174ms] [WARNING] The resource https://i.pinimg.com/474x/6a/d8/53/6ad8539c3a739a4b8e2d84bd290d3b79.jpg was preloaded using link preload but not used within a few seconds from the window's load event. Please make sure it has an appropriate `as` value and it is preloaded intentionally. @ https://kr.pinterest.com/:0
[  205465ms] [WARNING] The resource https://i.pinimg.com/236x/ee/23/2d/ee232db5d385af190427b563b499d380.jpg was preloaded using link preload but not used within a few seconds from the window's load event. Please make sure it has an appropriate `as` value and it is preloaded intentionally. @ https://kr.pinterest.com/:0
[  205465ms] [WARNING] The resource https://i.pinimg.com/474x/50/a4/08/50a408dd6a66974273728a70f78b5402.jpg was preloaded using link preload but not used within a few seconds from the window's load event. Please make sure it has an appropriate `as` value and it is preloaded intentionally. @ https://kr.pinterest.com/:0
[  205465ms] [WARNING] The resource https://i.pinimg.com/474x/9e/e0/6d/9ee06de8b44e9f7820eeda35de166e43.jpg was preloaded using link preload but not used within a few seconds from the window's load event. Please make sure it has an appropriate `as` value and it is preloaded intentionally. @ https://kr.pinterest.com/:0
[  205465ms] [WARNING] The resource https://i.pinimg.com/236x/2e/da/c6/2edac682cc0711795e91e381ded479f5.jpg was preloaded using link preload but not used within a few seconds from the window's load event. Please make sure it has an appropriate `as` value and it is preloaded intentionally. @ https://kr.pinterest.com/:0
[  205465ms] [WARNING] The resource https://i.pinimg.com/474x/00/b9/80/00b980476ea605ecfb1300a5e1f59e70.jpg was preloaded using link preload but not used within a few seconds from the window's load event. Please make sure it has an appropriate `as` value and it is preloaded intentionally. @ https://kr.pinterest.com/:0
[  205465ms] [WARNING] The resource https://i.pinimg.com/236x/07/94/67/07946780dde0f2e40c986b86ca2cc653.jpg was preloaded using link preload but not used within a few seconds from the window's load event. Please make sure it has an appropriate `as` value and it is preloaded intentionally. @ https://kr.pinterest.com/:0
[  205465ms] [WARNING] The resource https://i.pinimg.com/474x/a7/19/93/a719935209be09c74e38aa6e755515d1.jpg was preloaded using link preload but not used within a few seconds from the window's load event. Please make sure it has an appropriate `as` value and it is preloaded intentionally. @ https://kr.pinterest.com/:0
[  205465ms] [WARNING] The resource https://i.pinimg.com/474x/70/da/a7/70daa7903f383805ce9fd1d810d5231d.jpg was preloaded using link preload but not used within a few seconds from the window's load event. Please make sure it has an appropriate `as` value and it is preloaded intentionally. @ https://kr.pinterest.com/:0
[  205465ms] [WARNING] The resource https://i.pinimg.com/474x/89/b7/db/89b7dbba7bdf2c434cff4e261dd4b39d.jpg was preloaded using link preload but not used within a few seconds from the window's load event. Please make sure it has an appropriate `as` value and it is preloaded intentionally. @ https://kr.pinterest.com/:0
[  205465ms] [WARNING] The resource https://i.pinimg.com/236x/d6/15/eb/d615eb5ecd00f142bea8d700933e602a.jpg was preloaded using link preload but not used within a few seconds from the window's load event. Please make sure it has an appropriate `as` value and it is preloaded intentionally. @ https://kr.pinterest.com/:0
[  205465ms] [WARNING] The resource https://i.pinimg.com/236x/a5/1c/02/a51c02183396a35e73c91a8f51b1a132.jpg was preloaded using link preload but not used within a few seconds from the window's load event. Please make sure it has an appropriate `as` value and it is preloaded intentionally. @ https://kr.pinterest.com/:0
[  205465ms] [WARNING] The resource https://i.pinimg.com/236x/7f/c0/a7/7fc0a74c8f01257729566e5c524494d9.jpg was preloaded using link preload but not used within a few seconds from the window's load event. Please make sure it has an appropriate `as` value and it is preloaded intentionally. @ https://kr.pinterest.com/:0
[  205465ms] [WARNING] The resource https://i.pinimg.com/236x/25/4d/a1/254da18932097a43457d83bee029c2aa.jpg was preloaded using link preload but not used within a few seconds from the window's load event. Please make sure it has an appropriate `as` value and it is preloaded intentionally. @ https://kr.pinterest.com/:0
[  205465ms] [WARNING] The resource https://i.pinimg.com/236x/1b/7b/3b/1b7b3b9367976c2595bbd3d9bb4ee49d.jpg was preloaded using link preload but not used within a few seconds from the window's load event. Please make sure it has an appropriate `as` value and it is preloaded intentionally. @ https://kr.pinterest.com/:0
[  205465ms] [WARNING] The resource https://i.pinimg.com/474x/b6/d8/d8/b6d8d8b6f5148aeaf03da762c5153a8b.jpg was preloaded using link preload but not used within a few seconds from the window's load event. Please make sure it has an appropriate `as` value and it is preloaded intentionally. @ https://kr.pinterest.com/:0
[  205465ms] [WARNING] The resource https://i.pinimg.com/236x/0b/5c/97/0b5c973c59c28160bdb25d92f0544d33.jpg was preloaded using link preload but not used within a few seconds from the window's load event. Please make sure it has an appropriate `as` value and it is preloaded intentionally. @ https://kr.pinterest.com/:0
[  205465ms] [WARNING] The resource https://i.pinimg.com/236x/66/04/78/6604787a6521e8cee548eb6008f7a7ec.jpg was preloaded using link preload but not used within a few seconds from the window's load event. Please make sure it has an appropriate `as` value and it is preloaded intentionally. @ https://kr.pinterest.com/:0
[  205465ms] [WARNING] The resource https://i.pinimg.com/236x/ad/72/bf/ad72bffd03a1ad97775e4f8e8a08878c.jpg was preloaded using link preload but not used within a few seconds from the window's load event. Please make sure it has an appropriate `as` value and it is preloaded intentionally. @ https://kr.pinterest.com/:0
[  205465ms] [WARNING] The resource https://i.pinimg.com/236x/34/86/19/348619194f8731ee85bd70dbbafd0aa0.jpg was preloaded using link preload but not used within a few seconds from the window's load event. Please make sure it has an appropriate `as` value and it is preloaded intentionally. @ https://kr.pinterest.com/:0
[  205465ms] [WARNING] The resource https://i.pinimg.com/236x/96/86/8d/96868d31beb53576ff7df531ebaced18.jpg was preloaded using link preload but not used within a few seconds from the window's load event. Please make sure it has an appropriate `as` value and it is preloaded intentionally. @ https://kr.pinterest.com/:0
[  205465ms] [WARNING] The resource https://i.pinimg.com/474x/c0/b1/d8/c0b1d800bfbb4ae0ffea1e0669f2af14.jpg was preloaded using link preload but not used within a few seconds from the window's load event. Please make sure it has an appropriate `as` value and it is preloaded intentionally. @ https://kr.pinterest.com/:0
[  205465ms] [WARNING] The resource https://i.pinimg.com/236x/e6/c1/28/e6c128b58c4d24dda919fc0696a04e77.jpg was preloaded using link preload but not used within a few seconds from the window's load event. Please make sure it has an appropriate `as` value and it is preloaded intentionally. @ https://kr.pinterest.com/:0
[  205465ms] [WARNING] The resource https://i.pinimg.com/236x/01/86/b2/0186b2a08e4649069418921886abd622.jpg was preloaded using link preload but not used within a few seconds from the window's load event. Please make sure it has an appropriate `as` value and it is preloaded intentionally. @ https://kr.pinterest.com/:0
[  205465ms] [WARNING] The resource https://i.pinimg.com/236x/d4/e6/52/d4e652fa0e444c5585f2f0405d54c792.jpg was preloaded using link preload but not used within a few seconds from the window's load event. Please make sure it has an appropriate `as` value and it is preloaded intentionally. @ https://kr.pinterest.com/:0
[  205465ms] [WARNING] The resource https://i.pinimg.com/236x/3c/08/5f/3c085f5cd62821b6e3c7c34228180734.jpg was preloaded using link preload but not used within a few seconds from the window's load event. Please make sure it has an appropriate `as` value and it is preloaded intentionally. @ https://kr.pinterest.com/:0
[  205465ms] [WARNING] The resource https://i.pinimg.com/474x/85/7f/dd/857fdd2df62b1327ae9ed30a6ef60c49.jpg was preloaded using link preload but not used within a few seconds from the window's load event. Please make sure it has an appropriate `as` value and it is preloaded intentionally. @ https://kr.pinterest.com/:0
[  205465ms] [WARNING] The resource https://i.pinimg.com/474x/1b/7c/80/1b7c805d1bae9e4302742aef6afe4fee.jpg was preloaded using link preload but not used within a few seconds from the window's load event. Please make sure it has an appropriate `as` value and it is preloaded intentionally. @ https://kr.pinterest.com/:0
[  205465ms] [WARNING] The resource https://i.pinimg.com/236x/09/bd/f0/09bdf0d1036da833d4946112413e2d81.jpg was preloaded using link preload but not used within a few seconds from the window's load event. Please make sure it has an appropriate `as` value and it is preloaded intentionally. @ https://kr.pinterest.com/:0
[  205465ms] [WARNING] The resource https://i.pinimg.com/474x/09/81/ea/0981ea7dc74e0daf206ce8f504e661e0.jpg was preloaded using link preload but not used within a few seconds from the window's load event. Please make sure it has an appropriate `as` value and it is preloaded intentionally. @ https://kr.pinterest.com/:0
[  205465ms] [WARNING] The resource https://i.pinimg.com/474x/0f/69/b2/0f69b2aa87f46a1bd4dd9757f586d62b.jpg was preloaded using link preload but not used within a few seconds from the window's load event. Please make sure it has an appropriate `as` value and it is preloaded intentionally. @ https://kr.pinterest.com/:0
[  205465ms] [WARNING] The resource https://i.pinimg.com/474x/25/b0/4d/25b04d11417944c80ea1a9e48d26e0b7.jpg was preloaded using link preload but not used within a few seconds from the window's load event. Please make sure it has an appropriate `as` value and it is preloaded intentionally. @ https://kr.pinterest.com/:0
[  205465ms] [WARNING] The resource https://i.pinimg.com/236x/83/21/de/8321de1cfbb7a481c3c5a9c4081bb93b.jpg was preloaded using link preload but not used within a few seconds from the window's load event. Please make sure it has an appropriate `as` value and it is preloaded intentionally. @ https://kr.pinterest.com/:0
[  205465ms] [WARNING] The resource https://i.pinimg.com/236x/2b/21/12/2b21129bed9ffcf273ac8ce44ae353b5.jpg was preloaded using link preload but not used within a few seconds from the window's load event. Please make sure it has an appropriate `as` value and it is preloaded intentionally. @ https://kr.pinterest.com/:0
[  205465ms] [WARNING] The resource https://i.pinimg.com/236x/27/8d/5a/278d5aa26c03cd1df82cd7309f08a631.jpg was preloaded using link preload but not used within a few seconds from the window's load event. Please make sure it has an appropriate `as` value and it is preloaded intentionally. @ https://kr.pinterest.com/:0
[  205465ms] [WARNING] The resource https://i.pinimg.com/236x/08/f0/5a/08f05af36f156e71e8ae321a11100764.jpg was preloaded using link preload but not used within a few seconds from the window's load event. Please make sure it has an appropriate `as` value and it is preloaded intentionally. @ https://kr.pinterest.com/:0
[  205465ms] [WARNING] The resource https://i.pinimg.com/236x/28/c8/75/28c87527c5bd7236a22e720fb2d44d45.jpg was preloaded using link preload but not used within a few seconds from the window's load event. Please make sure it has an appropriate `as` value and it is preloaded intentionally. @ https://kr.pinterest.com/:0
[  205465ms] [WARNING] The resource https://i.pinimg.com/236x/9e/87/69/9e8769c56f1c6aba3b8c3114c7cbff70.jpg was preloaded using link preload but not used within a few seconds from the window's load event. Please make sure it has an appropriate `as` value and it is preloaded intentionally. @ https://kr.pinterest.com/:0
[  205465ms] [WARNING] The resource https://i.pinimg.com/236x/e7/fa/86/e7fa8622724c4d61c72de955d0b81387.jpg was preloaded using link preload but not used within a few seconds from the window's load event. Please make sure it has an appropriate `as` value and it is preloaded intentionally. @ https://kr.pinterest.com/:0
[  205465ms] [WARNING] The resource https://i.pinimg.com/474x/34/e2/7e/34e27efc47591946303d5600c0a9ec81.jpg was preloaded using link preload but not used within a few seconds from the window's load event. Please make sure it has an appropriate `as` value and it is preloaded intentionally. @ https://kr.pinterest.com/:0
[  205465ms] [WARNING] The resource https://i.pinimg.com/236x/43/1a/95/431a956c16e8d8d00a682d1c6d03a8fb.jpg was preloaded using link preload but not used within a few seconds from the window's load event. Please make sure it has an appropriate `as` value and it is preloaded intentionally. @ https://kr.pinterest.com/:0
[  205465ms] [WARNING] The resource https://i.pinimg.com/236x/1d/a4/2a/1da42afb423ee13fca6bf6c7bd68fd15.jpg was preloaded using link preload but not used within a few seconds from the window's load event. Please make sure it has an appropriate `as` value and it is preloaded intentionally. @ https://kr.pinterest.com/:0
[  205465ms] [WARNING] The resource https://i.pinimg.com/474x/14/50/c2/1450c286972ab72ee8ec801322ed7cbc.jpg was preloaded using link preload but not used within a few seconds from the window's load event. Please make sure it has an appropriate `as` value and it is preloaded intentionally. @ https://kr.pinterest.com/:0
[  205465ms] [WARNING] The resource https://i.pinimg.com/236x/92/ff/47/92ff47314e39dbc44b3dba7ddaae37de.jpg was preloaded using link preload but not used within a few seconds from the window's load event. Please make sure it has an appropriate `as` value and it is preloaded intentionally. @ https://kr.pinterest.com/:0
[  205465ms] [WARNING] The resource https://i.pinimg.com/474x/bb/e2/81/bbe28166deb75208b9193d1d89315eb3.jpg was preloaded using link preload but not used within a few seconds from the window's load event. Please make sure it has an appropriate `as` value and it is preloaded intentionally. @ https://kr.pinterest.com/:0
[  205465ms] [WARNING] The resource https://i.pinimg.com/474x/6a/d8/53/6ad8539c3a739a4b8e2d84bd290d3b79.jpg was preloaded using link preload but not used within a few seconds from the window's load event. Please make sure it has an appropriate `as` value and it is preloaded intentionally. @ https://kr.pinterest.com/:0
[  210280ms] [WARNING] The resource https://i.pinimg.com/236x/ee/23/2d/ee232db5d385af190427b563b499d380.jpg was preloaded using link preload but not used within a few seconds from the window's load event. Please make sure it has an appropriate `as` value and it is preloaded intentionally. @ https://kr.pinterest.com/:0
[  210280ms] [WARNING] The resource https://i.pinimg.com/474x/50/a4/08/50a408dd6a66974273728a70f78b5402.jpg was preloaded using link preload but not used within a few seconds from the window's load event. Please make sure it has an appropriate `as` value and it is preloaded intentionally. @ https://kr.pinterest.com/:0
[  210280ms] [WARNING] The resource https://i.pinimg.com/474x/9e/e0/6d/9ee06de8b44e9f7820eeda35de166e43.jpg was preloaded using link preload but not used within a few seconds from the window's load event. Please make sure it has an appropriate `as` value and it is preloaded intentionally. @ https://kr.pinterest.com/:0
[  210280ms] [WARNING] The resource https://i.pinimg.com/236x/2e/da/c6/2edac682cc0711795e91e381ded479f5.jpg was preloaded using link preload but not used within a few seconds from the window's load event. Please make sure it has an appropriate `as` value and it is preloaded intentionally. @ https://kr.pinterest.com/:0
[  210280ms] [WARNING] The resource https://i.pinimg.com/474x/00/b9/80/00b980476ea605ecfb1300a5e1f59e70.jpg was preloaded using link preload but not used within a few seconds from the window's load event. Please make sure it has an appropriate `as` value and it is preloaded intentionally. @ https://kr.pinterest.com/:0
[  210280ms] [WARNING] The resource https://i.pinimg.com/236x/07/94/67/07946780dde0f2e40c986b86ca2cc653.jpg was preloaded using link preload but not used within a few seconds from the window's load event. Please make sure it has an appropriate `as` value and it is preloaded intentionally. @ https://kr.pinterest.com/:0
[  210280ms] [WARNING] The resource https://i.pinimg.com/474x/a7/19/93/a719935209be09c74e38aa6e755515d1.jpg was preloaded using link preload but not used within a few seconds from the window's load event. Please make sure it has an appropriate `as` value and it is preloaded intentionally. @ https://kr.pinterest.com/:0
[  210280ms] [WARNING] The resource https://i.pinimg.com/474x/70/da/a7/70daa7903f383805ce9fd1d810d5231d.jpg was preloaded using link preload but not used within a few seconds from the window's load event. Please make sure it has an appropriate `as` value and it is preloaded intentionally. @ https://kr.pinterest.com/:0
[  210280ms] [WARNING] The resource https://i.pinimg.com/474x/89/b7/db/89b7dbba7bdf2c434cff4e261dd4b39d.jpg was preloaded using link preload but not used within a few seconds from the window's load event. Please make sure it has an appropriate `as` value and it is preloaded intentionally. @ https://kr.pinterest.com/:0
[  210280ms] [WARNING] The resource https://i.pinimg.com/236x/d6/15/eb/d615eb5ecd00f142bea8d700933e602a.jpg was preloaded using link preload but not used within a few seconds from the window's load event. Please make sure it has an appropriate `as` value and it is preloaded intentionally. @ https://kr.pinterest.com/:0
[  210280ms] [WARNING] The resource https://i.pinimg.com/236x/a5/1c/02/a51c02183396a35e73c91a8f51b1a132.jpg was preloaded using link preload but not used within a few seconds from the window's load event. Please make sure it has an appropriate `as` value and it is preloaded intentionally. @ https://kr.pinterest.com/:0
[  210280ms] [WARNING] The resource https://i.pinimg.com/236x/7f/c0/a7/7fc0a74c8f01257729566e5c524494d9.jpg was preloaded using link preload but not used within a few seconds from the window's load event. Please make sure it has an appropriate `as` value and it is preloaded intentionally. @ https://kr.pinterest.com/:0
[  210280ms] [WARNING] The resource https://i.pinimg.com/236x/25/4d/a1/254da18932097a43457d83bee029c2aa.jpg was preloaded using link preload but not used within a few seconds from the window's load event. Please make sure it has an appropriate `as` value and it is preloaded intentionally. @ https://kr.pinterest.com/:0
[  210280ms] [WARNING] The resource https://i.pinimg.com/236x/1b/7b/3b/1b7b3b9367976c2595bbd3d9bb4ee49d.jpg was preloaded using link preload but not used within a few seconds from the window's load event. Please make sure it has an appropriate `as` value and it is preloaded intentionally. @ https://kr.pinterest.com/:0
[  210280ms] [WARNING] The resource https://i.pinimg.com/474x/b6/d8/d8/b6d8d8b6f5148aeaf03da762c5153a8b.jpg was preloaded using link preload but not used within a few seconds from the window's load event. Please make sure it has an appropriate `as` value and it is preloaded intentionally. @ https://kr.pinterest.com/:0
[  210280ms] [WARNING] The resource https://i.pinimg.com/236x/0b/5c/97/0b5c973c59c28160bdb25d92f0544d33.jpg was preloaded using link preload but not used within a few seconds from the window's load event. Please make sure it has an appropriate `as` value and it is preloaded intentionally. @ https://kr.pinterest.com/:0
[  210281ms] [WARNING] The resource https://i.pinimg.com/236x/66/04/78/6604787a6521e8cee548eb6008f7a7ec.jpg was preloaded using link preload but not used within a few seconds from the window's load event. Please make sure it has an appropriate `as` value and it is preloaded intentionally. @ https://kr.pinterest.com/:0
[  210281ms] [WARNING] The resource https://i.pinimg.com/236x/ad/72/bf/ad72bffd03a1ad97775e4f8e8a08878c.jpg was preloaded using link preload but not used within a few seconds from the window's load event. Please make sure it has an appropriate `as` value and it is preloaded intentionally. @ https://kr.pinterest.com/:0
[  210281ms] [WARNING] The resource https://i.pinimg.com/236x/34/86/19/348619194f8731ee85bd70dbbafd0aa0.jpg was preloaded using link preload but not used within a few seconds from the window's load event. Please make sure it has an appropriate `as` value and it is preloaded intentionally. @ https://kr.pinterest.com/:0
[  210281ms] [WARNING] The resource https://i.pinimg.com/236x/96/86/8d/96868d31beb53576ff7df531ebaced18.jpg was preloaded using link preload but not used within a few seconds from the window's load event. Please make sure it has an appropriate `as` value and it is preloaded intentionally. @ https://kr.pinterest.com/:0
[  210281ms] [WARNING] The resource https://i.pinimg.com/474x/c0/b1/d8/c0b1d800bfbb4ae0ffea1e0669f2af14.jpg was preloaded using link preload but not used within a few seconds from the window's load event. Please make sure it has an appropriate `as` value and it is preloaded intentionally. @ https://kr.pinterest.com/:0
[  210281ms] [WARNING] The resource https://i.pinimg.com/236x/e6/c1/28/e6c128b58c4d24dda919fc0696a04e77.jpg was preloaded using link preload but not used within a few seconds from the window's load event. Please make sure it has an appropriate `as` value and it is preloaded intentionally. @ https://kr.pinterest.com/:0
[  210281ms] [WARNING] The resource https://i.pinimg.com/236x/01/86/b2/0186b2a08e4649069418921886abd622.jpg was preloaded using link preload but not used within a few seconds from the window's load event. Please make sure it has an appropriate `as` value and it is preloaded intentionally. @ https://kr.pinterest.com/:0
[  210281ms] [WARNING] The resource https://i.pinimg.com/236x/d4/e6/52/d4e652fa0e444c5585f2f0405d54c792.jpg was preloaded using link preload but not used within a few seconds from the window's load event. Please make sure it has an appropriate `as` value and it is preloaded intentionally. @ https://kr.pinterest.com/:0
[  210281ms] [WARNING] The resource https://i.pinimg.com/236x/3c/08/5f/3c085f5cd62821b6e3c7c34228180734.jpg was preloaded using link preload but not used within a few seconds from the window's load event. Please make sure it has an appropriate `as` value and it is preloaded intentionally. @ https://kr.pinterest.com/:0
[  210281ms] [WARNING] The resource https://i.pinimg.com/474x/85/7f/dd/857fdd2df62b1327ae9ed30a6ef60c49.jpg was preloaded using link preload but not used within a few seconds from the window's load event. Please make sure it has an appropriate `as` value and it is preloaded intentionally. @ https://kr.pinterest.com/:0
[  210281ms] [WARNING] The resource https://i.pinimg.com/474x/1b/7c/80/1b7c805d1bae9e4302742aef6afe4fee.jpg was preloaded using link preload but not used within a few seconds from the window's load event. Please make sure it has an appropriate `as` value and it is preloaded intentionally. @ https://kr.pinterest.com/:0
[  210281ms] [WARNING] The resource https://i.pinimg.com/236x/09/bd/f0/09bdf0d1036da833d4946112413e2d81.jpg was preloaded using link preload but not used within a few seconds from the window's load event. Please make sure it has an appropriate `as` value and it is preloaded intentionally. @ https://kr.pinterest.com/:0
[  210281ms] [WARNING] The resource https://i.pinimg.com/474x/09/81/ea/0981ea7dc74e0daf206ce8f504e661e0.jpg was preloaded using link preload but not used within a few seconds from the window's load event. Please make sure it has an appropriate `as` value and it is preloaded intentionally. @ https://kr.pinterest.com/:0
[  210281ms] [WARNING] The resource https://i.pinimg.com/474x/0f/69/b2/0f69b2aa87f46a1bd4dd9757f586d62b.jpg was preloaded using link preload but not used within a few seconds from the window's load event. Please make sure it has an appropriate `as` value and it is preloaded intentionally. @ https://kr.pinterest.com/:0
[  210281ms] [WARNING] The resource https://i.pinimg.com/474x/25/b0/4d/25b04d11417944c80ea1a9e48d26e0b7.jpg was preloaded using link preload but not used within a few seconds from the window's load event. Please make sure it has an appropriate `as` value and it is preloaded intentionally. @ https://kr.pinterest.com/:0
[  210281ms] [WARNING] The resource https://i.pinimg.com/236x/83/21/de/8321de1cfbb7a481c3c5a9c4081bb93b.jpg was preloaded using link preload but not used within a few seconds from the window's load event. Please make sure it has an appropriate `as` value and it is preloaded intentionally. @ https://kr.pinterest.com/:0
[  210281ms] [WARNING] The resource https://i.pinimg.com/236x/2b/21/12/2b21129bed9ffcf273ac8ce44ae353b5.jpg was preloaded using link preload but not used within a few seconds from the window's load event. Please make sure it has an appropriate `as` value and it is preloaded intentionally. @ https://kr.pinterest.com/:0
[  210281ms] [WARNING] The resource https://i.pinimg.com/236x/27/8d/5a/278d5aa26c03cd1df82cd7309f08a631.jpg was preloaded using link preload but not used within a few seconds from the window's load event. Please make sure it has an appropriate `as` value and it is preloaded intentionally. @ https://kr.pinterest.com/:0
[  210281ms] [WARNING] The resource https://i.pinimg.com/236x/08/f0/5a/08f05af36f156e71e8ae321a11100764.jpg was preloaded using link preload but not used within a few seconds from the window's load event. Please make sure it has an appropriate `as` value and it is preloaded intentionally. @ https://kr.pinterest.com/:0
[  210281ms] [WARNING] The resource https://i.pinimg.com/236x/28/c8/75/28c87527c5bd7236a22e720fb2d44d45.jpg was preloaded using link preload but not used within a few seconds from the window's load event. Please make sure it has an appropriate `as` value and it is preloaded intentionally. @ https://kr.pinterest.com/:0
[  210281ms] [WARNING] The resource https://i.pinimg.com/236x/9e/87/69/9e8769c56f1c6aba3b8c3114c7cbff70.jpg was preloaded using link preload but not used within a few seconds from the window's load event. Please make sure it has an appropriate `as` value and it is preloaded intentionally. @ https://kr.pinterest.com/:0
[  210281ms] [WARNING] The resource https://i.pinimg.com/236x/e7/fa/86/e7fa8622724c4d61c72de955d0b81387.jpg was preloaded using link preload but not used within a few seconds from the window's load event. Please make sure it has an appropriate `as` value and it is preloaded intentionally. @ https://kr.pinterest.com/:0
[  210281ms] [WARNING] The resource https://i.pinimg.com/474x/34/e2/7e/34e27efc47591946303d5600c0a9ec81.jpg was preloaded using link preload but not used within a few seconds from the window's load event. Please make sure it has an appropriate `as` value and it is preloaded intentionally. @ https://kr.pinterest.com/:0
[  210281ms] [WARNING] The resource https://i.pinimg.com/236x/43/1a/95/431a956c16e8d8d00a682d1c6d03a8fb.jpg was preloaded using link preload but not used within a few seconds from the window's load event. Please make sure it has an appropriate `as` value and it is preloaded intentionally. @ https://kr.pinterest.com/:0
[  210281ms] [WARNING] The resource https://i.pinimg.com/236x/1d/a4/2a/1da42afb423ee13fca6bf6c7bd68fd15.jpg was preloaded using link preload but not used within a few seconds from the window's load event. Please make sure it has an appropriate `as` value and it is preloaded intentionally. @ https://kr.pinterest.com/:0
[  210281ms] [WARNING] The resource https://i.pinimg.com/474x/14/50/c2/1450c286972ab72ee8ec801322ed7cbc.jpg was preloaded using link preload but not used within a few seconds from the window's load event. Please make sure it has an appropriate `as` value and it is preloaded intentionally. @ https://kr.pinterest.com/:0
[  210281ms] [WARNING] The resource https://i.pinimg.com/236x/92/ff/47/92ff47314e39dbc44b3dba7ddaae37de.jpg was preloaded using link preload but not used within a few seconds from the window's load event. Please make sure it has an appropriate `as` value and it is preloaded intentionally. @ https://kr.pinterest.com/:0
[  210281ms] [WARNING] The resource https://i.pinimg.com/474x/bb/e2/81/bbe28166deb75208b9193d1d89315eb3.jpg was preloaded using link preload but not used within a few seconds from the window's load event. Please make sure it has an appropriate `as` value and it is preloaded intentionally. @ https://kr.pinterest.com/:0
[  210281ms] [WARNING] The resource https://i.pinimg.com/474x/6a/d8/53/6ad8539c3a739a4b8e2d84bd290d3b79.jpg was preloaded using link preload but not used within a few seconds from the window's load event. Please make sure it has an appropriate `as` value and it is preloaded intentionally. @ https://kr.pinterest.com/:0
[  215548ms] [WARNING] The resource https://i.pinimg.com/236x/ee/23/2d/ee232db5d385af190427b563b499d380.jpg was preloaded using link preload but not used within a few seconds from the window's load event. Please make sure it has an appropriate `as` value and it is preloaded intentionally. @ https://kr.pinterest.com/:0
[  215548ms] [WARNING] The resource https://i.pinimg.com/474x/50/a4/08/50a408dd6a66974273728a70f78b5402.jpg was preloaded using link preload but not used within a few seconds from the window's load event. Please make sure it has an appropriate `as` value and it is preloaded intentionally. @ https://kr.pinterest.com/:0
[  215548ms] [WARNING] The resource https://i.pinimg.com/474x/9e/e0/6d/9ee06de8b44e9f7820eeda35de166e43.jpg was preloaded using link preload but not used within a few seconds from the window's load event. Please make sure it has an appropriate `as` value and it is preloaded intentionally. @ https://kr.pinterest.com/:0
[  215548ms] [WARNING] The resource https://i.pinimg.com/236x/2e/da/c6/2edac682cc0711795e91e381ded479f5.jpg was preloaded using link preload but not used within a few seconds from the window's load event. Please make sure it has an appropriate `as` value and it is preloaded intentionally. @ https://kr.pinterest.com/:0
[  215548ms] [WARNING] The resource https://i.pinimg.com/474x/00/b9/80/00b980476ea605ecfb1300a5e1f59e70.jpg was preloaded using link preload but not used within a few seconds from the window's load event. Please make sure it has an appropriate `as` value and it is preloaded intentionally. @ https://kr.pinterest.com/:0
[  215548ms] [WARNING] The resource https://i.pinimg.com/236x/07/94/67/07946780dde0f2e40c986b86ca2cc653.jpg was preloaded using link preload but not used within a few seconds from the window's load event. Please make sure it has an appropriate `as` value and it is preloaded intentionally. @ https://kr.pinterest.com/:0
[  215548ms] [WARNING] The resource https://i.pinimg.com/474x/a7/19/93/a719935209be09c74e38aa6e755515d1.jpg was preloaded using link preload but not used within a few seconds from the window's load event. Please make sure it has an appropriate `as` value and it is preloaded intentionally. @ https://kr.pinterest.com/:0
[  215548ms] [WARNING] The resource https://i.pinimg.com/474x/70/da/a7/70daa7903f383805ce9fd1d810d5231d.jpg was preloaded using link preload but not used within a few seconds from the window's load event. Please make sure it has an appropriate `as` value and it is preloaded intentionally. @ https://kr.pinterest.com/:0
[  215548ms] [WARNING] The resource https://i.pinimg.com/474x/89/b7/db/89b7dbba7bdf2c434cff4e261dd4b39d.jpg was preloaded using link preload but not used within a few seconds from the window's load event. Please make sure it has an appropriate `as` value and it is preloaded intentionally. @ https://kr.pinterest.com/:0
[  215548ms] [WARNING] The resource https://i.pinimg.com/236x/d6/15/eb/d615eb5ecd00f142bea8d700933e602a.jpg was preloaded using link preload but not used within a few seconds from the window's load event. Please make sure it has an appropriate `as` value and it is preloaded intentionally. @ https://kr.pinterest.com/:0
[  215548ms] [WARNING] The resource https://i.pinimg.com/236x/a5/1c/02/a51c02183396a35e73c91a8f51b1a132.jpg was preloaded using link preload but not used within a few seconds from the window's load event. Please make sure it has an appropriate `as` value and it is preloaded intentionally. @ https://kr.pinterest.com/:0
[  215548ms] [WARNING] The resource https://i.pinimg.com/236x/7f/c0/a7/7fc0a74c8f01257729566e5c524494d9.jpg was preloaded using link preload but not used within a few seconds from the window's load event. Please make sure it has an appropriate `as` value and it is preloaded intentionally. @ https://kr.pinterest.com/:0
[  215548ms] [WARNING] The resource https://i.pinimg.com/236x/25/4d/a1/254da18932097a43457d83bee029c2aa.jpg was preloaded using link preload but not used within a few seconds from the window's load event. Please make sure it has an appropriate `as` value and it is preloaded intentionally. @ https://kr.pinterest.com/:0
[  215548ms] [WARNING] The resource https://i.pinimg.com/236x/1b/7b/3b/1b7b3b9367976c2595bbd3d9bb4ee49d.jpg was preloaded using link preload but not used within a few seconds from the window's load event. Please make sure it has an appropriate `as` value and it is preloaded intentionally. @ https://kr.pinterest.com/:0
[  215548ms] [WARNING] The resource https://i.pinimg.com/474x/b6/d8/d8/b6d8d8b6f5148aeaf03da762c5153a8b.jpg was preloaded using link preload but not used within a few seconds from the window's load event. Please make sure it has an appropriate `as` value and it is preloaded intentionally. @ https://kr.pinterest.com/:0
[  215548ms] [WARNING] The resource https://i.pinimg.com/236x/0b/5c/97/0b5c973c59c28160bdb25d92f0544d33.jpg was preloaded using link preload but not used within a few seconds from the window's load event. Please make sure it has an appropriate `as` value and it is preloaded intentionally. @ https://kr.pinterest.com/:0
[  215548ms] [WARNING] The resource https://i.pinimg.com/236x/66/04/78/6604787a6521e8cee548eb6008f7a7ec.jpg was preloaded using link preload but not used within a few seconds from the window's load event. Please make sure it has an appropriate `as` value and it is preloaded intentionally. @ https://kr.pinterest.com/:0
[  215548ms] [WARNING] The resource https://i.pinimg.com/236x/ad/72/bf/ad72bffd03a1ad97775e4f8e8a08878c.jpg was preloaded using link preload but not used within a few seconds from the window's load event. Please make sure it has an appropriate `as` value and it is preloaded intentionally. @ https://kr.pinterest.com/:0
[  215548ms] [WARNING] The resource https://i.pinimg.com/236x/34/86/19/348619194f8731ee85bd70dbbafd0aa0.jpg was preloaded using link preload but not used within a few seconds from the window's load event. Please make sure it has an appropriate `as` value and it is preloaded intentionally. @ https://kr.pinterest.com/:0
[  215548ms] [WARNING] The resource https://i.pinimg.com/236x/96/86/8d/96868d31beb53576ff7df531ebaced18.jpg was preloaded using link preload but not used within a few seconds from the window's load event. Please make sure it has an appropriate `as` value and it is preloaded intentionally. @ https://kr.pinterest.com/:0
[  215548ms] [WARNING] The resource https://i.pinimg.com/474x/c0/b1/d8/c0b1d800bfbb4ae0ffea1e0669f2af14.jpg was preloaded using link preload but not used within a few seconds from the window's load event. Please make sure it has an appropriate `as` value and it is preloaded intentionally. @ https://kr.pinterest.com/:0
[  215548ms] [WARNING] The resource https://i.pinimg.com/236x/e6/c1/28/e6c128b58c4d24dda919fc0696a04e77.jpg was preloaded using link preload but not used within a few seconds from the window's load event. Please make sure it has an appropriate `as` value and it is preloaded intentionally. @ https://kr.pinterest.com/:0
[  215548ms] [WARNING] The resource https://i.pinimg.com/236x/01/86/b2/0186b2a08e4649069418921886abd622.jpg was preloaded using link preload but not used within a few seconds from the window's load event. Please make sure it has an appropriate `as` value and it is preloaded intentionally. @ https://kr.pinterest.com/:0
[  215548ms] [WARNING] The resource https://i.pinimg.com/236x/d4/e6/52/d4e652fa0e444c5585f2f0405d54c792.jpg was preloaded using link preload but not used within a few seconds from the window's load event. Please make sure it has an appropriate `as` value and it is preloaded intentionally. @ https://kr.pinterest.com/:0
[  215548ms] [WARNING] The resource https://i.pinimg.com/236x/3c/08/5f/3c085f5cd62821b6e3c7c34228180734.jpg was preloaded using link preload but not used within a few seconds from the window's load event. Please make sure it has an appropriate `as` value and it is preloaded intentionally. @ https://kr.pinterest.com/:0
[  215548ms] [WARNING] The resource https://i.pinimg.com/474x/85/7f/dd/857fdd2df62b1327ae9ed30a6ef60c49.jpg was preloaded using link preload but not used within a few seconds from the window's load event. Please make sure it has an appropriate `as` value and it is preloaded intentionally. @ https://kr.pinterest.com/:0
[  215548ms] [WARNING] The resource https://i.pinimg.com/474x/1b/7c/80/1b7c805d1bae9e4302742aef6afe4fee.jpg was preloaded using link preload but not used within a few seconds from the window's load event. Please make sure it has an appropriate `as` value and it is preloaded intentionally. @ https://kr.pinterest.com/:0
[  215548ms] [WARNING] The resource https://i.pinimg.com/236x/09/bd/f0/09bdf0d1036da833d4946112413e2d81.jpg was preloaded using link preload but not used within a few seconds from the window's load event. Please make sure it has an appropriate `as` value and it is preloaded intentionally. @ https://kr.pinterest.com/:0
[  215548ms] [WARNING] The resource https://i.pinimg.com/474x/09/81/ea/0981ea7dc74e0daf206ce8f504e661e0.jpg was preloaded using link preload but not used within a few seconds from the window's load event. Please make sure it has an appropriate `as` value and it is preloaded intentionally. @ https://kr.pinterest.com/:0
[  215548ms] [WARNING] The resource https://i.pinimg.com/474x/0f/69/b2/0f69b2aa87f46a1bd4dd9757f586d62b.jpg was preloaded using link preload but not used within a few seconds from the window's load event. Please make sure it has an appropriate `as` value and it is preloaded intentionally. @ https://kr.pinterest.com/:0
[  215548ms] [WARNING] The resource https://i.pinimg.com/474x/25/b0/4d/25b04d11417944c80ea1a9e48d26e0b7.jpg was preloaded using link preload but not used within a few seconds from the window's load event. Please make sure it has an appropriate `as` value and it is preloaded intentionally. @ https://kr.pinterest.com/:0
[  215548ms] [WARNING] The resource https://i.pinimg.com/236x/83/21/de/8321de1cfbb7a481c3c5a9c4081bb93b.jpg was preloaded using link preload but not used within a few seconds from the window's load event. Please make sure it has an appropriate `as` value and it is preloaded intentionally. @ https://kr.pinterest.com/:0
[  215548ms] [WARNING] The resource https://i.pinimg.com/236x/2b/21/12/2b21129bed9ffcf273ac8ce44ae353b5.jpg was preloaded using link preload but not used within a few seconds from the window's load event. Please make sure it has an appropriate `as` value and it is preloaded intentionally. @ https://kr.pinterest.com/:0
[  215548ms] [WARNING] The resource https://i.pinimg.com/236x/27/8d/5a/278d5aa26c03cd1df82cd7309f08a631.jpg was preloaded using link preload but not used within a few seconds from the window's load event. Please make sure it has an appropriate `as` value and it is preloaded intentionally. @ https://kr.pinterest.com/:0
[  215548ms] [WARNING] The resource https://i.pinimg.com/236x/08/f0/5a/08f05af36f156e71e8ae321a11100764.jpg was preloaded using link preload but not used within a few seconds from the window's load event. Please make sure it has an appropriate `as` value and it is preloaded intentionally. @ https://kr.pinterest.com/:0
[  215548ms] [WARNING] The resource https://i.pinimg.com/236x/28/c8/75/28c87527c5bd7236a22e720fb2d44d45.jpg was preloaded using link preload but not used within a few seconds from the window's load event. Please make sure it has an appropriate `as` value and it is preloaded intentionally. @ https://kr.pinterest.com/:0
[  215548ms] [WARNING] The resource https://i.pinimg.com/236x/9e/87/69/9e8769c56f1c6aba3b8c3114c7cbff70.jpg was preloaded using link preload but not used within a few seconds from the window's load event. Please make sure it has an appropriate `as` value and it is preloaded intentionally. @ https://kr.pinterest.com/:0
[  215548ms] [WARNING] The resource https://i.pinimg.com/236x/e7/fa/86/e7fa8622724c4d61c72de955d0b81387.jpg was preloaded using link preload but not used within a few seconds from the window's load event. Please make sure it has an appropriate `as` value and it is preloaded intentionally. @ https://kr.pinterest.com/:0
[  215548ms] [WARNING] The resource https://i.pinimg.com/474x/34/e2/7e/34e27efc47591946303d5600c0a9ec81.jpg was preloaded using link preload but not used within a few seconds from the window's load event. Please make sure it has an appropriate `as` value and it is preloaded intentionally. @ https://kr.pinterest.com/:0
[  215548ms] [WARNING] The resource https://i.pinimg.com/236x/43/1a/95/431a956c16e8d8d00a682d1c6d03a8fb.jpg was preloaded using link preload but not used within a few seconds from the window's load event. Please make sure it has an appropriate `as` value and it is preloaded intentionally. @ https://kr.pinterest.com/:0
[  215548ms] [WARNING] The resource https://i.pinimg.com/236x/1d/a4/2a/1da42afb423ee13fca6bf6c7bd68fd15.jpg was preloaded using link preload but not used within a few seconds from the window's load event. Please make sure it has an appropriate `as` value and it is preloaded intentionally. @ https://kr.pinterest.com/:0
[  215548ms] [WARNING] The resource https://i.pinimg.com/474x/14/50/c2/1450c286972ab72ee8ec801322ed7cbc.jpg was preloaded using link preload but not used within a few seconds from the window's load event. Please make sure it has an appropriate `as` value and it is preloaded intentionally. @ https://kr.pinterest.com/:0
[  215548ms] [WARNING] The resource https://i.pinimg.com/236x/92/ff/47/92ff47314e39dbc44b3dba7ddaae37de.jpg was preloaded using link preload but not used within a few seconds from the window's load event. Please make sure it has an appropriate `as` value and it is preloaded intentionally. @ https://kr.pinterest.com/:0
[  215548ms] [WARNING] The resource https://i.pinimg.com/474x/bb/e2/81/bbe28166deb75208b9193d1d89315eb3.jpg was preloaded using link preload but not used within a few seconds from the window's load event. Please make sure it has an appropriate `as` value and it is preloaded intentionally. @ https://kr.pinterest.com/:0
[  215548ms] [WARNING] The resource https://i.pinimg.com/474x/6a/d8/53/6ad8539c3a739a4b8e2d84bd290d3b79.jpg was preloaded using link preload but not used within a few seconds from the window's load event. Please make sure it has an appropriate `as` value and it is preloaded intentionally. @ https://kr.pinterest.com/:0
[  220326ms] [WARNING] The resource https://i.pinimg.com/236x/ee/23/2d/ee232db5d385af190427b563b499d380.jpg was preloaded using link preload but not used within a few seconds from the window's load event. Please make sure it has an appropriate `as` value and it is preloaded intentionally. @ https://kr.pinterest.com/:0
[  220326ms] [WARNING] The resource https://i.pinimg.com/474x/50/a4/08/50a408dd6a66974273728a70f78b5402.jpg was preloaded using link preload but not used within a few seconds from the window's load event. Please make sure it has an appropriate `as` value and it is preloaded intentionally. @ https://kr.pinterest.com/:0
[  220326ms] [WARNING] The resource https://i.pinimg.com/474x/9e/e0/6d/9ee06de8b44e9f7820eeda35de166e43.jpg was preloaded using link preload but not used within a few seconds from the window's load event. Please make sure it has an appropriate `as` value and it is preloaded intentionally. @ https://kr.pinterest.com/:0
[  220326ms] [WARNING] The resource https://i.pinimg.com/236x/2e/da/c6/2edac682cc0711795e91e381ded479f5.jpg was preloaded using link preload but not used within a few seconds from the window's load event. Please make sure it has an appropriate `as` value and it is preloaded intentionally. @ https://kr.pinterest.com/:0
[  220326ms] [WARNING] The resource https://i.pinimg.com/474x/00/b9/80/00b980476ea605ecfb1300a5e1f59e70.jpg was preloaded using link preload but not used within a few seconds from the window's load event. Please make sure it has an appropriate `as` value and it is preloaded intentionally. @ https://kr.pinterest.com/:0
[  220326ms] [WARNING] The resource https://i.pinimg.com/236x/07/94/67/07946780dde0f2e40c986b86ca2cc653.jpg was preloaded using link preload but not used within a few seconds from the window's load event. Please make sure it has an appropriate `as` value and it is preloaded intentionally. @ https://kr.pinterest.com/:0
[  220326ms] [WARNING] The resource https://i.pinimg.com/474x/a7/19/93/a719935209be09c74e38aa6e755515d1.jpg was preloaded using link preload but not used within a few seconds from the window's load event. Please make sure it has an appropriate `as` value and it is preloaded intentionally. @ https://kr.pinterest.com/:0
[  220326ms] [WARNING] The resource https://i.pinimg.com/474x/70/da/a7/70daa7903f383805ce9fd1d810d5231d.jpg was preloaded using link preload but not used within a few seconds from the window's load event. Please make sure it has an appropriate `as` value and it is preloaded intentionally. @ https://kr.pinterest.com/:0
[  220326ms] [WARNING] The resource https://i.pinimg.com/474x/89/b7/db/89b7dbba7bdf2c434cff4e261dd4b39d.jpg was preloaded using link preload but not used within a few seconds from the window's load event. Please make sure it has an appropriate `as` value and it is preloaded intentionally. @ https://kr.pinterest.com/:0
[  220326ms] [WARNING] The resource https://i.pinimg.com/236x/d6/15/eb/d615eb5ecd00f142bea8d700933e602a.jpg was preloaded using link preload but not used within a few seconds from the window's load event. Please make sure it has an appropriate `as` value and it is preloaded intentionally. @ https://kr.pinterest.com/:0
[  220326ms] [WARNING] The resource https://i.pinimg.com/236x/a5/1c/02/a51c02183396a35e73c91a8f51b1a132.jpg was preloaded using link preload but not used within a few seconds from the window's load event. Please make sure it has an appropriate `as` value and it is preloaded intentionally. @ https://kr.pinterest.com/:0
[  220326ms] [WARNING] The resource https://i.pinimg.com/236x/7f/c0/a7/7fc0a74c8f01257729566e5c524494d9.jpg was preloaded using link preload but not used within a few seconds from the window's load event. Please make sure it has an appropriate `as` value and it is preloaded intentionally. @ https://kr.pinterest.com/:0
[  220326ms] [WARNING] The resource https://i.pinimg.com/236x/25/4d/a1/254da18932097a43457d83bee029c2aa.jpg was preloaded using link preload but not used within a few seconds from the window's load event. Please make sure it has an appropriate `as` value and it is preloaded intentionally. @ https://kr.pinterest.com/:0
[  220326ms] [WARNING] The resource https://i.pinimg.com/236x/1b/7b/3b/1b7b3b9367976c2595bbd3d9bb4ee49d.jpg was preloaded using link preload but not used within a few seconds from the window's load event. Please make sure it has an appropriate `as` value and it is preloaded intentionally. @ https://kr.pinterest.com/:0
[  220326ms] [WARNING] The resource https://i.pinimg.com/474x/b6/d8/d8/b6d8d8b6f5148aeaf03da762c5153a8b.jpg was preloaded using link preload but not used within a few seconds from the window's load event. Please make sure it has an appropriate `as` value and it is preloaded intentionally. @ https://kr.pinterest.com/:0
[  220326ms] [WARNING] The resource https://i.pinimg.com/236x/0b/5c/97/0b5c973c59c28160bdb25d92f0544d33.jpg was preloaded using link preload but not used within a few seconds from the window's load event. Please make sure it has an appropriate `as` value and it is preloaded intentionally. @ https://kr.pinterest.com/:0
[  220326ms] [WARNING] The resource https://i.pinimg.com/236x/66/04/78/6604787a6521e8cee548eb6008f7a7ec.jpg was preloaded using link preload but not used within a few seconds from the window's load event. Please make sure it has an appropriate `as` value and it is preloaded intentionally. @ https://kr.pinterest.com/:0
[  220326ms] [WARNING] The resource https://i.pinimg.com/236x/ad/72/bf/ad72bffd03a1ad97775e4f8e8a08878c.jpg was preloaded using link preload but not used within a few seconds from the window's load event. Please make sure it has an appropriate `as` value and it is preloaded intentionally. @ https://kr.pinterest.com/:0
[  220326ms] [WARNING] The resource https://i.pinimg.com/236x/34/86/19/348619194f8731ee85bd70dbbafd0aa0.jpg was preloaded using link preload but not used within a few seconds from the window's load event. Please make sure it has an appropriate `as` value and it is preloaded intentionally. @ https://kr.pinterest.com/:0
[  220326ms] [WARNING] The resource https://i.pinimg.com/236x/96/86/8d/96868d31beb53576ff7df531ebaced18.jpg was preloaded using link preload but not used within a few seconds from the window's load event. Please make sure it has an appropriate `as` value and it is preloaded intentionally. @ https://kr.pinterest.com/:0
[  220326ms] [WARNING] The resource https://i.pinimg.com/474x/c0/b1/d8/c0b1d800bfbb4ae0ffea1e0669f2af14.jpg was preloaded using link preload but not used within a few seconds from the window's load event. Please make sure it has an appropriate `as` value and it is preloaded intentionally. @ https://kr.pinterest.com/:0
[  220326ms] [WARNING] The resource https://i.pinimg.com/236x/e6/c1/28/e6c128b58c4d24dda919fc0696a04e77.jpg was preloaded using link preload but not used within a few seconds from the window's load event. Please make sure it has an appropriate `as` value and it is preloaded intentionally. @ https://kr.pinterest.com/:0
[  220326ms] [WARNING] The resource https://i.pinimg.com/236x/01/86/b2/0186b2a08e4649069418921886abd622.jpg was preloaded using link preload but not used within a few seconds from the window's load event. Please make sure it has an appropriate `as` value and it is preloaded intentionally. @ https://kr.pinterest.com/:0
[  220326ms] [WARNING] The resource https://i.pinimg.com/236x/d4/e6/52/d4e652fa0e444c5585f2f0405d54c792.jpg was preloaded using link preload but not used within a few seconds from the window's load event. Please make sure it has an appropriate `as` value and it is preloaded intentionally. @ https://kr.pinterest.com/:0
[  220326ms] [WARNING] The resource https://i.pinimg.com/236x/3c/08/5f/3c085f5cd62821b6e3c7c34228180734.jpg was preloaded using link preload but not used within a few seconds from the window's load event. Please make sure it has an appropriate `as` value and it is preloaded intentionally. @ https://kr.pinterest.com/:0
[  220326ms] [WARNING] The resource https://i.pinimg.com/474x/85/7f/dd/857fdd2df62b1327ae9ed30a6ef60c49.jpg was preloaded using link preload but not used within a few seconds from the window's load event. Please make sure it has an appropriate `as` value and it is preloaded intentionally. @ https://kr.pinterest.com/:0
[  220326ms] [WARNING] The resource https://i.pinimg.com/474x/1b/7c/80/1b7c805d1bae9e4302742aef6afe4fee.jpg was preloaded using link preload but not used within a few seconds from the window's load event. Please make sure it has an appropriate `as` value and it is preloaded intentionally. @ https://kr.pinterest.com/:0
[  220326ms] [WARNING] The resource https://i.pinimg.com/236x/09/bd/f0/09bdf0d1036da833d4946112413e2d81.jpg was preloaded using link preload but not used within a few seconds from the window's load event. Please make sure it has an appropriate `as` value and it is preloaded intentionally. @ https://kr.pinterest.com/:0
[  220326ms] [WARNING] The resource https://i.pinimg.com/474x/09/81/ea/0981ea7dc74e0daf206ce8f504e661e0.jpg was preloaded using link preload but not used within a few seconds from the window's load event. Please make sure it has an appropriate `as` value and it is preloaded intentionally. @ https://kr.pinterest.com/:0
[  220326ms] [WARNING] The resource https://i.pinimg.com/474x/0f/69/b2/0f69b2aa87f46a1bd4dd9757f586d62b.jpg was preloaded using link preload but not used within a few seconds from the window's load event. Please make sure it has an appropriate `as` value and it is preloaded intentionally. @ https://kr.pinterest.com/:0
[  220326ms] [WARNING] The resource https://i.pinimg.com/474x/25/b0/4d/25b04d11417944c80ea1a9e48d26e0b7.jpg was preloaded using link preload but not used within a few seconds from the window's load event. Please make sure it has an appropriate `as` value and it is preloaded intentionally. @ https://kr.pinterest.com/:0
[  220326ms] [WARNING] The resource https://i.pinimg.com/236x/83/21/de/8321de1cfbb7a481c3c5a9c4081bb93b.jpg was preloaded using link preload but not used within a few seconds from the window's load event. Please make sure it has an appropriate `as` value and it is preloaded intentionally. @ https://kr.pinterest.com/:0
[  220326ms] [WARNING] The resource https://i.pinimg.com/236x/2b/21/12/2b21129bed9ffcf273ac8ce44ae353b5.jpg was preloaded using link preload but not used within a few seconds from the window's load event. Please make sure it has an appropriate `as` value and it is preloaded intentionally. @ https://kr.pinterest.com/:0
[  220326ms] [WARNING] The resource https://i.pinimg.com/236x/27/8d/5a/278d5aa26c03cd1df82cd7309f08a631.jpg was preloaded using link preload but not used within a few seconds from the window's load event. Please make sure it has an appropriate `as` value and it is preloaded intentionally. @ https://kr.pinterest.com/:0
[  220326ms] [WARNING] The resource https://i.pinimg.com/236x/08/f0/5a/08f05af36f156e71e8ae321a11100764.jpg was preloaded using link preload but not used within a few seconds from the window's load event. Please make sure it has an appropriate `as` value and it is preloaded intentionally. @ https://kr.pinterest.com/:0
[  220326ms] [WARNING] The resource https://i.pinimg.com/236x/28/c8/75/28c87527c5bd7236a22e720fb2d44d45.jpg was preloaded using link preload but not used within a few seconds from the window's load event. Please make sure it has an appropriate `as` value and it is preloaded intentionally. @ https://kr.pinterest.com/:0
[  220326ms] [WARNING] The resource https://i.pinimg.com/236x/9e/87/69/9e8769c56f1c6aba3b8c3114c7cbff70.jpg was preloaded using link preload but not used within a few seconds from the window's load event. Please make sure it has an appropriate `as` value and it is preloaded intentionally. @ https://kr.pinterest.com/:0
[  220326ms] [WARNING] The resource https://i.pinimg.com/236x/e7/fa/86/e7fa8622724c4d61c72de955d0b81387.jpg was preloaded using link preload but not used within a few seconds from the window's load event. Please make sure it has an appropriate `as` value and it is preloaded intentionally. @ https://kr.pinterest.com/:0
[  220326ms] [WARNING] The resource https://i.pinimg.com/474x/34/e2/7e/34e27efc47591946303d5600c0a9ec81.jpg was preloaded using link preload but not used within a few seconds from the window's load event. Please make sure it has an appropriate `as` value and it is preloaded intentionally. @ https://kr.pinterest.com/:0
[  220326ms] [WARNING] The resource https://i.pinimg.com/236x/43/1a/95/431a956c16e8d8d00a682d1c6d03a8fb.jpg was preloaded using link preload but not used within a few seconds from the window's load event. Please make sure it has an appropriate `as` value and it is preloaded intentionally. @ https://kr.pinterest.com/:0
[  220326ms] [WARNING] The resource https://i.pinimg.com/236x/1d/a4/2a/1da42afb423ee13fca6bf6c7bd68fd15.jpg was preloaded using link preload but not used within a few seconds from the window's load event. Please make sure it has an appropriate `as` value and it is preloaded intentionally. @ https://kr.pinterest.com/:0
[  220326ms] [WARNING] The resource https://i.pinimg.com/474x/14/50/c2/1450c286972ab72ee8ec801322ed7cbc.jpg was preloaded using link preload but not used within a few seconds from the window's load event. Please make sure it has an appropriate `as` value and it is preloaded intentionally. @ https://kr.pinterest.com/:0
[  220326ms] [WARNING] The resource https://i.pinimg.com/236x/92/ff/47/92ff47314e39dbc44b3dba7ddaae37de.jpg was preloaded using link preload but not used within a few seconds from the window's load event. Please make sure it has an appropriate `as` value and it is preloaded intentionally. @ https://kr.pinterest.com/:0
[  220326ms] [WARNING] The resource https://i.pinimg.com/474x/bb/e2/81/bbe28166deb75208b9193d1d89315eb3.jpg was preloaded using link preload but not used within a few seconds from the window's load event. Please make sure it has an appropriate `as` value and it is preloaded intentionally. @ https://kr.pinterest.com/:0
[  220326ms] [WARNING] The resource https://i.pinimg.com/474x/6a/d8/53/6ad8539c3a739a4b8e2d84bd290d3b79.jpg was preloaded using link preload but not used within a few seconds from the window's load event. Please make sure it has an appropriate `as` value and it is preloaded intentionally. @ https://kr.pinterest.com/:0
[  225726ms] [WARNING] The resource https://i.pinimg.com/236x/ee/23/2d/ee232db5d385af190427b563b499d380.jpg was preloaded using link preload but not used within a few seconds from the window's load event. Please make sure it has an appropriate `as` value and it is preloaded intentionally. @ https://kr.pinterest.com/:0
[  225727ms] [WARNING] The resource https://i.pinimg.com/474x/50/a4/08/50a408dd6a66974273728a70f78b5402.jpg was preloaded using link preload but not used within a few seconds from the window's load event. Please make sure it has an appropriate `as` value and it is preloaded intentionally. @ https://kr.pinterest.com/:0
[  225727ms] [WARNING] The resource https://i.pinimg.com/474x/9e/e0/6d/9ee06de8b44e9f7820eeda35de166e43.jpg was preloaded using link preload but not used within a few seconds from the window's load event. Please make sure it has an appropriate `as` value and it is preloaded intentionally. @ https://kr.pinterest.com/:0
[  225727ms] [WARNING] The resource https://i.pinimg.com/236x/2e/da/c6/2edac682cc0711795e91e381ded479f5.jpg was preloaded using link preload but not used within a few seconds from the window's load event. Please make sure it has an appropriate `as` value and it is preloaded intentionally. @ https://kr.pinterest.com/:0
[  225727ms] [WARNING] The resource https://i.pinimg.com/474x/00/b9/80/00b980476ea605ecfb1300a5e1f59e70.jpg was preloaded using link preload but not used within a few seconds from the window's load event. Please make sure it has an appropriate `as` value and it is preloaded intentionally. @ https://kr.pinterest.com/:0
[  225727ms] [WARNING] The resource https://i.pinimg.com/236x/07/94/67/07946780dde0f2e40c986b86ca2cc653.jpg was preloaded using link preload but not used within a few seconds from the window's load event. Please make sure it has an appropriate `as` value and it is preloaded intentionally. @ https://kr.pinterest.com/:0
[  225727ms] [WARNING] The resource https://i.pinimg.com/474x/a7/19/93/a719935209be09c74e38aa6e755515d1.jpg was preloaded using link preload but not used within a few seconds from the window's load event. Please make sure it has an appropriate `as` value and it is preloaded intentionally. @ https://kr.pinterest.com/:0
[  225727ms] [WARNING] The resource https://i.pinimg.com/474x/70/da/a7/70daa7903f383805ce9fd1d810d5231d.jpg was preloaded using link preload but not used within a few seconds from the window's load event. Please make sure it has an appropriate `as` value and it is preloaded intentionally. @ https://kr.pinterest.com/:0
[  225727ms] [WARNING] The resource https://i.pinimg.com/474x/89/b7/db/89b7dbba7bdf2c434cff4e261dd4b39d.jpg was preloaded using link preload but not used within a few seconds from the window's load event. Please make sure it has an appropriate `as` value and it is preloaded intentionally. @ https://kr.pinterest.com/:0
[  225727ms] [WARNING] The resource https://i.pinimg.com/236x/d6/15/eb/d615eb5ecd00f142bea8d700933e602a.jpg was preloaded using link preload but not used within a few seconds from the window's load event. Please make sure it has an appropriate `as` value and it is preloaded intentionally. @ https://kr.pinterest.com/:0
[  225727ms] [WARNING] The resource https://i.pinimg.com/236x/a5/1c/02/a51c02183396a35e73c91a8f51b1a132.jpg was preloaded using link preload but not used within a few seconds from the window's load event. Please make sure it has an appropriate `as` value and it is preloaded intentionally. @ https://kr.pinterest.com/:0
[  225727ms] [WARNING] The resource https://i.pinimg.com/236x/7f/c0/a7/7fc0a74c8f01257729566e5c524494d9.jpg was preloaded using link preload but not used within a few seconds from the window's load event. Please make sure it has an appropriate `as` value and it is preloaded intentionally. @ https://kr.pinterest.com/:0
[  225727ms] [WARNING] The resource https://i.pinimg.com/236x/25/4d/a1/254da18932097a43457d83bee029c2aa.jpg was preloaded using link preload but not used within a few seconds from the window's load event. Please make sure it has an appropriate `as` value and it is preloaded intentionally. @ https://kr.pinterest.com/:0
[  225727ms] [WARNING] The resource https://i.pinimg.com/236x/1b/7b/3b/1b7b3b9367976c2595bbd3d9bb4ee49d.jpg was preloaded using link preload but not used within a few seconds from the window's load event. Please make sure it has an appropriate `as` value and it is preloaded intentionally. @ https://kr.pinterest.com/:0
[  225727ms] [WARNING] The resource https://i.pinimg.com/474x/b6/d8/d8/b6d8d8b6f5148aeaf03da762c5153a8b.jpg was preloaded using link preload but not used within a few seconds from the window's load event. Please make sure it has an appropriate `as` value and it is preloaded intentionally. @ https://kr.pinterest.com/:0
[  225727ms] [WARNING] The resource https://i.pinimg.com/236x/0b/5c/97/0b5c973c59c28160bdb25d92f0544d33.jpg was preloaded using link preload but not used within a few seconds from the window's load event. Please make sure it has an appropriate `as` value and it is preloaded intentionally. @ https://kr.pinterest.com/:0
[  225727ms] [WARNING] The resource https://i.pinimg.com/236x/66/04/78/6604787a6521e8cee548eb6008f7a7ec.jpg was preloaded using link preload but not used within a few seconds from the window's load event. Please make sure it has an appropriate `as` value and it is preloaded intentionally. @ https://kr.pinterest.com/:0
[  225727ms] [WARNING] The resource https://i.pinimg.com/236x/ad/72/bf/ad72bffd03a1ad97775e4f8e8a08878c.jpg was preloaded using link preload but not used within a few seconds from the window's load event. Please make sure it has an appropriate `as` value and it is preloaded intentionally. @ https://kr.pinterest.com/:0
[  225727ms] [WARNING] The resource https://i.pinimg.com/236x/34/86/19/348619194f8731ee85bd70dbbafd0aa0.jpg was preloaded using link preload but not used within a few seconds from the window's load event. Please make sure it has an appropriate `as` value and it is preloaded intentionally. @ https://kr.pinterest.com/:0
[  225727ms] [WARNING] The resource https://i.pinimg.com/236x/96/86/8d/96868d31beb53576ff7df531ebaced18.jpg was preloaded using link preload but not used within a few seconds from the window's load event. Please make sure it has an appropriate `as` value and it is preloaded intentionally. @ https://kr.pinterest.com/:0
[  225727ms] [WARNING] The resource https://i.pinimg.com/474x/c0/b1/d8/c0b1d800bfbb4ae0ffea1e0669f2af14.jpg was preloaded using link preload but not used within a few seconds from the window's load event. Please make sure it has an appropriate `as` value and it is preloaded intentionally. @ https://kr.pinterest.com/:0
[  225727ms] [WARNING] The resource https://i.pinimg.com/236x/e6/c1/28/e6c128b58c4d24dda919fc0696a04e77.jpg was preloaded using link preload but not used within a few seconds from the window's load event. Please make sure it has an appropriate `as` value and it is preloaded intentionally. @ https://kr.pinterest.com/:0
[  225727ms] [WARNING] The resource https://i.pinimg.com/236x/01/86/b2/0186b2a08e4649069418921886abd622.jpg was preloaded using link preload but not used within a few seconds from the window's load event. Please make sure it has an appropriate `as` value and it is preloaded intentionally. @ https://kr.pinterest.com/:0
[  225727ms] [WARNING] The resource https://i.pinimg.com/236x/d4/e6/52/d4e652fa0e444c5585f2f0405d54c792.jpg was preloaded using link preload but not used within a few seconds from the window's load event. Please make sure it has an appropriate `as` value and it is preloaded intentionally. @ https://kr.pinterest.com/:0
[  225727ms] [WARNING] The resource https://i.pinimg.com/236x/3c/08/5f/3c085f5cd62821b6e3c7c34228180734.jpg was preloaded using link preload but not used within a few seconds from the window's load event. Please make sure it has an appropriate `as` value and it is preloaded intentionally. @ https://kr.pinterest.com/:0
[  225727ms] [WARNING] The resource https://i.pinimg.com/474x/85/7f/dd/857fdd2df62b1327ae9ed30a6ef60c49.jpg was preloaded using link preload but not used within a few seconds from the window's load event. Please make sure it has an appropriate `as` value and it is preloaded intentionally. @ https://kr.pinterest.com/:0
[  225727ms] [WARNING] The resource https://i.pinimg.com/474x/1b/7c/80/1b7c805d1bae9e4302742aef6afe4fee.jpg was preloaded using link preload but not used within a few seconds from the window's load event. Please make sure it has an appropriate `as` value and it is preloaded intentionally. @ https://kr.pinterest.com/:0
[  225727ms] [WARNING] The resource https://i.pinimg.com/236x/09/bd/f0/09bdf0d1036da833d4946112413e2d81.jpg was preloaded using link preload but not used within a few seconds from the window's load event. Please make sure it has an appropriate `as` value and it is preloaded intentionally. @ https://kr.pinterest.com/:0
[  225727ms] [WARNING] The resource https://i.pinimg.com/474x/09/81/ea/0981ea7dc74e0daf206ce8f504e661e0.jpg was preloaded using link preload but not used within a few seconds from the window's load event. Please make sure it has an appropriate `as` value and it is preloaded intentionally. @ https://kr.pinterest.com/:0
[  225727ms] [WARNING] The resource https://i.pinimg.com/474x/0f/69/b2/0f69b2aa87f46a1bd4dd9757f586d62b.jpg was preloaded using link preload but not used within a few seconds from the window's load event. Please make sure it has an appropriate `as` value and it is preloaded intentionally. @ https://kr.pinterest.com/:0
[  225727ms] [WARNING] The resource https://i.pinimg.com/474x/25/b0/4d/25b04d11417944c80ea1a9e48d26e0b7.jpg was preloaded using link preload but not used within a few seconds from the window's load event. Please make sure it has an appropriate `as` value and it is preloaded intentionally. @ https://kr.pinterest.com/:0
[  225727ms] [WARNING] The resource https://i.pinimg.com/236x/83/21/de/8321de1cfbb7a481c3c5a9c4081bb93b.jpg was preloaded using link preload but not used within a few seconds from the window's load event. Please make sure it has an appropriate `as` value and it is preloaded intentionally. @ https://kr.pinterest.com/:0
[  225727ms] [WARNING] The resource https://i.pinimg.com/236x/2b/21/12/2b21129bed9ffcf273ac8ce44ae353b5.jpg was preloaded using link preload but not used within a few seconds from the window's load event. Please make sure it has an appropriate `as` value and it is preloaded intentionally. @ https://kr.pinterest.com/:0
[  225727ms] [WARNING] The resource https://i.pinimg.com/236x/27/8d/5a/278d5aa26c03cd1df82cd7309f08a631.jpg was preloaded using link preload but not used within a few seconds from the window's load event. Please make sure it has an appropriate `as` value and it is preloaded intentionally. @ https://kr.pinterest.com/:0
[  225727ms] [WARNING] The resource https://i.pinimg.com/236x/08/f0/5a/08f05af36f156e71e8ae321a11100764.jpg was preloaded using link preload but not used within a few seconds from the window's load event. Please make sure it has an appropriate `as` value and it is preloaded intentionally. @ https://kr.pinterest.com/:0
[  225727ms] [WARNING] The resource https://i.pinimg.com/236x/28/c8/75/28c87527c5bd7236a22e720fb2d44d45.jpg was preloaded using link preload but not used within a few seconds from the window's load event. Please make sure it has an appropriate `as` value and it is preloaded intentionally. @ https://kr.pinterest.com/:0
[  225727ms] [WARNING] The resource https://i.pinimg.com/236x/9e/87/69/9e8769c56f1c6aba3b8c3114c7cbff70.jpg was preloaded using link preload but not used within a few seconds from the window's load event. Please make sure it has an appropriate `as` value and it is preloaded intentionally. @ https://kr.pinterest.com/:0
[  225727ms] [WARNING] The resource https://i.pinimg.com/236x/e7/fa/86/e7fa8622724c4d61c72de955d0b81387.jpg was preloaded using link preload but not used within a few seconds from the window's load event. Please make sure it has an appropriate `as` value and it is preloaded intentionally. @ https://kr.pinterest.com/:0
[  225727ms] [WARNING] The resource https://i.pinimg.com/474x/34/e2/7e/34e27efc47591946303d5600c0a9ec81.jpg was preloaded using link preload but not used within a few seconds from the window's load event. Please make sure it has an appropriate `as` value and it is preloaded intentionally. @ https://kr.pinterest.com/:0
[  225727ms] [WARNING] The resource https://i.pinimg.com/236x/43/1a/95/431a956c16e8d8d00a682d1c6d03a8fb.jpg was preloaded using link preload but not used within a few seconds from the window's load event. Please make sure it has an appropriate `as` value and it is preloaded intentionally. @ https://kr.pinterest.com/:0
[  225727ms] [WARNING] The resource https://i.pinimg.com/236x/1d/a4/2a/1da42afb423ee13fca6bf6c7bd68fd15.jpg was preloaded using link preload but not used within a few seconds from the window's load event. Please make sure it has an appropriate `as` value and it is preloaded intentionally. @ https://kr.pinterest.com/:0
[  225727ms] [WARNING] The resource https://i.pinimg.com/474x/14/50/c2/1450c286972ab72ee8ec801322ed7cbc.jpg was preloaded using link preload but not used within a few seconds from the window's load event. Please make sure it has an appropriate `as` value and it is preloaded intentionally. @ https://kr.pinterest.com/:0
[  225727ms] [WARNING] The resource https://i.pinimg.com/236x/92/ff/47/92ff47314e39dbc44b3dba7ddaae37de.jpg was preloaded using link preload but not used within a few seconds from the window's load event. Please make sure it has an appropriate `as` value and it is preloaded intentionally. @ https://kr.pinterest.com/:0
[  225727ms] [WARNING] The resource https://i.pinimg.com/474x/bb/e2/81/bbe28166deb75208b9193d1d89315eb3.jpg was preloaded using link preload but not used within a few seconds from the window's load event. Please make sure it has an appropriate `as` value and it is preloaded intentionally. @ https://kr.pinterest.com/:0
[  225727ms] [WARNING] The resource https://i.pinimg.com/474x/6a/d8/53/6ad8539c3a739a4b8e2d84bd290d3b79.jpg was preloaded using link preload but not used within a few seconds from the window's load event. Please make sure it has an appropriate `as` value and it is preloaded intentionally. @ https://kr.pinterest.com/:0
